event_id,operator,operator_normalized,sub_brand,venue_id,institution,venue_name_as_written,event_type,event_date,date_precision,first_outsourcing,contract_value_usd,contract_length_years,losing_bidders,source_publication,source_date,source_title,source_file,extraction_confidence,needs_review,notes,extras
ev_081648386db6d225,Aramark Correctional Services LLC,Aramark Correctional Services LLC,,,El Paso County,El Paso County Criminal Justice Center,lost,2016-08-31,exact,,,18,,|Colorado Springs Independent; Colorado Springs |,2017-02-07,GRUEL & UNUSUAL,articles/raw/usb1/Aramark/ProQuestDocuments-2026-07-29 (1).rtf,0.92,True,No matching venue_id in candidate list. Article states Aramark held the contract for 18 years under a series of negotiated deals. Aramark completed 'all responsibilities through the last meal we were contracted to provide on August 31.' Lost to Trinity Services Group.,"{""annual_value_2015_2016"": 1890980, ""commissary_revenue_june_to_nov"": 165700}"
ev_8c55b6dc2f6bc177,Trinity Services Group,Trinity Services Group,,,El Paso County,El Paso County Criminal Justice Center,won,2016-09-01,month,,,5,,|Colorado Springs Independent; Colorado Springs |,2017-02-07,GRUEL & UNUSUAL,articles/raw/usb1/Aramark/ProQuestDocuments-2026-07-29 (1).rtf,0.92,True,"No matching venue_id in candidate list. Trinity Services Group of Oldsmar, Florida took over in September (2016). Five-year contract renewable annually with 3% annual price escalators. 2017 cost is $1,985,529. Operator not on known crosswalk list.","{""annual_value_2017"": 1985529, ""cost_per_meal_range"": ""$1.01 to $1.26"", ""kosher_meal_cost"": 3.5, ""annual_escalator_pct"": 3, ""incumbent"": ""Aramark Correctional Services LLC"", ""commissary_also_operated"": true}"
ev_cd58e0f13974709c,Trinity Services Group,Trinity Services Group,,,Michigan Department of Corrections,Michigan Department of Corrections,violation,,approx,,,,,|Crain's Detroit Business; Detroit |,2017-01-30,MICHIGAN BRIEFS,articles/raw/usb1/Aramark/ProQuestDocuments-2026-07-29 (1).rtf,0.75,True,"Article reports $2M+ in penalties for unauthorized meal substitutions, delays, inadequate staffing, and sanitation violations since Trinity began providing meals in Sept 2015. No matching venue_id; this is a state prison system, not a stadium/arena/convention center. Operator not on known crosswalk.","{""penalty_amount_usd"": 2000000, ""contract_start"": ""2015-09"", ""violations"": [""unauthorized meal substitutions"", ""delays serving meals"", ""inadequate staffing levels"", ""sanitation violations""]}"
ev_703d633fc8161141,Aramark Correctional Services,Aramark Correctional Services,Aramark Correctional Services,,Michigan Department of Corrections,Michigan Department of Corrections,expired,2015-09-01,month,,,,,|Crain's Detroit Business; Detroit |,2017-01-30,MICHIGAN BRIEFS,articles/raw/usb1/Aramark/ProQuestDocuments-2026-07-29 (1).rtf,0.7,True,"Article says the state and Aramark Correctional Services 'ended their contract early,' and Trinity began in September 2015. No matching venue_id; this is a state prison system. Date inferred from Trinity's start date. Sub-brand is Aramark Correctional Services.",
ev_381cdc07c31d6d85,Trinity Services Group,Trinity Services Group,,,Michigan Department of Corrections,Michigan Department of Corrections,won,2015-09-01,month,,,,,|Crain's Detroit Business; Detroit |,2017-01-30,MICHIGAN BRIEFS,articles/raw/usb1/Aramark/ProQuestDocuments-2026-07-29 (1).rtf,0.8,True,"Article states Trinity began providing meals in September 2015, replacing Aramark. No matching venue_id; this is a state prison system, not a stadium/arena/convention center. Operator not on known crosswalk.","{""headquarters"": ""Oldsmar, FL""}"
ev_71d0143d9b28035d,Aramark,Aramark,,wd-Q238101,University of Minnesota,University of Minnesota,won,1998-01-01,year,,,12,,|University Wire; Carlsbad |,2017-01-19,"After complaints over U food service, Student Senate taking steps to address issues",articles/raw/usb1/Aramark/ProQuestDocuments-2026-07-29 (1).rtf,0.85,False,"Article states 'Aramark first provided food service to the University's Twin Cities campus in 1998' and mentions a 12-year contract. The 12-year term may refer to a later contract or renewal rather than the original 1998 start, but the article is not fully clear on this.","{""performance_bonus"": ""$50,000 annually if benchmarks met in 15 areas"", ""campus"": ""Twin Cities""}"
ev_71ed24575f11b40f,Aramark,Aramark,,,Northwest Missouri State University,Northwest Missouri State University,self_op,2017-04-03,exact,,,,,|University Wire; Carlsbad |,2017-01-18,Campus dropping Aramark for facilities,articles/raw/usb1/Aramark/ProQuestDocuments-2026-07-29 (1).rtf,0.85,True,"No matching venue_id in candidates. Article is about Northwest Missouri State University in Maryville, MO, not University of Minnesota. The contract is for total facility management services (maintenance, custodial, landscaping, energy management, etc.), not food-service concessions. The university is taking these services in-house effective April 3, 2017. This may not be a food-service contract at all — needs review. The Aramark relationship dates back more than 30 years.","{""service_type"": ""total facility management (maintenance, custodial, landscaping, sustainability, capital programs, energy management, environmental health and safety)"", ""not_food_service"": true, ""relationship_duration"": ""more than 30 years"", ""termination_notice_days"": 90, ""aramark_employees_on_account"": 4}"
ev_4e6c6c0add92e0f7,Aramark,Aramark,,,Northwest Missouri State University,Northwest Missouri State University,lost,2017-04-03,exact,,,,,|University Wire; Carlsbad |,2017-01-18,Campus dropping Aramark for facilities,articles/raw/usb1/Aramark/ProQuestDocuments-2026-07-29 (1).rtf,0.85,True,"Aramark lost this contract because the university is bringing services in-house (self_op). Paired with self_op event. No matching venue_id — article is about Northwest Missouri State University, not University of Minnesota. Contract is for facility management services, NOT food service — may be out of scope entirely.","{""service_type"": ""total facility management"", ""not_food_service"": true}"
ev_82303a72f0ac0128,Aramark,Aramark,,,Temple University,Temple University,won,2017-05-13,exact,,,15,,|University Wire; Carlsbad |,2017-01-17,TSG to join Aramark transition talks,articles/raw/usb1/Aramark/ProQuestDocuments-2026-07-29 (1).rtf,0.92,True,No venue_id match. Board of Trustees approved Aramark; transition originally July 1 but moved to May 13. 15-year contract. The venue is Temple University campus dining (Student Center and other locations).,
ev_fc526f07acd7b9b6,Sodexo,Sodexo,,,Temple University,Temple University,lost,2017-05-13,exact,,,,,|University Wire; Carlsbad |,2017-01-17,TSG to join Aramark transition talks,articles/raw/usb1/Aramark/ProQuestDocuments-2026-07-29 (1).rtf,0.9,True,"No venue_id match. Sodexo served Temple for 28 years and is being replaced by Aramark. Transition date May 13, 2017.",
ev_14dd6c82c54ef417,Aramark,Aramark,,,Temple University,Temple University,won,2017-05-01,month,,,,,|University Wire; Carlsbad |,2017-01-17,Keep students involved,articles/raw/usb1/Aramark/ProQuestDocuments-2026-07-29 (1).rtf,0.9,True,No venue_id match. Board of Trustees approved the switch in October (2016). Aramark replaces Sodexo effective May 2017.,
ev_48562a06ad6d72c9,Sodexo,Sodexo,,,Temple University,Temple University,lost,2017-05-01,month,,,,,|University Wire; Carlsbad |,2017-01-17,Keep students involved,articles/raw/usb1/Aramark/ProQuestDocuments-2026-07-29 (1).rtf,0.9,True,No venue_id match. Sodexo is the incumbent being replaced by Aramark effective May 2017. Board of Trustees approved the switch in October 2016.,
ev_7540d3607e1095f3,Aramark,Aramark,,,Temple University,Temple,won,2016-10-01,month,,,15,,|University Wire; Carlsbad |,2016-12-29,Top 10 News Topics of 2016,articles/raw/usb1/Aramark/ProQuestDocuments-2026-07-29 (1).rtf,0.85,True,"Article says 'the following month' (October) Temple announced Aramark would take over with a 15-year contract. No specific venue named—this is university-wide food service (dining), not a specific stadium/arena contract. No candidate venue matches university dining. Venue ID left null.","{""context"": ""University-wide dining/food service contract, replacing Sodexo after 28 years"", ""incumbent"": ""Sodexo""}"
ev_7984a6913c9c631d,Sodexo,Sodexo,,,Temple University,Temple,lost,2016-10-01,month,,,,,|University Wire; Carlsbad |,2016-12-29,Top 10 News Topics of 2016,articles/raw/usb1/Aramark/ProQuestDocuments-2026-07-29 (1).rtf,0.85,True,Sodexo had been with Temple for 28 years and was replaced by Aramark. No specific venue named—university-wide dining. Venue ID left null as no candidate venue matches.,"{""tenure_years"": 28, ""context"": ""University-wide dining/food service contract""}"
ev_c045149db3a8ed89,Aramark,Aramark,,,Georgetown University,Leo O'Donovan dining hall,renewed,2017-01-01,year,,,,,|University Wire; Carlsbad |,2016-12-12,Leo’s set to undergo renovations,articles/raw/usb1/Aramark/ProQuestDocuments-2026-07-29 (1).rtf,0.8,True,"Article describes a new contract between Georgetown and Aramark, their current dining services provider. This is a university dining hall, not one of the candidate venues (RFK Stadium or D.C. Armory). Changes scheduled to be fully in place by start of 2017-2018 academic year. Venue is campus dining, not a stadium/arena.","{""note"": ""University campus dining, not a stadium/arena venue. Several other dining service providers were explored but Georgetown stayed with Aramark under a new contract.""}"
ev_837d0b24b8c555f1,Aramark,Aramark,,,Georgetown University,Leo O'Donovan dining hall,renewed,,approx,,,,,|University Wire; Carlsbad |,2016-12-12,Leo’s set to undergo renovations,articles/raw/usb1/Aramark/ProQuestDocuments-2026-07-29 (1).rtf,0.75,True,"Article describes a new contract between Georgetown University and Aramark, its current dining services provider, for renovations of Leo O'Donovan dining hall and Hoya Court. No candidate venue matches a Georgetown University dining hall. The contract is described as decided ('it was decided that the renovations will occur under a new contract'). Changes scheduled to be fully in place by start of 2017-2018 academic year. Since Aramark is described as the current provider getting a new contract, this is treated as a renewal.","{""initiative_details"": ""Renovations to dining halls, new retail dining options, revised buffet-style format, improved vegan/vegetarian options, dietary restriction accommodations"", ""just_employment_policy"": true}"
ev_c31a24d22eb0cda2,Aramark Food Services,Aramark Food Services,,,Florida State University,FSU,expired,2018-07-01,month,,,,,"|Tallahassee Democrat; Tallahassee, Fla. |",2016-12-12,FSU debates dining contract with Aramark,articles/raw/usb1/Aramark/ProQuestDocuments-2026-07-29 (1).rtf,0.85,True,Article states the Aramark contract 'will expire in July 2018'. No candidate venue matched. Aramark has held the contract since 2003. The article describes an ongoing search/evaluation process for a successor but no award has been made.,"{""contract_start_year"": 2003, ""open_forums_planned"": ""January 2017"", ""voting_committee_size"": 5, ""student_voters"": 1, ""student_technical_advisors"": 3}"
ev_d8f59974003adf6e,Aramark,Aramark,,,Temple University,Temple University,won,,approx,,,,,|University Wire; Carlsbad |,2016-12-06,Sugary drink tax could affect future meal plans,articles/raw/usb1/Aramark/ProQuestDocuments-2026-07-29 (1).rtf,0.6,True,"Article says Aramark is 'soon to be the university's food service provider,' implying the contract has been awarded but service has not yet started. No venue in candidate list. No specific start date given; article is from Dec 2016 and references 2017-18 academic year planning. The phrasing suggests a decided award rather than a pending decision, but timing is uncertain.",
ev_e6ffa84cb1155276,ARA Services,Aramark,,,Clemson University,Clemson,won,1969-01-01,year,,,,,|Food Management; Cleveland |,2016-12-01,Clemson gets fresh new facility,articles/raw/usb1/Aramark/ProQuestDocuments-2026-07-29 (1).rtf,0.85,True,"Article states 'Aramark has managed foodservice at Clemson since 1969, when it was ARA Services.' This is a campus-wide dining contract, not a stadium concession contract. No candidate venue matches the Clemson campus dining facilities. The nearby Memorial Stadium (wd-Q543579) is mentioned but only as a geographic reference, not as the venue under contract. Venue ID set to null because the contract is for campus dining, not the stadium.","{""context"": ""Campus dining contract, not stadium concessions. Fresh Food Company dining hall opened as part of Core Campus project.""}"
ev_84ef7e515261dada,Aramark,Aramark,Fresh Food Company,,Clemson University,Clemson,initiative,2016-01-01,approx,,,,,|Food Management; Cleveland |,2016-12-01,Clemson gets fresh new facility,articles/raw/usb1/Aramark/ProQuestDocuments-2026-07-29 (1).rtf,0.8,True,"Opening of Fresh Food Company dining hall as part of $96M Core Campus project. Broke ground in 2014; article published Dec 2016 describing facility as operational. Exact opening date not stated. No venue ID match — this is a campus dining facility, not a stadium.","{""project_name"": ""Core Campus"", ""project_cost_usd"": 96000000, ""facility_sqft"": 260000, ""dining_sqft"": 78000, ""seating_capacity"": 900, ""branded_restaurants"": [""Raising Cane's"", ""Which Wich"", ""Twisted Taco"", ""Starbucks""], ""replaces"": ""Harcombe Dining Hall""}"
ev_2e613f83a9ed12fe,Aramark,Aramark,,,Vassar College,the Deece,lost,2017-01-01,approx,,,,,|University Wire; Carlsbad |,2016-11-30,VFR tracks a dinner’s food waste,articles/raw/usb1/Aramark/ProQuestDocuments-2026-07-29 (1).rtf,0.85,True,"Article says 'In the fall of 2017 Vassar is switching food service providers from Aramark to Bon Appétit.' This is presented as a decided transition per an April 5 school-wide email from the Dean, not a pending decision. No candidate venue matches Vassar College / the Deece / ACDC. Date is 'fall of 2017' so approximate.","{""meal_plan_change"": ""switching from all-you-can-eat swipe system to all-access blanket fee plan""}"
ev_9f03a8a9bbee074c,Bon Appétit,Compass,Bon Appétit,,Vassar College,the Deece,won,2017-01-01,approx,,,,,|University Wire; Carlsbad |,2016-11-30,VFR tracks a dinner’s food waste,articles/raw/usb1/Aramark/ProQuestDocuments-2026-07-29 (1).rtf,0.85,True,"Article says 'In the fall of 2017 Vassar is switching food service providers from Aramark to Bon Appétit,' per a Dean's email announcing the decision. No candidate venue matches Vassar College. Date is 'fall of 2017' so approximate.","{""meal_plan_change"": ""switching from all-you-can-eat swipe system to all-access blanket fee plan""}"
ev_4605d693ee6f70b1,Aramark,Aramark,,wd-Q603034,Drexel University,Drexel University,won,,approx,,,,,|Fair Disclosure Wire; Linthicum |,2016-11-15,Q4 2016 Aramark Earnings Call - Final,articles/raw/usb1/Aramark/ProQuestDocuments-2026-07-29 (1).rtf,0.82,True,"Eric Foss states 'we've recently signed two leading universities, Drexel University and Temple University'. No specific date given; described as recent. Likely an education/dining contract. Date needs review.",
ev_556e2b87ec155c0b,Aramark,Aramark,,wd-Q7929512,,US Bank Stadium,won,2016-01-01,year,,,,,|Fair Disclosure Wire; Linthicum |,2016-11-15,Q4 2016 Aramark Earnings Call - Final,articles/raw/usb1/Aramark/ProQuestDocuments-2026-07-29 (1).rtf,0.85,False,"Eric Foss states 'We opened the new US Bank Stadium, home of the Minnesota Vikings' in context of NFL season and serving fans at 11 stadiums. US Bank Stadium opened in 2016. This indicates Aramark operates concessions there.","{""num_nfl_stadiums_served"": 11}"
ev_151d52e651c23ef4,Aramark,Aramark,,wd-Q603034,Drexel University,Drexel University,won,2016-01-01,approx,,,,,|Fair Disclosure Wire; Linthicum |,2016-11-15,Event Brief of Q4 2016 Aramark Earnings Call - Final,articles/raw/usb1/Aramark/ProQuestDocuments-2026-07-29 (1).rtf,0.8,True,"Aramark CEO states they 'recently signed two leading universities, Drexel University and Temple University' in Philadelphia. No exact date given; described as recent during FY16 earnings call (FY16 ended ~Oct 2016). Date is approximate.",
ev_6577b229781263b6,Aramark,Aramark,,,Temple University,Temple University,won,2016-01-01,approx,,,,,|Fair Disclosure Wire; Linthicum |,2016-11-15,Event Brief of Q4 2016 Aramark Earnings Call - Final,articles/raw/usb1/Aramark/ProQuestDocuments-2026-07-29 (1).rtf,0.8,True,Aramark CEO states they 'recently signed' Temple University. No candidate venue matches. No exact date; described as recent during FY16 earnings call.,
ev_afcf646fb820ea39,Aramark,Aramark,,wd-Q7929512,,US Bank Stadium,won,2016-01-01,year,,,,,|Fair Disclosure Wire; Linthicum |,2016-11-15,Event Brief of Q4 2016 Aramark Earnings Call - Final,articles/raw/usb1/Aramark/ProQuestDocuments-2026-07-29 (1).rtf,0.85,False,"Aramark CEO states they 'Opened new US Bank Stadium, home of Minnesota Vikings' as part of their NFL season. This confirms Aramark holds the concessions contract at the new stadium which opened in 2016.",
ev_4491deab17382d16,Sodexo,Sodexo,,,Brandeis University,Brandeis,won,2013-01-01,year,,,,,|University Wire; Carlsbad |,2016-11-14,BLC petitions for better treatment of Sodexo workers,articles/raw/usb1/Aramark/ProQuestDocuments-2026-07-29 (1).rtf,0.75,True,"Article states 'Sodexo took over from Aramark in 2013'. No candidate venue matched; venue_id null. This is a university dining contract, not a stadium/arena.",
ev_c77ab15efced105c,Aramark,Aramark,,,Brandeis University,Brandeis,lost,2013-01-01,year,,,,,|University Wire; Carlsbad |,2016-11-14,BLC petitions for better treatment of Sodexo workers,articles/raw/usb1/Aramark/ProQuestDocuments-2026-07-29 (1).rtf,0.75,True,"Article states 'Sodexo took over from Aramark in 2013'. No candidate venue matched; venue_id null. This is a university dining contract, not a stadium/arena.",
ev_d9e12110a28d4aa5,Aramark,Aramark,,,Scranton School District,Neil Armstrong Elementary,violation,2016-11-07,exact,,,,,"|The Times - Tribune; Scranton, Pa. |",2016-11-10,Scranton Schools To Investigate Health Concerns; Board Hires Principals,articles/raw/usb1/Aramark/ProQuestDocuments-2026-07-29 (1).rtf,0.75,True,"Aramark served moldy bagels to four students on Monday (Nov 7). No candidate venue matches Neil Armstrong Elementary. This is a school, not a stadium/arena/convention center, so may be out of scope for the venue spine. The article also confirms Aramark is the district's food service company but reports no contract award, renewal, or other contract event.",
ev_f6b78a138640f421,Aramark,Aramark,,,Scranton School District,Neil Armstrong Elementary,violation,2016-11-07,exact,,,,,|TCA Regional News; Chicago |,2016-11-10,Scranton schools to investigate health concerns; board hires principals,articles/raw/usb1/Aramark/ProQuestDocuments-2026-07-29 (1).rtf,0.75,True,"Article reports Aramark served moldy bagels to four students at Neil Armstrong Elementary on Monday (2016-11-07). This is a food safety violation at a school, not a stadium/arena/convention center venue. No matching venue in candidate list. Venue is an elementary school, outside the typical scope of stadium/arena tracking.","{""incident_detail"": ""moldy bagels served to four students; one student consumed the bagel""}"
ev_3e9dcb397dbe5cb5,Aramark,Aramark,,,,the university,renewed,2016-11-01,month,,,10,"[""Sodexo""]",|MENA Report; Camden |,2016-11-09,United States : Aramark to remain universitys dining contractor under extended deal,articles/raw/usb1/Aramark/ProQuestDocuments-2026-07-29 (1).rtf,0.75,True,"Article refers to 'the university' without naming it explicitly. Source title says 'universitys dining contractor' but doesn't name the university. References to Leo's, O'Donovan Hall, and COO Christopher Augostini suggest Georgetown University, but this is not stated in the body text. No candidate venue matches. The announcement was made via email on a Tuesday; source_date is 2016-11-09 which is a Wednesday, so the announcement was likely Nov 8. Yearlong bid process between Aramark and Sodexo ended with Aramark retaining the contract for 10 more years.","{""likely_institution"": ""Georgetown University"", ""food_court_conversion"": ""O'Donovan Hall first floor and Leo's top floor"", ""named_retail_providers"": [""District Donuts""]}"
ev_e84274ac3f11ecd3,Aramark,Aramark,,,Georgetown University,Leo's,won,2016-11-01,exact,,,10,"[""Sodexo""]",|University Wire; Carlsbad |,2016-11-08,Aramark Workers Left Out of Dining Contract Negotiations,articles/raw/usb1/Aramark/ProQuestDocuments-2026-07-29 (1).rtf,0.85,True,"No venue_id match. Aramark selected as Georgetown University's dining contractor for 10 years, announced Nov. 1. Venue is Georgetown University dining (Leo's / O'Donovan Hall). Article mentions renovation of O'Donovan Hall. Sodexo was the other finalist but it's unclear if Sodexo was the incumbent or just a competing bidder—article does not explicitly name the incumbent operator being replaced.","{""renovation"": ""O'Donovan Hall upper level converted to food court with eight dining offerings"", ""worker_protections"": ""All dining workers keep jobs under Just Employment Policy"", ""union_notes"": ""Workers reached contract agreement April 2015 including unionization plan, 40-hour paid work week, cheaper health insurance""}"
ev_f587c1b0c7582dbc,Aramark,Aramark,,,University of Toronto,University of Toronto,lost,2016-01-01,month,,,,,|Maclean's; Toronto |,2016-11-07,A great campus food makeover,articles/raw/usb1/Aramark/ProQuestDocuments-2026-07-29 (1).rtf,0.9,True,"No matching venue_id — University of Toronto St. George campus is a Canadian university, not in our venue list. Article states in January 2016 U of T announced it would not renew its contract with Aramark, which had operated for over 10 years. Aramark's contract was not renewed (lost to self-operation).","{""previous_contract_duration"": ""over 10 years"", ""campus"": ""St. George""}"
ev_3d844a0a15b3ac55,University of Toronto,University of Toronto,,,University of Toronto,University of Toronto,self_op,2016-01-01,month,,,,,|Maclean's; Toronto |,2016-11-07,A great campus food makeover,articles/raw/usb1/Aramark/ProQuestDocuments-2026-07-29 (1).rtf,0.9,True,"No matching venue_id — University of Toronto St. George campus is a Canadian university. Article states U of T announced in January 2016 it would provide food services independently across the entire St. George campus, replacing Aramark. Self-operation only applies to St. George campus; Scarborough and Mississauga campuses remain with third-party service.","{""campus"": ""St. George"", ""daily_meals_retail"": 8000, ""daily_meals_residence"": 6000, ""students_served"": 85000}"
ev_716d2f043253c1d4,Aramark,Aramark,,,Georgetown University,Georgetown,renewed,2016-11-01,month,,,10,"[""Sodexo""]",|University Wire; Carlsbad |,2016-11-04,University Renews Aramark Contract,articles/raw/usb1/Aramark/ProQuestDocuments-2026-07-29 (1).rtf,0.92,True,"No candidate venue matches Georgetown University dining facilities (Leo's, Hoya Court, O'Donovan Hall). These are university dining locations, not stadiums/arenas. Article says Aramark renewed as dining contractor for 10 years after a yearlong bid process where Sodexo was the other finalist. Exact announcement date appears to be early November 2016 (campuswide email Tuesday before the Nov 4 article).","{""renovations_planned"": ""Leo's first floor converted to food court, Hoya Court reimagined"", ""named_incumbent"": ""Aramark (renewal)""}"
ev_6f1ae27c0718d04f,Aramark,Aramark,,,Georgetown University,Georgetown University,renewed,2016-11-01,month,,,10,"[""Sodexo""]",|University Wire; Carlsbad |,2016-11-04,"Khan, Fisk Reassess Priorities",articles/raw/usb1/Aramark/ProQuestDocuments-2026-07-29 (1).rtf,0.9,True,"Article says the university announced Tuesday (Nov 1, 2016) that Aramark will continue as dining contractor for 10 years following a long bid process. No candidate venue matches Georgetown University dining; Yates Field House is mentioned but only in context of campus plan reconstruction, not as the dining venue. Setting venue_id to null.","{""renovation_details"": ""Renovation of O'Donovan Hall to include food court for meal exchanges on top floor and healthier buffet option on bottom floor, expanded meal exchange options, new meal plans"", ""named_competitor"": ""Sodexo""}"
ev_5655db073e1031e4,Aramark,Aramark,,wd-Q603034,Drexel University,Drexel University,won,2016-11-01,approx,,,,,"|Philadelphia Daily News; Philadelphia, Pa. |",2016-11-03,Local rankings,articles/raw/usb1/Aramark/ProQuestDocuments-2026-07-29 (1).rtf,0.9,False,"Article says 'This week, Aramark took over the Drexel dining program.' Article published 2016-11-03, so 'this week' is approximately early November 2016. Date set to Nov 1 as approximate.",
ev_0e17dc4174d54b02,Aramark,Aramark,,wd-Q7929512,Minnesota Vikings,U.S. Bank Stadium,won,2016-01-01,year,,,,,"|Star Tribune; Minneapolis, Minn. |",2016-11-03,skol!: Critic Rick Nelson picks the good catches and the fumbles of the food at U.S. Bank Stadium.,articles/raw/usb1/Aramark/ProQuestDocuments-2026-07-29 (1).rtf,0.85,False,Article states Aramark 'won the contract to run the all-important catering operations at the new home of the Minnesota Vikings.' U.S. Bank Stadium opened in 2016. No specific contract date given; using 2016 as the year the stadium opened and the contract began.,"{""local_chef_partners"": [""Andrew Zimmern"", ""Gavin Kaysen"", ""Thomas Boemer""], ""local_vendors"": [""Revival"", ""AZ Canteen Rotisserie"", ""AZ Canteen Hoagies"", ""Prairie Dogs"", ""Kramarczuk's"", ""Ike's"", ""R Taco"", ""Caribou Coffee"", ""Twin City Foodies""]}"
ev_2f99897144dd3225,Aramark,Aramark,,,James Madison University,JMU Dining Services,won,2000-01-01,year,,,35,,|University Wire; Carlsbad |,2016-11-03,Animal-rights organization urges Aramark to improve chicken welfare,articles/raw/usb1/Aramark/ProQuestDocuments-2026-07-29 (1).rtf,0.85,True,"Article states 'JMU's contract with Aramark began in 2000 and is good up until June 30, 2035.' No candidate venue matched. Contract length calculated as 35 years (2000 to 2035). This is a dining services contract at James Madison University.","{""contract_end_date"": ""2035-06-30""}"
ev_0d78ee36e0ac1ed1,Aramark,Aramark,,wd-Q7929512,,U.S. Bank Stadium,won,,approx,,,,,|TCA Regional News; Chicago |,2016-11-03,"Best and worst foods at U.S. Bank Stadium, ranked by our food critic",articles/raw/usb1/Aramark/ProQuestDocuments-2026-07-29 (1).rtf,0.9,True,Article states Aramark 'won the contract to run the all-important catering operations' at U.S. Bank Stadium. No specific date given for when the contract was awarded; the stadium opened in 2016. No contract term or value stated.,
ev_90e55ec5b3e27f06,Aramark,Aramark,,,James Madison University,JMU Dining Services,won,2000-01-01,year,,,35,,|University Wire; Carlsbad |,2016-11-02,Student-led organization urges Aramark to improve animal welfare,articles/raw/usb1/Aramark/ProQuestDocuments-2026-07-29 (1).rtf,0.85,True,"No venue_id match. Article states: 'JMU's contract with Aramark began in 2000 and is good up until June 30, 2035.' Contract runs from 2000 to June 30, 2035 = 35 years. The contract start year is stated but not the exact start date.","{""contract_end_date"": ""2035-06-30""}"
ev_1d9b218f0ccdcaa8,Aramark,Aramark,,wd-Q7929512,Minnesota Sports Facilities Authority,U.S. Bank Stadium,violation,,approx,,,,,"|Star Tribune; Minneapolis, Minn. |",2016-11-02,"Aramark got behind on paying stadium vendors: A clerical error was the cause of the delays, an Aramark spokesman said.",articles/raw/usb1/Aramark/ProQuestDocuments-2026-07-29 (1).rtf,0.85,True,Article reports Aramark failed to pay local/minority-owned food vendor partners for ~3 months after building opened. Categorized as a contract violation (payment failure to subcontracted vendors). Exact date unclear; payments began being made late October 2016 per article context. Aramark confirmed as concessionaire at the venue but no contract award event is reported here.,"{""violation_type"": ""late payment to subcontracted vendors"", ""authority_chair"": ""Michele Kelm-Helgen"", ""named_vendors"": [""Prairie Dogs"", ""Revival""], ""nfl_stadiums_operated"": 17}"
ev_a4f21430519ab961,Aramark,Aramark,,wd-Q7929512,Minnesota Sports Facilities Authority,U.S. Bank Stadium,violation,,approx,,,,,|TCA Regional News; Chicago |,2016-11-02,Aramark says local partners at U.S. Bank Stadium being paid -- three months later,articles/raw/usb1/Aramark/ProQuestDocuments-2026-07-29 (1).rtf,0.82,True,"Aramark failed to pay local minority-owned/small vendor partners for three months after the stadium opened. Described as a 'clerical' error. Not a health or wage violation in the traditional sense, but a contract/payment violation against subcontractor vendors. Reviewing whether this qualifies as a contract violation event.","{""violation_type"": ""late payment to subcontractor vendors"", ""subcontractors_named"": [""Prairie Dogs"", ""Revival""], ""mwbe_program"": true}"
ev_9f9a1c4748b3765e,Aramark,Aramark,,wd-Q603034,Drexel University,Drexel University,won,2016-12-11,exact,,,,,"|Philadelphia Inquirer; Philadelphia, Pa. |",2016-11-01,BriefCase,articles/raw/usb1/Aramark/ProQuestDocuments-2026-07-29 (1).rtf,0.95,False,Aramark selected as new dining-services provider effective Dec. 11. Article also mentions Aramark recently won a contract to replace Sodexo at Temple University (separate event).,
ev_a7cc8b521b277db2,SodexoMagic,Sodexo,sodexomagic,wd-Q603034,Drexel University,Drexel University,lost,2016-12-11,exact,,,,,"|Philadelphia Inquirer; Philadelphia, Pa. |",2016-11-01,BriefCase,articles/raw/usb1/Aramark/ProQuestDocuments-2026-07-29 (1).rtf,0.93,False,SodexoMagic LLC described as joint venture of Magic Johnson Enterprises and Sodexo. Drexel issued termination letter in September; SodexoMagic filed federal lawsuit alleging misrepresentation. Replaced by Aramark effective Dec. 11.,
ev_34e141aaae716a04,Aramark,Aramark,,,Temple University,Temple University,won,,approx,,,,,"|Philadelphia Inquirer; Philadelphia, Pa. |",2016-11-01,BriefCase,articles/raw/usb1/Aramark/ProQuestDocuments-2026-07-29 (1).rtf,0.75,True,Article says Aramark 'recently won a contract to replace Sodexo at Temple University.' No venue_id match in candidate list. No specific date given; described as recent.,
ev_7beff567a0cffbea,Sodexo,Sodexo,,,Temple University,Temple University,lost,,approx,,,,,"|Philadelphia Inquirer; Philadelphia, Pa. |",2016-11-01,BriefCase,articles/raw/usb1/Aramark/ProQuestDocuments-2026-07-29 (1).rtf,0.75,True,Article states Aramark won contract 'to replace Sodexo at Temple University.' No venue_id match in candidate list. No specific date given.,
ev_1576b0f6277181e2,Aramark,Aramark,,wd-Q603034,Drexel University,Drexel University,won,2016-12-11,exact,,,,,|TCA Regional News; Chicago |,2016-10-31,BRIEF: Aramark picks up Drexel dining services contract,articles/raw/usb1/Aramark/ProQuestDocuments-2026-07-29 (1).rtf,0.95,False,"Effective Dec. 11, 2016. Aramark selected as new dining-services provider after Drexel terminated SodexoMagic.",
ev_6beccbcecdd23ea5,SodexoMagic,Sodexo,sodexomagic,wd-Q603034,Drexel University,Drexel University,lost,2016-12-11,exact,,,,,|TCA Regional News; Chicago |,2016-10-31,BRIEF: Aramark picks up Drexel dining services contract,articles/raw/usb1/Aramark/ProQuestDocuments-2026-07-29 (1).rtf,0.93,False,Drexel issued a termination letter to SodexoMagic in September 2016. SodexoMagic filed a federal lawsuit alleging Drexel misrepresented expected student body growth during contract negotiations. SodexoMagic LLC is a joint venture of Magic Johnson Enterprises and Sodexo.,
ev_cbf723b1238b2101,Aramark,Aramark,,wd-Q603034,Drexel University,Drexel University,won,2016-12-11,exact,,,,,|University Wire; Carlsbad |,2016-10-28,Aramark to replace SodexoMagic as food service provider,articles/raw/usb1/Aramark/ProQuestDocuments-2026-07-29 (1).rtf,0.95,False,"Aramark replacing SodexoMagic effective Dec. 11, 2016. Announced by university president.","{""union"": ""Teamsters Union Local No. 115""}"
ev_5ff1a8e1a957888c,SodexoMagic,Sodexo,sodexomagic,wd-Q603034,Drexel University,Drexel University,lost,2016-09-20,exact,,,21,,|University Wire; Carlsbad |,2016-10-28,Aramark to replace SodexoMagic as food service provider,articles/raw/usb1/Aramark/ProQuestDocuments-2026-07-29 (1).rtf,0.93,False,"Drexel terminated its contract with SodexoMagic on Sept. 20, 2016, ending a 21-year partnership.","{""partnership_duration_years"": 21}"
ev_7014048379e7d06f,Aramark,Aramark,,,Vassar College,Vassar,lost,2017-09-01,month,,,,,|University Wire; Carlsbad |,2016-10-26,Harvard strikes model effective path to staff compensation,articles/raw/usb1/Aramark/ProQuestDocuments-2026-07-29 (1).rtf,0.85,True,"No matching venue_id for Vassar College dining services. Article states Vassar 'will be switching its food service provider starting in Fall 2017 from Aramark to Bon Appétit.' This is reported as a decided fact, not a pending decision. Used September 1 for 'Fall 2017'.",
ev_01152f2742c53669,Bon Appétit,Compass,Bon Appétit,,Vassar College,Vassar,won,2017-09-01,month,,,,,|University Wire; Carlsbad |,2016-10-26,Harvard strikes model effective path to staff compensation,articles/raw/usb1/Aramark/ProQuestDocuments-2026-07-29 (1).rtf,0.85,True,"No matching venue_id for Vassar College dining services. Article states Vassar 'will be switching its food service provider starting in Fall 2017 from Aramark to Bon Appétit.' Reported as decided. Article also mentions Bon Appétit's management starting with end date of union contract June 30, 2018 referenced as 'the end of the first year of Bon Appétit's management here.'",
ev_09c088f6f5d38aaf,Aramark,Aramark,,,University of Chicago,University of Chicago,lost,2016-09-01,month,,,,,|University Wire; Carlsbad |,2016-10-26,Harvard strikes model effective path to staff compensation,articles/raw/usb1/Aramark/ProQuestDocuments-2026-07-29 (1).rtf,0.7,True,No matching venue_id for University of Chicago dining. Article says UChicago 'made the same switch from Aramark to Bon Appétit starting this school year' (2016-17). Date inferred as Fall 2016.,
ev_002f8e6005d37fe7,Bon Appétit,Compass,Bon Appétit,,University of Chicago,University of Chicago,won,2016-09-01,month,,,,,|University Wire; Carlsbad |,2016-10-26,Harvard strikes model effective path to staff compensation,articles/raw/usb1/Aramark/ProQuestDocuments-2026-07-29 (1).rtf,0.7,True,No matching venue_id for University of Chicago dining. Article says UChicago 'made the same switch from Aramark to Bon Appétit starting this school year' (2016-17). Date inferred as Fall 2016.,
ev_f25f370c0ad0be83,Harvard University Dining Services,Harvard University Dining Services,,,Harvard University,Harvard,strike,2016-10-01,month,,,,,|University Wire; Carlsbad |,2016-10-26,Harvard strikes model effective path to staff compensation,articles/raw/usb1/Aramark/ProQuestDocuments-2026-07-29 (1).rtf,0.65,True,"No matching venue_id. Harvard dining (HUDS) appears to be self-operated by the university, not an outsourced contractor. The strike by Unite Here Local 26 is reported as ongoing for three weeks as of article date. HUDS workers are university employees represented by a union. This is a labor action at a self-operated dining service, which may not fit the typical venue-contractor model tracked in this dataset.","{""union"": ""Unite Here Local 26""}"
ev_ca3c544be6203886,Aramark,Aramark,,,Temple University,Temple,won,2017-07-01,exact,,,15,,|University Wire; Carlsbad |,2016-10-25,"Aramark contract to add retailers, affect old ones",articles/raw/usb1/Aramark/ProQuestDocuments-2026-07-29 (1).rtf,0.92,True,"No candidate venue for Temple University. Article states contract signed, effective July 1, 2017. Temple is distinct from Drexel.","{""incumbent"": ""Sodexo"", ""incumbent_tenure_years"": 28}"
ev_aeaae025458e9c71,Sodexo,Sodexo,,,Temple University,Temple,lost,2017-06-30,exact,,,,,|University Wire; Carlsbad |,2016-10-25,"Aramark contract to add retailers, affect old ones",articles/raw/usb1/Aramark/ProQuestDocuments-2026-07-29 (1).rtf,0.92,True,"No candidate venue for Temple University. Sodexo's contract ends June 30, 2017 after 28 years of service.","{""tenure_years"": 28}"
ev_eb06480d77146771,Sodexo,Sodexo,,wd-Q603034,Drexel University,Drexel,lost,2016-12-10,exact,,,,,|University Wire; Carlsbad |,2016-10-25,"Aramark contract to add retailers, affect old ones",articles/raw/usb1/Aramark/ProQuestDocuments-2026-07-29 (1).rtf,0.88,False,"Article states Sodexo's contract terminated effective December 10, 2016, ending a 21-year partnership. No successor officially named yet; Aramark only hinted at, not confirmed.","{""tenure_years"": 21}"
ev_0846e9280e833e5a,Aramark Correctional Services,Aramark Correctional Services,,,,Michigan,violation,,approx,,145000000,3,,"|Kennebec Journal; Augusta, Me. |",2016-10-25,LePage's move to privatize common,articles/raw/usb1/Aramark/ProQuestDocuments-2026-07-29 (1).rtf,0.4,True,"Article mentions Michigan terminated a $145M contract with Aramark Correctional Services for feeding state prisoners due to lack of cleanliness, unapproved menu substitutions, etc. This is a state prison system, not a stadium/arena/convention center. No matching venue in candidate list. This is a correctional facility contract, not a sports/entertainment venue, so likely out of scope for this tracker.",
ev_a2fe2aa2e307ca2c,Aramark Correctional Services,Aramark Correctional Services,,,State of Michigan,Michigan,violation,,approx,,145000000,3,,"|Morning Sentinel; Waterville, Me. |",2016-10-25,LePage's move to privatize common,articles/raw/usb1/Aramark/ProQuestDocuments-2026-07-29 (1).rtf,0.75,True,"Article mentions Michigan terminated a 3-year $145M contract with Aramark Correctional Services after scrutiny for lack of cleanliness, unapproved menu substitutions and other issues. This is a state prison food service contract, not a stadium/arena/convention center. No matching venue in candidate list. The article says termination was in 2014, about a year after the company was hired. This is a prison food contract, likely outside scope of stadium/arena tracking.","{""context"": ""state prison food service contract, not a sports/entertainment venue""}"
ev_e3f304b01ecabdf4,Sodexo,Sodexo,,,University of Maine System,University of Maine System,won,2016-01-01,year,,,,,"|Portland Press Herald; Portland, Me. |",2016-10-23,Notes from the farm to table and sustainable world,articles/raw/usb1/Aramark/ProQuestDocuments-2026-07-29 (1).rtf,0.85,True,"Article says 'Earlier this year, the University of Maine System awarded its new dining service contract to Sodexo.' No candidate venue matched. Date is approximate — 'earlier this year' relative to Oct 2016 publication. This covers UMaine System campuses broadly, not a single venue.","{""local_sourcing_commitment"": ""25 to 30 percent""}"
ev_a6774d5494232339,Aramark,Aramark,,,University of Maine System,University of Maine System,lost,2016-01-01,year,,,,,"|Portland Press Herald; Portland, Me. |",2016-10-23,Notes from the farm to table and sustainable world,articles/raw/usb1/Aramark/ProQuestDocuments-2026-07-29 (1).rtf,0.85,True,"Article says 'previously, Aramark held the contract' — lost to Sodexo earlier in 2016. No candidate venue matched. Date is approximate.",
ev_66dd1c7bd79cd51c,SodexoMagic,Sodexo,SodexoMagic,wd-Q603034,Drexel University,Drexel University,expired,2016-12-01,month,,,21,,|University Wire; Carlsbad |,2016-10-21,What a Dragon can learn from an Owl,articles/raw/usb1/Aramark/ProQuestDocuments-2026-07-29 (1).rtf,0.85,True,"Article says Drexel cancelled its contract with SodexoMagic on Sept. 20, to conclude 'this December'. No successor announced yet; Aramark is rumored but not confirmed. Using 'expired' because the contract is ending with no successor named in the article. The 21-year partnership implies the contract began circa 1995. Date precision is month since only 'this December' is stated.","{""rumored_successor"": ""Aramark"", ""cancellation_date"": ""2016-09-20""}"
ev_cec500d8fc1a792d,SodexoMagic,Sodexo,SodexoMagic,,Temple University,Temple University,lost,2017-07-01,exact,,,28,,|University Wire; Carlsbad |,2016-10-21,What a Dragon can learn from an Owl,articles/raw/usb1/Aramark/ProQuestDocuments-2026-07-29 (1).rtf,0.9,True,"No candidate venue for Temple University. SodexoMagic's contract not renewed; Aramark takes over July 1, 2017. 28-year partnership implies SodexoMagic contract began circa 1989.",
ev_63eb07056ee90224,Aramark,Aramark,,,Temple University,Temple University,won,2017-07-01,exact,,,15,,|University Wire; Carlsbad |,2016-10-21,What a Dragon can learn from an Owl,articles/raw/usb1/Aramark/ProQuestDocuments-2026-07-29 (1).rtf,0.92,True,"No candidate venue for Temple University. 15-year contract with Aramark to go into effect July 1, 2017, replacing SodexoMagic.",
ev_460833386e6ebe56,Aramark,Aramark,,,Temple University,Temple,won,2017-07-01,exact,,,,,|University Wire; Carlsbad |,2016-10-18,Aramark slated to replace Sodexo,articles/raw/usb1/Aramark/ProQuestDocuments-2026-07-29 (1).rtf,0.9,True,"No candidate venue matches Temple University dining services. The article mentions 'Diamond Dollars' (a campus currency) not a venue called 'The Diamond'. Contract announced as decided, starting July 1, 2017. Sodexo held the contract for 28 years prior.","{""incumbent"": ""Sodexo"", ""incumbent_tenure_years"": 28, ""union"": ""Local 274, Workers United, Philadelphia Joint Board"", ""unionized_workers"": 400, ""selection_committee_size"": 26}"
ev_03a0d8daf6924d03,Sodexo,Sodexo,,,Temple University,Temple,lost,2017-07-01,exact,,,,,|University Wire; Carlsbad |,2016-10-18,Aramark slated to replace Sodexo,articles/raw/usb1/Aramark/ProQuestDocuments-2026-07-29 (1).rtf,0.9,True,"No candidate venue matches Temple University dining services. Sodexo held the contract for 28 years (~1989-2017). Replaced by Aramark effective July 1, 2017.","{""tenure_years"": 28}"
ev_924fecd73196c315,Bon Appétit,Compass,bon appétit,,University of Chicago,UChicago Dining,won,,approx,,,,,|University Wire; Carlsbad |,2016-10-18,"BSD, Stuart Cafés Close",articles/raw/usb1/Aramark/ProQuestDocuments-2026-07-29 (1).rtf,0.75,True,"Article says Bon Appétit acquired the role of food service provider through an RFP process. No specific date given for when the contract started; article published 2016-10-18. No candidate venue matched. Staff were previously Aramark employees, indicating Aramark was the incumbent.","{""named_incumbent"": ""Aramark""}"
ev_ff26d56dfddeff9b,Aramark,Aramark,,,University of Chicago,UChicago Dining,lost,,approx,,,,,|University Wire; Carlsbad |,2016-10-18,"BSD, Stuart Cafés Close",articles/raw/usb1/Aramark/ProQuestDocuments-2026-07-29 (1).rtf,0.75,True,"Article states staff were 'previously Aramark employees' who were given the option to work for Bon Appétit, indicating Aramark lost the food service contract to Bon Appétit. No specific date given. No candidate venue matched.",
ev_972e3d50f5b5c142,Aramark Healthcare Services,Aramark Healthcare Services,,,Lafayette General Medical Center,Lafayette General Medical Center,lost,2016-12-12,exact,,,,,"|The Daily Advertiser; Lafayette, La. |",2016-10-15,Aramark to lay off 243; rehires possible,articles/raw/usb1/Aramark/ProQuestDocuments-2026-07-29 (1).rtf,0.9,True,"No candidate venue matched. This is a hospital (Lafayette General Medical Center), not a stadium/arena/convention center. The contract is for environmental/custodial services, not food service. The article states the contract ends Dec. 12, 2016, and Lafayette General is bringing those services back in-house.","{""service_type"": ""environmental services (custodial, housekeeping, floor technicians)"", ""employees_affected"": 243}"
ev_359cdd6828afe3ce,Lafayette General Medical Center,Lafayette General Medical Center,,,Lafayette General Medical Center,Lafayette General Medical Center,self_op,2016-12-12,exact,,,,,"|The Daily Advertiser; Lafayette, La. |",2016-10-15,Aramark to lay off 243; rehires possible,articles/raw/usb1/Aramark/ProQuestDocuments-2026-07-29 (1).rtf,0.85,True,"No candidate venue matched. This is a hospital returning environmental/custodial services in-house, not a food-service contract at a stadium/arena/convention center. The hospital says it hopes for a 'seamless transition' to returning these jobs in-house. Reviewer should determine if this is in scope.","{""service_type"": ""environmental services (custodial, housekeeping, floor technicians)""}"
ev_419a3fbf2ca42545,Aramark Healthcare Services,Aramark Healthcare Services,,,,Lafayette Medical Center,expired,2016-12-12,exact,,,,,"|US Fed News Service, Including US State News; Washington, D.C. |",2016-10-15,ARAMARK HEALTHCARE SERVICES ISSUES WORKER ADJUSTMENT AND RETRAINING NOTIFICATION IN LAFAYETTE,articles/raw/usb1/Aramark/ProQuestDocuments-2026-07-29 (1).rtf,0.9,True,"No venue_id match — Lafayette Medical Center is a hospital, not in our venue list. The article states the hospital did not renew the contract and Aramark will cease operations on 2016-12-12. Classified as 'expired' since the contract was not renewed and no successor operator is named. This is a healthcare facility, not a stadium/arena/convention center, so may be out of scope.","{""employees_affected"": 243, ""warn_notice"": true, ""location"": ""Lafayette, LA""}"
ev_b820fc3a668226b8,Aramark,Aramark,,,Temple University,Temple University,won,2016-07-01,exact,,,15,"[""Sodexo Inc.""]",|MENA Report; Camden |,2016-10-14,United States : Temple University offers 15-year dining services deal,articles/raw/usb1/Aramark/ProQuestDocuments-2026-07-29 (1).rtf,0.88,True,"No candidate venue matches Temple University; venue_id set to null. Article says contract begins 1st July (2016 implied). Board of trustees approved selection. Four unnamed rivals plus Sodexo. Details of proposal not yet finalized at time of article but board approval is reported as decided. Article says 'after a final deal is reached' suggesting terms not fully finalized, but board selection is reported as fact.","{""incumbent"": ""Sodexo Inc."", ""incumbent_tenure_years"": 28, ""num_losing_bidders"": 4, ""selection_process"": ""year-long assessment involving 20+ students, faculty, and staff""}"
ev_476d0140c9de2f23,Sodexo Inc.,Sodexo,,,Temple University,Temple University,lost,2016-07-01,exact,,,,,|MENA Report; Camden |,2016-10-14,United States : Temple University offers 15-year dining services deal,articles/raw/usb1/Aramark/ProQuestDocuments-2026-07-29 (1).rtf,0.85,True,No candidate venue matches Temple University; venue_id set to null. Sodexo Inc. was incumbent on campus for 28 years. Lost contract to Aramark effective 1st July 2016.,"{""tenure_years"": 28}"
ev_e50cf904efe27803,Aramark,Aramark,,,Temple University,Temple University,won,2017-07-01,exact,,,15,,"|US Fed News Service, Including US State News; Washington, D.C. |",2016-10-12,TEMPLE ANNOUNCES DINING-SERVICES AGREEMENT WITH ARAMARK,articles/raw/usb1/Aramark/ProQuestDocuments-2026-07-29 (1).rtf,0.95,True,"No candidate venue matched. Temple University dining services contract approved by Board of Trustees on Oct 11, 2016, effective July 1, 2017. Article implies current food-service employees are not Aramark, suggesting a switch from another operator, but the incumbent is not named so no 'lost' event emitted.","{""contract_effective_date"": ""2017-07-01"", ""board_approval_date"": ""2016-10-11"", ""unnamed_incumbent"": true}"
ev_1a353a09bbc49880,Aramark,Aramark,,,Lafayette General Health,Lafayette General Health,self_op,2016-12-12,exact,,,,,"|The Daily Advertiser; Lafayette, La. |",2016-10-11,Hospital ending valet parking to cut expenses,articles/raw/usb1/Aramark/ProQuestDocuments-2026-07-29 (1).rtf,0.85,True,"Article reports Lafayette General Health transitioning its outsourced Environmental Services Department (EVS) back in-house on Dec. 12, 2016, ending an Aramark EVS contract. This is environmental services, not food-service concessions, but it is an outsourced services contract being brought in-house. No candidate venue matches a hospital; venue_id set to null. Reviewer should confirm whether EVS contracts are in scope for this dataset.","{""service_type"": ""Environmental Services (EVS)"", ""incumbent_operator"": ""Aramark"", ""context"": ""Health system bringing outsourced EVS back under system umbrella; current Aramark EVS employees offered first opportunity to apply with LGH""}"
ev_bc749ab7924913cc,Aramark,Aramark,,,Temple University,Temple University,won,2016-10-11,exact,,,15,,|University Wire; Carlsbad |,2016-10-11,"Englert to continue as president, Board says",articles/raw/usb1/Aramark/ProQuestDocuments-2026-07-29 (1).rtf,0.9,True,"No matching venue_id in candidates. Article says Aramark was approved by the Board of Trustees to become Temple University's main food service provider on a 15-year contract. The venue is Temple University's campus dining, not a stadium/arena. Needs review for venue matching.",
ev_ec60d67dd3be98e5,Sodexo,Sodexo,,,Temple University,Temple University,lost,2017-07-01,exact,,,,,|University Wire; Carlsbad |,2016-10-11,"Englert to continue as president, Board says",articles/raw/usb1/Aramark/ProQuestDocuments-2026-07-29 (1).rtf,0.85,True,No matching venue_id in candidates. Sodexo had been Temple's food provider for 28 years with contract set to expire July 1 (2017). Replaced by Aramark. Needs review for venue matching.,"{""incumbent_tenure_years"": 28}"
ev_533e8e79627058b1,Aramark,Aramark,,,Temple University,Temple University,won,2017-07-01,exact,,,15,"[""Sodexo Inc.""]",|TCA Regional News; Chicago |,2016-10-11,BRIEF: Aramark wins Temple food service contract,articles/raw/usb1/Aramark/ProQuestDocuments-2026-07-29 (1).rtf,0.92,True,"No venue_id matched. The contract starts July 1 — since the article is from Oct 2016, that likely means July 1, 2017. Board of trustees approved selection. Four competitors total but only Sodexo is named. This is a university dining services contract, not necessarily a stadium/arena concession.","{""total_competitors"": 5, ""named_losing_bidders_note"": ""Only Sodexo Inc. named; 4 unnamed competitors""}"
ev_031fc2394d4f02ae,Sodexo Inc.,Sodexo,,,Temple University,Temple University,lost,2017-07-01,exact,,,,,|TCA Regional News; Chicago |,2016-10-11,BRIEF: Aramark wins Temple food service contract,articles/raw/usb1/Aramark/ProQuestDocuments-2026-07-29 (1).rtf,0.9,True,No venue_id matched. Sodexo Inc. had been on the North Philadelphia campus for 28 years per a Temple News article. Lost to Aramark effective July 1 (likely 2017).,"{""incumbent_tenure_years"": 28}"
ev_c04c572b01cf2d49,Aramark,Aramark,,,Lafayette General Health,Lafayette General Health,self_op,2016-12-12,exact,,,,,"|The Daily Advertiser; Lafayette, La. |",2016-10-11,Hospital ending valet parking to cut expenses,articles/raw/usb1/Aramark/ProQuestDocuments-2026-07-29 (1).rtf,0.85,True,"Article states Lafayette General Health will transition its outsourced Environmental Services Department back in-house on Dec. 12 (2016), ending Aramark's EVS contract. This is environmental services, not food service — flagged for review. No candidate venue matches. The venue is a hospital/health system, not a stadium or arena.","{""service_type"": ""Environmental Services (EVS)"", ""note"": ""Not a food-service contract; Aramark EVS employees offered opportunity to apply with LGH""}"
ev_7a147e35d112c444,Chartwells,Compass,Chartwells,,Florida Gulf Coast University,The Perch,won,2016-05-01,month,,,,,|University Wire; Carlsbad |,2016-10-06,'The Perch' fails eight consecutive inspections,articles/raw/usb1/Aramark/ProQuestDocuments-2026-07-29 (1).rtf,0.85,True,"Article says ownership changed from Aramark to Chartwells 'in May' (2016). Venue is the Cohen Center food court at FGCU, not matched to any candidate venue. venue_id set to null.",
ev_046e976888731612,Aramark,Aramark,,,Florida Gulf Coast University,The Perch,lost,2016-05-01,month,,,,,|University Wire; Carlsbad |,2016-10-06,'The Perch' fails eight consecutive inspections,articles/raw/usb1/Aramark/ProQuestDocuments-2026-07-29 (1).rtf,0.85,True,"Article identifies Aramark as the previous dining services provider, replaced by Chartwells in May 2016. Venue is the Cohen Center at FGCU; no matching candidate venue.",
ev_12b2a95adf4b2d1f,Aramark,Aramark,,,Florida Gulf Coast University,The Perch,violation,2015-09-23,exact,,,,,|University Wire; Carlsbad |,2016-10-06,'The Perch' fails eight consecutive inspections,articles/raw/usb1/Aramark/ProQuestDocuments-2026-07-29 (1).rtf,0.7,True,"Eight consecutive failed health inspections from Sept 23, 2015 through July 7, 2016. Some occurred under Aramark (prior to May 2016 handover) and some under Chartwells. Earliest failure date used. No matching candidate venue.","{""inspection_failures"": 8, ""inspection_period"": ""2015-09-23 to 2016-07-07"", ""issues"": ""mold in ice dispenser, inoperable drink cooler, dirty walk-in/freezer doors, dirty employee bathrooms, temperature violations, missing variance permit for rice cooking""}"
ev_be5ff4112ef162d4,Chartwells,Compass,Chartwells,,Florida Gulf Coast University,The Perch,violation,2016-05-19,exact,,,,,|University Wire; Carlsbad |,2016-10-06,'The Perch' fails eight consecutive inspections,articles/raw/usb1/Aramark/ProQuestDocuments-2026-07-29 (1).rtf,0.7,True,"Post-Chartwells takeover inspections on May 19, May 24, June 2, June 3, June 9, and July 7 included unsatisfactory results. Earliest post-takeover failure date used. No matching candidate venue.","{""issues"": ""temperature violations, repeat violations, cleanliness issues, unapproved variance""}"
ev_b65daccf305ed6ec,SodexoMagic,Sodexo,SodexoMagic,wd-Q603034,Drexel University,Drexel University,expired,2016-12-10,exact,,,21,,|University Wire; Carlsbad |,2016-10-06,Drexel boots Sodexo,articles/raw/usb1/Aramark/ProQuestDocuments-2026-07-29 (1).rtf,0.95,False,"Contract terminated by Drexel effective Dec. 10, 2016, ending a 21-year partnership. No successor named at time of article; Aramark mentioned only as a rumor. Using 'expired' because no successor is announced as decided.","{""union"": ""Teamsters Union Local No. 115"", ""approximate_employees"": 250, ""termination_date_announced"": ""2016-09-20""}"
ev_9312d1e68a008296,Aramark,Aramark,,,Barnard,Barnard Store,lost,2016-05-01,month,,,,,|University Wire; Carlsbad |,2016-10-06,"Without store manager, Barnard Store operations, staff training hindered Without store manager, Barnard Store operations, staff training hindered: [1]",articles/raw/usb1/Aramark/ProQuestDocuments-2026-07-29 (1).rtf,0.75,True,"No venue_id match. This is about management of the Barnard Store (college merchandise store in the Diana Center), not a traditional concessions/catering venue. Aramark's management of the store ended May 2016 when the store manager left and Barnard took over. Aramark remains the college's food service provider; only the store management portion transitioned. Reviewers should assess whether this qualifies as a concessions contract event.",
ev_115d769ac117964a,Barnard,Barnard,,,Barnard,Barnard Store,self_op,2016-05-01,month,,,,,|University Wire; Carlsbad |,2016-10-06,"Without store manager, Barnard Store operations, staff training hindered Without store manager, Barnard Store operations, staff training hindered: [1]",articles/raw/usb1/Aramark/ProQuestDocuments-2026-07-29 (1).rtf,0.75,True,"No venue_id match. Barnard took over management of the store from Aramark in May 2016. This is a college merchandise store, not a traditional stadium/arena concessions venue — reviewers should confirm relevance to the contract tracking scope.",
ev_b411eb07a4a307b2,Aramark,Aramark,,,Barnard,Barnard Store,lost,2016-05-01,month,,,,,|University Wire; Carlsbad |,2016-10-06,"Without store manager, Barnard Store operations, staff training hindered Without store manager, Barnard Store operations, staff training hindered",articles/raw/usb1/Aramark/ProQuestDocuments-2026-07-29 (1).rtf,0.75,True,"Aramark lost management of the Barnard Store specifically (not the full food service contract). The college took over store management in May 2016 when the previous manager left. Aramark remains the college's food service provider. No venue_id match. This is a retail store, not a stadium/arena/convention center — may be out of scope.","{""note"": ""Aramark retained the broader food service contract at Barnard/Diana Center; only store management was taken in-house.""}"
ev_9daa46dd3ed4d323,Barnard,Barnard,,,Barnard,Barnard Store,self_op,2016-05-01,month,,,,,|University Wire; Carlsbad |,2016-10-06,"Without store manager, Barnard Store operations, staff training hindered Without store manager, Barnard Store operations, staff training hindered",articles/raw/usb1/Aramark/ProQuestDocuments-2026-07-29 (1).rtf,0.75,True,"Barnard took store management in-house in May 2016. This is a college merchandise store, not a stadium/arena/convention center — likely out of scope. No venue_id match.",
ev_0662e1683034e326,Aramark,Aramark,,,University of Kentucky,UK,won,2014-01-01,year,,,,,|University Wire; Carlsbad |,2016-10-05,"UK, Aramark no longer consider Coca-Cola and Home City Ice to be local food",articles/raw/usb1/Aramark/ProQuestDocuments-2026-07-29 (1).rtf,0.75,True,"Article states 'UK partnered with Aramark in 2014 for on-campus dining.' No candidate venue matched. Venue is University of Kentucky campus dining, not a specific stadium/arena. Also mentions Aramark backed The Food Connection with a $5 million investment, but that is a separate program investment, not a contract value.","{""food_connection_investment_usd"": 5000000, ""local_sourcing_increase_2015_16"": ""20 percent""}"
ev_824bd8c89d30a04b,Aramark,Aramark,,wd-Q1142992,Tennessee Titans,Nissan Stadium,initiative,2016-10-02,approx,,,,,"|The Tennessean; Nashville, Tenn. |",2016-10-02,Josephine chef pops up at Titans' game,articles/raw/usb1/Aramark/ProQuestDocuments-2026-07-29 (1).rtf,0.65,True,Launch Test Kitchen pop-up concept at Nissan Stadium featuring local chef Andrew Little of Josephine. This is a program/menu initiative by Aramark. Date is approximate - inferred from article publication date as the pop-up had already occurred. Borderline between initiative and a one-off event; flagged for review.,"{""program_name"": ""Launch Test Kitchen"", ""chef"": ""Andrew Little"", ""restaurant"": ""Josephine""}"
ev_8521b7769abe3a18,Minnesota,Minnesota,,,Minnesota,Ramsey County correctional facility,self_op,,approx,,,,,|The Guardian (Online); London (UK) |,2016-09-30,Prison food politics: the economics of an industry feeding 2.2 million,articles/raw/usb1/Aramark/ProQuestDocuments-2026-07-29 (1).rtf,0.55,True,"Article says 'Minnesota has brought its food service provision back in-house after years of outsourcing to the private sector.' This applies to the Minnesota corrections system broadly, not necessarily Ramsey County specifically (Ramsey is a county jail, not a state prison). No date given for when in-house transition occurred. No venue_id match. This is a correctional facility, not a stadium/arena/convention center — may be out of scope.","{""context"": ""Minnesota corrections system-wide decision to bring food service in-house"", ""food_cost_per_day_usd"": 3.0, ""prisoner_population"": 10000}"
ev_daf4cae66c260d20,Gourmet Dining Services,Gourmet Dining Services,,,Rutgers University – Newark,Rutgers University – Newark,won,2016-07-29,exact,,,3,,|University Wire; Carlsbad |,2016-09-27,"CHOW, ARAMARK!",articles/raw/usb1/Aramark/ProQuestDocuments-2026-07-29 (1).rtf,0.9,True,"No candidate venue matches the campus dining facilities at Rutgers-Newark. The article mentions '1 Washington Park' as a bistro location but this is a campus building, not a stadium/arena. Contract is 3 years with option for five 1-year extensions. Operator not on known crosswalk list.","{""extension_options"": ""five one-year terms"", ""consultant"": ""Brailsford & Dunleavy, Inc."", ""incumbent"": ""Aramark""}"
ev_eca51a03b2dca04e,Aramark,Aramark,,,Rutgers University – Newark,Rutgers University – Newark,lost,2016-07-29,exact,,,,,|University Wire; Carlsbad |,2016-09-27,"CHOW, ARAMARK!",articles/raw/usb1/Aramark/ProQuestDocuments-2026-07-29 (1).rtf,0.9,True,"Aramark identified as 'the previous dining services of R-N', replaced by Gourmet Dining Services effective July 29, 2016. No candidate venue matches this campus.",
ev_93466f08afeb4b74,Aramark,Aramark,,,University of Toledo,University of Toledo,renewed,2016-09-23,exact,,,6,,"|US Fed News Service, Including US State News; Washington, D.C. |",2016-09-25,STEAK 'N SHAKE COMING TO UNIVERSITY OF TOLEDO CAMPUS DINING,articles/raw/usb1/Aramark/ProQuestDocuments-2026-07-29 (1).rtf,0.9,True,"No matching venue in candidate list. Article says UT extends its contract with Aramark for six years, with four years remaining on the existing contract. The venue is campus dining at the University of Toledo, not the Credit Union of Texas Event Center. The 'credit union' text match in candidates refers to a credit union mentioned in passing (UT Federal Credit Union) and is not the venue.","{""existing_contract_remaining_years"": 4, ""upgrades_mentioned"": ""upgrading main dining facility in Ottawa House West residence hall, adding fresh food concepts, renovations to South Dining Hall in Student Union"", ""new_concepts"": [""Steak 'n Shake"", ""Freshens"", ""unnamed second national restaurant chain""]}"
ev_f2781fa189f4adde,Aramark,Aramark,,,University of New Orleans,University of New Orleans,renewed,,approx,,,,,|University Wire; Carlsbad |,2016-09-21,Aramark maintains long-term relationship with UNO,articles/raw/usb1/Aramark/ProQuestDocuments-2026-07-29 (1).rtf,0.7,True,"Article states Aramark's original 10-year contract has been renewed twice, resulting in a 20-year partnership, and they have been with UNO for 17 years as of 2016 (implying start ~1999). The second renewal came after Hurricane Katrina (2005). No venue_id match. Two renewals are mentioned but dates and terms of each are unclear; recording the most recent (post-Katrina) renewal. The other companies were 'reluctant to bid' at the second renewal.","{""original_contract_length_years"": 10, ""total_partnership_years"": 20, ""renewals_count"": 2, ""note_on_second_renewal"": ""Post-Katrina, other companies reluctant to bid""}"
ev_5b4b0c0b369d9003,Aramark,Aramark,,,University of New Orleans,University of New Orleans,won,1999-01-01,approx,,,10,,|University Wire; Carlsbad |,2016-09-21,Aramark maintains long-term relationship with UNO,articles/raw/usb1/Aramark/ProQuestDocuments-2026-07-29 (1).rtf,0.55,True,Article says Aramark has been with UNO for 17 years as of 2016 (implying ~1999 start) on a 10-year contract renewed twice. Start date is inferred from '17 years' statement. No venue_id match.,
ev_1e45b1926c0664cd,Aramark,Aramark,,,University of New Orleans,University of New Orleans,renewed,,approx,,,,,|University Wire; Carlsbad |,2016-09-21,Aramark maintains long-term relationship with UNO,articles/raw/usb1/Aramark/ProQuestDocuments-2026-07-29 (1).rtf,0.7,True,"Article states Aramark's original 10-year contract has been renewed twice, resulting in a 20-year partnership, and that Aramark has been with UNO for 17 years as of the article date (2016). The initial contract would have started around 1999. The first renewal date is unclear. The second renewal came after Hurricane Katrina (2005). No venue_id match available. This event represents the second renewal (post-Katrina); exact date unknown.","{""original_contract_length_years"": 10, ""total_renewals"": 2, ""total_partnership_years_stated"": 20, ""years_with_university_as_of_article"": 17, ""estimated_contract_start_year"": 1999, ""context"": ""Second renewal came after Hurricane Katrina when other companies were reluctant to bid""}"
ev_121321515d6dd7e1,Aramark,Aramark,,,University of Kentucky,UK,initiative,2016-09-01,month,,,,,"|Courier - Journal; Louisville, Ky. |",2016-09-21,Coke no longer 'local food' in UK cafeterias,articles/raw/usb1/Aramark/ProQuestDocuments-2026-07-29 (1).rtf,0.85,True,"No matching venue_id in candidate list. Article reports a local food sourcing policy change: UK and Aramark redefining local food metrics to exclude soda and ice from local food purchasing calculations for 2016-2017. This is a program/initiative announcement, not a contract award.","{""initiative_type"": ""local sourcing redefinition"", ""advisory_panel"": ""Food Connection"", ""local_food_pct_2014_2015"": 11.5, ""local_food_pct_2015_2016"": 15.3}"
ev_398b7470a11e4d88,Aramark,Aramark,,,University of Toledo,University of Toledo,renewed,2016-09-12,exact,,23000000,10,,"|The Blade; Toledo, Ohio |",2016-09-17,NATIONAL CHAINS: UT DINING OPTIONS TO EXPAND IN NEXT YEAR; CONTRACT WITH PROVIDER OK'D,articles/raw/usb1/Aramark/ProQuestDocuments-2026-07-29 (1).rtf,0.82,True,"No candidate venue matched. Board of trustees approved a letter of intent on Sept. 12 to finalize the deal, adding 6 years to 4 years remaining on existing contract (total ~10 years). The $23 million figure is described as expected revenue over the next decade. Aramark guaranteed minimum $12.1 million over the life of the contract plus $5M+ in dining site investment and $4.2M in equipment. Article says 'letter of intent to finalize the new deal' was approved — this is board approval but technically still a letter of intent, not yet finalized. Confidence slightly reduced accordingly.","{""capital_investment"": ""$5 million+ dining site revamp"", ""equipment_spending"": ""$4.2 million"", ""upfront_discretionary"": ""$1.5 million"", ""minimum_guarantee"": ""$12.1 million over life of contract"", ""no_competitive_bid"": true, ""consultant_evaluated"": true, ""early_termination_penalty"": ""$2 million approximately""}"
ev_27d4954e8c27323d,Aramark,Aramark,,,University of Toledo,University of Toledo,renewed,2016-09-12,exact,,23000000,10,,|TCA Regional News; Chicago |,2016-09-17,UT dining options to expand in next year,articles/raw/usb1/Aramark/ProQuestDocuments-2026-07-29 (1).rtf,0.85,True,"No venue_id matched. Board of trustees approved letter of intent on Sept. 12 to finalize the deal; article says 6 years added to 4 years remaining, making total remaining ~10 years. Contract expected to generate ~$23M over next decade. Aramark guaranteed minimum $12.1M, plus $5M+ in dining site investment, $4.2M equipment, $1.5M up-front discretionary dollars. No competitive bids were sought. Article describes this as a letter of intent to 'finalize' the new deal — the board approved the LOI but the deal may not be fully executed yet. Confidence slightly reduced for this reason.","{""capital_investment"": ""$5 million+ dining site revamp, $4.2 million equipment care/replacement, $100K/year for 10 years at university discretion"", ""upfront_payment"": ""$1.5 million discretionary"", ""minimum_guarantee"": ""$12.1 million over contract life"", ""no_competitive_bids"": true, ""price_cap"": ""CPI-linked"", ""years_added"": 6, ""years_remaining_on_existing"": 4}"
ev_f2f8e0bbaf01a767,Bon Appétit,Compass,bon appetit,,University of Chicago,Bartlett Dining Hall,won,2016-07-01,exact,,,,"[""Sodexo""]",|University Wire; Carlsbad |,2016-09-16,While You Were Writing Your Uncommon Essay...,articles/raw/usb1/Aramark/ProQuestDocuments-2026-07-29 (1).rtf,0.92,True,No venue_id match for Bartlett Dining Hall / University of Chicago dining services. Article says Bon Appétit 'took over on July 1' (2016). The contract covers UChicago dining broadly; Bartlett Dining Hall is mentioned as the specific location of the screw incident. Sodexo named as losing bidder alongside Aramark.,"{""incumbent"": ""Aramark"", ""incumbent_tenure_years"": 27}"
ev_c03f638e8b8b1b84,Aramark,Aramark,,,University of Chicago,Bartlett Dining Hall,lost,2016-07-01,exact,,,,,|University Wire; Carlsbad |,2016-09-16,While You Were Writing Your Uncommon Essay...,articles/raw/usb1/Aramark/ProQuestDocuments-2026-07-29 (1).rtf,0.92,True,"No venue_id match. Aramark described as 'the University's food supplier of 27 years' — lost to Bon Appétit effective July 1, 2016. The 27-year tenure implies Aramark held the contract since approximately 1989.","{""tenure_years"": 27}"
ev_297eec1ddc041a95,Aramark Services,Aramark,,,U.S. Coast Guard,USCG Academy,won,2016-09-15,exact,,29678469.29,,,"|Targeted News Service; Washington, D.C. |",2016-09-15,Federal Contracts Awarded by Federal Agencies in Virginia (Sept. 15),articles/raw/usb1/Aramark/ProQuestDocuments-2026-07-29 (1).rtf,0.85,True,"Federal contract for 'full food services' at USCG Academy in New London, CT. No candidate venue matches this location. The article describes a federal government contract award, not a typical stadium/arena concessions contract. Place of performance is the U.S. Coast Guard Academy.","{""contract_description"": ""full food services"", ""place_of_performance"": ""USCG Academy, New London, Connecticut"", ""naics"": ""722310""}"
ev_bdfb6f8e95b8eba0,Sodexo,Sodexo,,,Temple University,Temple,expired,2017-06-01,month,,24000000,10,,|University Wire; Carlsbad |,2016-09-13,University looking at food vendors,articles/raw/usb1/Aramark/ProQuestDocuments-2026-07-29 (1).rtf,0.85,True,No matching venue_id in candidate list for Temple University. Article states Sodexo's ~$24M contract expires June 2017. The RFP process is ongoing and no new contract has been awarded yet — only the expiration is a decided fact. Sodexo has been Temple's provider for 28 years per the article. Contract value described as 'nearly $24 million'.,"{""incumbent_tenure_years"": 28, ""bidders_named"": [""Sodexo"", ""Aramark""], ""dining_locations"": 17, ""campuses_served"": 3}"
ev_9894fba1b01080df,Aramark Correctional Services,Aramark Correctional Services,,,Tom Green County,Tom Green County Jail,renewed,2016-08-01,month,,,1,,|Standard Times; San Angelo |,2016-09-12,Police seeking info on Sept. 11 memorial destruction,articles/raw/usb1/Aramark/ProQuestDocuments-2026-07-29 (1).rtf,0.82,True,"No candidate venue matches Tom Green County Jail. Article says Aramark's contract 'automatically renewed at the end of August for another year' and 'is set to expire again in 2017.' This is a correctional facility food service contract, not a stadium/arena. Venue unmatched.","{""facility_type"": ""county jail"", ""renewal_type"": ""automatic""}"
ev_a493acde83f2b7cf,Aramark Correctional Services,Aramark Correctional Services,,,Tom Green County,Tom Green County Jail,violation,2016-08-02,exact,,,,,|Standard Times; San Angelo |,2016-09-12,Police seeking info on Sept. 11 memorial destruction,articles/raw/usb1/Aramark/ProQuestDocuments-2026-07-29 (1).rtf,0.85,True,"Two Aramark Correctional Services food service workers arrested for improper sexual relationships with inmates. Cases submitted to grand jury. No candidate venue matches Tom Green County Jail. This is a correctional facility, not a stadium/arena.","{""violation_type"": ""improper sexual activity with persons in custody"", ""employees_involved"": [""Luis Carlos Ayala"", ""Shannon Lorrian Strasburg""], ""facility_type"": ""county jail""}"
ev_0100a2ac6b81113d,Aramark Correctional Services,Aramark Correctional Services,,,Michigan Department of Corrections,state prison properties,won,2013-12-01,month,,145000000,3,,"|Lansing State Journal; Lansing, Mich. |",2016-09-09,Worker is fired for kissing inmate,articles/raw/usb1/Aramark/ProQuestDocuments-2026-07-29 (1).rtf,0.85,True,"No matching venue_id - this is a statewide prison food service contract covering 33 facilities, not a single stadium/arena venue. Article states Aramark began in December 2013, replacing ~370 unionized state employees. First outsourcing from state employees may be true but article doesn't explicitly say it was the first-ever outsourcing.","{""scope"": ""33 Michigan prison facilities, ~43,000 prisoners"", ""replaced"": ""approximately 370 unionized state employees""}"
ev_1fc8805b011c2e80,Aramark Correctional Services,Aramark Correctional Services,,,Michigan Department of Corrections,state prison properties,lost,2015-08-01,month,,,,,"|Lansing State Journal; Lansing, Mich. |",2016-09-09,Worker is fired for kissing inmate,articles/raw/usb1/Aramark/ProQuestDocuments-2026-07-29 (1).rtf,0.85,True,No matching venue_id - statewide prison food contract. Article says Trinity replaced Aramark in August 2015.,
ev_ca0859e280559ae9,Trinity Services Group,Trinity Services Group,,,Michigan Department of Corrections,state prison properties,won,2015-08-01,month,,158800000,3,,"|Lansing State Journal; Lansing, Mich. |",2016-09-09,Worker is fired for kissing inmate,articles/raw/usb1/Aramark/ProQuestDocuments-2026-07-29 (1).rtf,0.85,True,"No matching venue_id - statewide prison food contract, not a stadium/arena/convention center. Trinity Services Group is not on the known operator list. Article says Trinity replaced Aramark in August 2015. Contract value is estimated at $158.8M over 3 years.","{""scope"": ""33 Michigan prison facilities, ~43,000 prisoners"", ""headquarters"": ""Florida""}"
ev_22702e580d9e9660,Trinity Services Group,Trinity Services Group,,,Michigan Department of Corrections,Michigan prisons,won,2015-08-01,month,,,,,"|Livingston County Daily Press & Argus; Howell, Mich. |",2016-09-09,Food worker is fired for kissing inmate in cooler,articles/raw/usb1/Aramark/ProQuestDocuments-2026-07-29 (1).rtf,0.85,True,"Article states Trinity replaced Aramark as Michigan's prison food contractor in August 2015. No candidate venue matches; this is a statewide prison food service contract, not a stadium/arena/convention center. May be out of scope.",
ev_fdbd67926c4df7ee,Aramark Correctional Services,Aramark Correctional Services,,,Michigan Department of Corrections,Michigan prisons,lost,2015-08-01,month,,,,,"|Livingston County Daily Press & Argus; Howell, Mich. |",2016-09-09,Food worker is fired for kissing inmate in cooler,articles/raw/usb1/Aramark/ProQuestDocuments-2026-07-29 (1).rtf,0.85,True,"Article states Aramark was replaced by Trinity as Michigan's prison food contractor in August 2015. No candidate venue matches; this is a statewide prison food service contract, not a stadium/arena/convention center. May be out of scope.",
ev_d43a44138dcf3ec5,Chartwells,Compass,Chartwells,,Southwest State University,SMSU campus,won,,approx,,,,,|University Wire; Carlsbad |,2016-09-08,Starbucks to be student-run,articles/raw/usb1/Aramark/ProQuestDocuments-2026-07-29 (1).rtf,0.8,True,"Article refers to SMSU (Southwest State University, Marshall, MN) — not University of Minnesota. No matching venue_id in candidates. The switch from Aramark to Chartwells is described as having already occurred but no date is given.",
ev_f589bb1d345c1fa4,Aramark,Aramark,,,Southwest State University,SMSU campus,lost,,approx,,,,,|University Wire; Carlsbad |,2016-09-08,Starbucks to be student-run,articles/raw/usb1/Aramark/ProQuestDocuments-2026-07-29 (1).rtf,0.8,True,"Article states Aramark was the previous food service provider at SMSU before Chartwells took over. No venue_id match — SMSU is Southwest Minnesota State University in Marshall, MN, not University of Minnesota. No date given for the switch.",
ev_02610c1a3e46c43c,Chartwells,Compass,Chartwells,,Southwest State University,SMSU campus,won,,approx,,,,,|University Wire; Carlsbad |,2016-09-08,Starbucks to be student-run,articles/raw/usb1/Aramark/ProQuestDocuments-2026-07-29 (1).rtf,0.75,True,"No venue_id match — SMSU (Southwest Minnesota State University, Marshall MN) is not in the candidate venue list. The article says Chartwells is 'SMSU's new food service provider after switching from Aramark,' but gives no exact date for the switch. The article is from Sept 2016 and describes Chartwells as already in place.",
ev_7e23c8700e5c112a,Aramark,Aramark,,,Southwest State University,SMSU campus,lost,,approx,,,,,|University Wire; Carlsbad |,2016-09-08,Starbucks to be student-run,articles/raw/usb1/Aramark/ProQuestDocuments-2026-07-29 (1).rtf,0.75,True,"No venue_id match — SMSU (Southwest Minnesota State University, Marshall MN) is not in the candidate venue list. Aramark was the previous food service provider, replaced by Chartwells. No exact date given for the switch.",
ev_ebcf556433c35988,Aramark,Aramark,,,University of Louisville,U of L,won,,approx,,,,,|University Wire; Carlsbad |,2016-09-08,Aramark refreshes U of L's dining options,articles/raw/usb1/Aramark/ProQuestDocuments-2026-07-29 (1).rtf,0.85,True,Article describes Aramark as having replaced Sodexo at the University of Louisville. No specific date given for when the switch occurred; article published 2016-09-08 describes changes noticed by returning students (implying start around fall 2016). No candidate venue matches the University of Louisville; needs review.,"{""named_brands"": [""Mark's Feed Store"", ""Panda Express"", ""Starbucks"", ""Twisted Taco"", ""Au Bon Pain"", ""P.O.D Express""]}"
ev_ed6542c6ac3411e7,Sodexo,Sodexo,,,University of Louisville,U of L,lost,,approx,,,,,|University Wire; Carlsbad |,2016-09-08,Aramark refreshes U of L's dining options,articles/raw/usb1/Aramark/ProQuestDocuments-2026-07-29 (1).rtf,0.85,True,Article states Sodexo was the previous food services provider at U of L and has been replaced by Aramark. No specific date given. No candidate venue matches. Needs review.,
ev_6d593eeb311d29ff,Chartwells,Compass,Chartwells,,Southwest State University,SMSU,won,2016-07-01,month,,,,,|University Wire; Carlsbad |,2016-09-08,Starbucks to be student-run,articles/raw/usb1/Aramark/ProQuestDocuments-2026-07-29 (1).rtf,0.8,True,"Article says Chartwells is 'SMSU's new food service provider after switching from Aramark.' SMSU is Southwest Minnesota State University in Marshall, MN — not matched to any candidate venue. Date inferred from 'As of July' in article dated Sept 2016.",
ev_9237db883fc6d2ee,Aramark,Aramark,,,Southwest State University,SMSU,lost,2016-07-01,month,,,,,|University Wire; Carlsbad |,2016-09-08,Starbucks to be student-run,articles/raw/usb1/Aramark/ProQuestDocuments-2026-07-29 (1).rtf,0.8,True,"Aramark named as the previous food service provider replaced by Chartwells. SMSU (Southwest Minnesota State University, Marshall MN) does not match any candidate venue. Date inferred from 'As of July' context.",
ev_4203f9045b98efed,Trinity Food Services,Trinity Food Services,,,State of Michigan,Michigan prison food service,won,2015-09-01,month,False,,,,"|Detroit Free Press; Detroit, Mich. |",2016-09-07,Prison food staffer fired on suspicion of drugs,articles/raw/usb1/Aramark/ProQuestDocuments-2026-07-29 (1).rtf,0.8,True,"Article states Trinity replaced Aramark Correctional Services in September 2015 for Michigan's privatized prison food service. No candidate venue matches — this is a statewide prison food service contract, not a stadium/arena/convention center. The state first outsourced prison food in December 2013 (to Aramark), so this is not first_outsourcing. Venue not in candidate list.","{""incumbent"": ""Aramark Correctional Services"", ""scope"": ""statewide prison food service"", ""first_outsourcing_date"": ""2013-12""}"
ev_eb1bea5b8402c598,Aramark Correctional Services,Aramark Correctional Services,,,State of Michigan,Michigan prison food service,lost,2015-09-01,month,,,,,"|Detroit Free Press; Detroit, Mich. |",2016-09-07,Prison food staffer fired on suspicion of drugs,articles/raw/usb1/Aramark/ProQuestDocuments-2026-07-29 (1).rtf,0.8,True,"Article states Trinity replaced Aramark Correctional Services in September 2015. Aramark had held the contract since December 2013 when Michigan first privatized prison food. No candidate venue matches — statewide prison system, not a stadium/arena/convention center.","{""successor"": ""Trinity Food Services"", ""scope"": ""statewide prison food service"", ""contract_start"": ""2013-12""}"
ev_5b17059ccc583b50,Trinity Food Services,Trinity Food Services,,,State of Michigan,Cotton Correctional Facility,violation,2016-09-01,month,,,,,"|Detroit Free Press; Detroit, Mich. |",2016-09-07,Prison food staffer fired on suspicion of drugs,articles/raw/usb1/Aramark/ProQuestDocuments-2026-07-29 (1).rtf,0.75,True,"Trinity employee caught with suspected drugs at Cotton Correctional Facility on Thursday (likely Sept 1, 2016). No candidate venue matches. This is a correctional facility, not a stadium/arena/convention center.","{""violation_type"": ""suspected drug smuggling by employee""}"
ev_a36bf206a66e4483,Trinity Food Services,Trinity Food Services,,,Michigan Department of Corrections,Cotton Correctional Facility,violation,2016-09-01,month,,,,,"|Lansing State Journal; Lansing, Mich. |",2016-09-07,Worker suspected of having drugs,articles/raw/usb1/Aramark/ProQuestDocuments-2026-07-29 (1).rtf,0.75,True,"No matching venue_id in candidate list. Article reports a Trinity Food Services worker was caught with suspected drugs at Cotton Correctional Facility near Jackson, MI. This is a correctional facility, not in our venue spine. Article also confirms Trinity replaced Aramark in September 2015 and privatization began December 2013.",
ev_f8fc477c2be54fd8,Trinity Food Services,Trinity Food Services,,,Michigan Department of Corrections,Ionia Correctional Facility,violation,2016-05-01,month,,,,,"|Lansing State Journal; Lansing, Mich. |",2016-09-07,Worker suspected of having drugs,articles/raw/usb1/Aramark/ProQuestDocuments-2026-07-29 (1).rtf,0.7,True,"No matching venue_id in candidate list. In May 2016, a Trinity worker at Ionia Correctional Facility was fired after allegedly found with heroin and meth. Correctional facility not in our venue spine.",
ev_ee0b16f565ec83f6,Aramark,Aramark,,,University of Louisville,U of L,won,2016-08-01,approx,,,15,,|University Wire; Carlsbad |,2016-09-03,U of L answers dining questions,articles/raw/usb1/Aramark/ProQuestDocuments-2026-07-29 (1).rtf,0.85,True,"No candidate venue matched University of Louisville campus dining. Article describes Aramark's first two weeks as U of L's dining partner as of early September 2016, so contract start is approximately August 2016. 15-year contract includes $33 million in renovations. Article mentions Sodexo as the predecessor operator at the Ville Grill.","{""capital_investment_usd"": 33000000, ""capital_investment_description"": ""$33 million in renovations of restaurants"", ""meal_plan_price_increases"": ""3% or inflation (whichever is greater) for first 3 years"", ""incumbent"": ""Sodexo""}"
ev_19612d8dd1f9846d,Sodexo,Sodexo,,,University of Louisville,Ville Grill,lost,2016-08-01,approx,,,,,|University Wire; Carlsbad |,2016-09-03,U of L answers dining questions,articles/raw/usb1/Aramark/ProQuestDocuments-2026-07-29 (1).rtf,0.7,True,"No candidate venue matched University of Louisville. Article says 'Sodexo-ran Ville Grill' in past tense, implying Sodexo was the predecessor operator. Ville Grill is part of U of L campus dining. Sodexo is identified only as running the Ville Grill, but the context implies they were the overall campus dining operator replaced by Aramark.",
ev_f57b4ea2d4198326,Aramark,Aramark,,,University of Louisville,U of L,won,2016-08-01,approx,,,15,,|University Wire; Carlsbad |,2016-09-03,U of L answers dining questions,articles/raw/usb1/Aramark/ProQuestDocuments-2026-07-29 (1).rtf,0.88,True,"No candidate venue matched University of Louisville campus dining. Article describes Aramark's first two weeks as dining partner, with a 15-year contract including $33M in renovations. Event date approximated from fall semester 2016 start (Aug 21 mentioned). The $33M is described as renovation investment, not necessarily total contract value, so left null.","{""capital_investment_usd"": 33000000, ""capital_investment_notes"": ""$33 million in renovations of restaurants"", ""built_in_meal_plan_increases"": ""3% or inflation (whichever greater) for first 3 years"", ""incumbent"": ""Sodexo""}"
ev_cc41f3a8a5c4d46c,Sodexo,Sodexo,,,University of Louisville,Ville Grill,lost,2016-08-01,approx,,,,,|University Wire; Carlsbad |,2016-09-03,U of L answers dining questions,articles/raw/usb1/Aramark/ProQuestDocuments-2026-07-29 (1).rtf,0.75,True,"No candidate venue matched. Article refers to 'Sodexo-ran Ville Grill' in past tense, implying Sodexo was the previous dining operator at U of L, now replaced by Aramark. The Ville Grill is part of U of L campus dining. Venue name as written uses the specific dining hall name mentioned in context of Sodexo's operation.","{""violation_history"": ""four C ratings from Health Department in three years under Sodexo""}"
ev_10286f439ee953e2,Sodexo America,Sodexo,,,University of Maine at Farmington,University of Maine at Farmington,won,,approx,,,,,|TCA Regional News; Chicago |,2016-08-26,BRIEF: Farmington board hires policeman,articles/raw/usb1/Aramark/ProQuestDocuments-2026-07-29 (1).rtf,0.85,True,"No candidate venue matches University of Maine at Farmington. Article says Sodexo America 'has taken over' food service, implying recent switch. No specific date given.",
ev_d03915d04fee81c9,Aramark,Aramark,,,University of Maine at Farmington,University of Maine at Farmington,lost,,approx,,,,,|TCA Regional News; Chicago |,2016-08-26,BRIEF: Farmington board hires policeman,articles/raw/usb1/Aramark/ProQuestDocuments-2026-07-29 (1).rtf,0.85,True,"No candidate venue matches University of Maine at Farmington. Article states Sodexo America took over from Aramark, so Aramark lost the contract. No specific date given.",
ev_53f3724bb634c03f,Sodexo America,Sodexo,,,University of Maine at Farmington,University of Maine at Farmington,won,,approx,,,,,"|Sun Journal; Lewiston, Me. |",2016-08-25,Farmington board hires policeman,articles/raw/usb1/Aramark/ProQuestDocuments-2026-07-29 (1).rtf,0.85,True,"No matching venue in candidate list. Article says Sodexo America 'has taken over' food service at UMaine Farmington, replacing Aramark. Date not stated; article published 2016-08-25, event likely shortly before.",
ev_6ecda175813bf0b8,Aramark,Aramark,,,University of Maine at Farmington,University of Maine at Farmington,lost,,approx,,,,,"|Sun Journal; Lewiston, Me. |",2016-08-25,Farmington board hires policeman,articles/raw/usb1/Aramark/ProQuestDocuments-2026-07-29 (1).rtf,0.85,True,No matching venue in candidate list. Article states Aramark was the former food service provider replaced by Sodexo America. Date not stated.,
ev_3f56dfa6a6530881,Chartwells,Compass,Chartwells,wd-Q6794182,University of Texas at Arlington,University of Texas - Arlington,won,2016-06-06,approx,,,,,|University Wire; Carlsbad |,2016-08-22,New food distributor refreshes UTA's cuisine,articles/raw/usb1/Aramark/ProQuestDocuments-2026-07-29 (1).rtf,0.9,False,"Article describes Chartwells as the new university food distributor, replacing Aramark. Outtakes Quick Cuisine stores opened June 6, suggesting the transition happened around that time. Chartwells funded renovations and was chosen for its customer service delivery model. Venue matched to Maverick Stadium (UTA campus) as the university venue; the contract covers multiple campus locations including University Center, Maverick Activities Center, University Club, College Park District, etc.","{""campus_locations_served"": [""residential dining"", ""University Center Plaza"", ""UC Starbucks"", ""Maverick Activities Center"", ""University Center Market"", ""Einstein Bros. Bagels"", ""University Club"", ""College Park District""], ""renovations_funded_by_operator"": true}"
ev_e1e02178446ca129,Aramark,Aramark,,wd-Q6794182,University of Texas at Arlington,University of Texas - Arlington,lost,2016-06-06,approx,,,,,|University Wire; Carlsbad |,2016-08-22,New food distributor refreshes UTA's cuisine,articles/raw/usb1/Aramark/ProQuestDocuments-2026-07-29 (1).rtf,0.9,False,Article identifies Aramark as 'the old food distributor' replaced by Chartwells. Date approximated from the June 6 opening of Outtakes stores under new operator.,
ev_79756416ee45996e,"ARAMARK Educational Services of Texas, Inc.","ARAMARK Educational Services of Texas, Inc.",Aramark Educational Services,,Sam Houston State University,SHSU,renewed,,approx,,,,,"|US Fed News Service, Including US State News; Washington, D.C. |",2016-08-20,"REGENTS APPROVE DEGREE CHANGES, RECOGNIZE FACULTY",articles/raw/usb1/Aramark/ProQuestDocuments-2026-07-29 (1).rtf,0.55,True,"Article describes approval of Amendment No. 13 to a 2005 Food Service Contract with Aramark Educational Services. This is an amendment to an existing contract (reducing commissions beginning June 1, 2018, to support expansion of food service operations), not a new award or a renewal per se. Classified as 'renewed' since it extends/modifies an existing contract, but reviewer should verify whether this qualifies as a contract event or is merely an amendment. No candidate venue matches Sam Houston State University. Original contract dates to 2005.","{""amendment_number"": 13, ""original_contract_year"": 2005, ""commission_change"": ""reduced commissions for branded and non-board cash sales beginning June 1, 2018"", ""expansion_details"": ""two new branded food venues in Lowman Student Center following renovations""}"
ev_1ce7bd4d51695bb7,Aramark,Aramark,,,Florida Gulf Coast University,FGCU,lost,,approx,,,,,"|The News Press; Fort Myers, Fla. |",2016-08-17,Back to school at FGCU: Five things to know for 2016,articles/raw/usb1/Aramark/ProQuestDocuments-2026-07-29 (1).rtf,0.9,True,No candidate venue matches Florida Gulf Coast University (FGCU). Article says FGCU 'cutting ties' with Aramark as its former food service management company. Exact date of contract end not stated; happened before 2016-17 school year.,
ev_ba3582e42d4248f2,Chartwells,Compass,Chartwells,,Florida Gulf Coast University,FGCU,won,,approx,,,,,"|The News Press; Fort Myers, Fla. |",2016-08-17,Back to school at FGCU: Five things to know for 2016,articles/raw/usb1/Aramark/ProQuestDocuments-2026-07-29 (1).rtf,0.9,True,No candidate venue matches Florida Gulf Coast University (FGCU). Article states 'The university decided to contract with Chartwells after doing a two-year review of its dining and catering needs.' Exact date not stated; in effect by start of 2016-17 school year.,
ev_63e00132b530584f,Aramark,Aramark,,,,Rock and Roll Hall of Fame,won,,approx,,,,,|Fair Disclosure Wire; Linthicum |,2016-08-10,Q3 2016 Aramark Earnings Call - Final,articles/raw/usb1/Aramark/ProQuestDocuments-2026-07-29 (1).rtf,0.7,True,"Mentioned as a 'new business win' in Q3 2016 earnings call. No venue_id match found among candidates. No specific date given. The Rock and Roll Hall of Fame is in Cleveland, OH.",
ev_63e00132b530584f,Aramark,Aramark,,,,Yosemite National Park,won,,approx,,,,,|Fair Disclosure Wire; Linthicum |,2016-08-10,Q3 2016 Aramark Earnings Call - Final,articles/raw/usb1/Aramark/ProQuestDocuments-2026-07-29 (1).rtf,0.75,True,"Described as 'first quarter of full operations at Yosemite' and 'hit the ground running in Yosemite National Park', indicating a recently won contract. Approx $45M revenue recorded in the quarter. No venue_id match among candidates. This is a national park, not a stadium/arena/convention center - may be out of scope.",
ev_d93165ae10ec1bd6,Aramark,Aramark,,,Tennessee Department of Correction,Tennessee Department of Correction,won,2016-10-01,exact,,,,,"|The Daily News Journal; Murfreesboro, Tenn. |",2016-08-08,State picks prison food provider Aramark,articles/raw/usb1/Aramark/ProQuestDocuments-2026-07-29 (1).rtf,0.55,True,"Article says department 'plans to award' and expected start date is Oct 1, 2016, but contract has not yet been finalized ('After the State and Aramark negotiate and finalize a contract...'). This is a prison food services contract, not a stadium/arena/convention center. No matching venue_id. Borderline whether this counts as decided — the department announced the selection but contract not yet signed.","{""incumbent"": ""TRICOR (Tennessee Rehabilitative Initiative in Correction)"", ""facility_type"": ""state prison system""}"
ev_535c9491784104c8,TRICOR,TRICOR,,,Tennessee Department of Correction,Tennessee Department of Correction,lost,2016-10-01,exact,,,,,"|The Daily News Journal; Murfreesboro, Tenn. |",2016-08-08,State picks prison food provider Aramark,articles/raw/usb1/Aramark/ProQuestDocuments-2026-07-29 (1).rtf,0.55,True,"TRICOR is not a standard food-service operator; it is a state rehabilitation program that ran a cook-chill food program for TN prisons. This is a prison contract, not a stadium/arena/convention center venue. No venue_id match. The contract end is announced but Aramark contract not yet finalized.","{""successor"": ""Aramark"", ""facility_type"": ""state prison system""}"
ev_e0f052ff96215591,Aramark,Aramark,,,Michigan Department of Corrections,Michigan Department of Corrections,expired,2015-01-01,year,,145000000,1.5,,"|The Daily News Journal; Murfreesboro, Tenn. |",2016-08-08,State picks prison food provider Aramark,articles/raw/usb1/Aramark/ProQuestDocuments-2026-07-29 (1).rtf,0.6,True,"Article says Michigan and Aramark mutually agreed to end their $145M 3-year contract 18 months early in 2015. This is a prison food contract, not a stadium/arena/convention center. Original contract was $145M over 3 years; ended 18 months in. Date is approximate — article says '2015' with no month. No venue_id match. Contract value listed is the original full contract value, not what was actually paid.","{""facility_type"": ""state prison system"", ""original_contract_length_years"": 3, ""early_termination"": true, ""violations_noted"": [""meal shortages"", ""maggots in food"", ""rodent-chewed food"", ""employee misconduct"", ""drug smuggling""], ""fines"": ""$200,000 in August 2014""}"
ev_22f81347b12bfe06,Aramark,Aramark,,,Tennessee Department of Correction,Tennessee Department of Correction,won,2016-10-01,exact,,,,,"|The Tennessean; Nashville, Tenn. |",2016-08-08,"Tennessee picks Aramark, another prison food provider with troubled past",articles/raw/usb1/Aramark/ProQuestDocuments-2026-07-29 (1).rtf,0.72,True,"No matching venue_id — this is a state prison system food services contract, not a stadium/arena. The article says 'the department plans to award' and 'expected start date for food delivery will be October 1, 2016' — the contract had not yet been finalized at article date, but the department announced Aramark as the chosen provider. The contract and its finalization were still pending negotiation. Borderline between a decided award and a pending decision.","{""named_incumbent"": ""TRICOR (Tennessee Rehabilitative Initiative in Correction)""}"
ev_874a10d680f7405a,TRICOR,TRICOR,,,Tennessee Department of Correction,Tennessee Department of Correction,lost,2016-10-01,exact,,,,,"|The Tennessean; Nashville, Tenn. |",2016-08-08,"Tennessee picks Aramark, another prison food provider with troubled past",articles/raw/usb1/Aramark/ProQuestDocuments-2026-07-29 (1).rtf,0.7,True,"No matching venue_id — state prison system, not a stadium/arena. TRICOR is a state rehabilitation agency, not a standard food-service operator. The article says the food service contract with TRICOR 'will come to an end' and Aramark replaces them. Contract not yet finalized at article date.",
ev_2bc9eb9a44038b70,Aramark,Aramark,,,Michigan Department of Corrections,Michigan Department of Corrections,lost,2015-01-01,year,,145000000,3,,"|The Tennessean; Nashville, Tenn. |",2016-08-08,"Tennessee picks Aramark, another prison food provider with troubled past",articles/raw/usb1/Aramark/ProQuestDocuments-2026-07-29 (1).rtf,0.75,True,"No matching venue_id — Michigan prison system, not a stadium/arena. Article says 'In 2015, the state of Michigan and Aramark agreed to end their $145 million, three-year contract 18 months early.' Reported via Detroit Free Press. The contract ended by mutual agreement.","{""ended_early"": true, ""early_termination_detail"": ""ended 18 months early""}"
ev_8745d01a1fc37af0,Aramark,Aramark,,,Tennessee Department of Correction,Tennessee Department of Correction,won,2016-10-01,exact,,,,,"|News Sentinel; Knoxville, Tenn. |",2016-08-05,State hires Aramark to feed prisoners: Move comes after Tennessee dumps TRICOR,articles/raw/usb1/Aramark/ProQuestDocuments-2026-07-29 (1).rtf,0.55,True,"Article says 'the department plans to award' and 'expected start date' of Oct 1 2016 — contract not yet finalized at publication. However, headline says 'State hires Aramark'. The contract is described as planned/expected, not yet signed. Venue is a prison system, not a stadium/arena/convention center — may be out of scope. No matching venue_id.","{""incumbent"": ""TRICOR (Tennessee Rehabilitative Initiative in Correction)""}"
ev_8919c20ab2a949d0,Aramark,Aramark,,,Michigan Department of Corrections,Michigan Department of Corrections,lost,2015-01-01,year,,145000000,3,,"|News Sentinel; Knoxville, Tenn. |",2016-08-05,State hires Aramark to feed prisoners: Move comes after Tennessee dumps TRICOR,articles/raw/usb1/Aramark/ProQuestDocuments-2026-07-29 (1).rtf,0.5,True,"Article reports Michigan and Aramark 'agreed to end their $145 million, three-year contract 18 months early' in 2015. This is a prison system, not a stadium/arena/convention center — likely out of scope. No matching venue_id. Date is approximate (article says 'in 2015'). Reported secondhand via Detroit Free Press.","{""ended_early"": true, ""ended_early_detail"": ""18 months early on a 3-year contract""}"
ev_3eccefa12c893476,Harry M. Stevens,Harry M. Stevens,,wd-Q1545870,,Veterans Stadium,won,1997-01-01,approx,,,13,,|TCA Regional News; Chicago |,2016-07-30,"In Philly, from cleaning lady to CEO, a rags-to-riches story",articles/raw/usb1/Aramark/ProQuestDocuments-2026-07-29 (1).rtf,0.45,True,"The article describes Harry M. Stevens landing a contract at Veterans Stadium (Philadelphia) and subcontracting cleaning to Team Clean. The interviewee says 'maybe about 19 years ago' from 2016, placing it around 1997. However, this is a cleaning/janitorial subcontract, not a food-service concessions contract per se. Harry M. Stevens is described as the prime contractor who 'landed a contract' at the stadium and needed a minority subcontractor for cleaning. The article says Harry M. Stevens 'was bought by Aramark' but does not specify when — per rules, we keep it as Harry M. Stevens. The venue is Philadelphia's Veterans Stadium (now demolished), matching wd-Q1545870 despite plausible_at_article_date=False, since the stadium was demolished in 2004 and the contract was ~1997. Needs review: (1) this may be a cleaning contract rather than food-service, (2) date is approximate, (3) operator not on normalized list.","{""subcontractor"": ""Team Clean Inc."", ""subcontractor_role"": ""cleaning/janitorial"", ""minority_vendor"": true, ""nightly_staff"": 200}"
ev_7f45b1ee671f005a,ISS,ISS,,,Rio Tinto,Rio Tinto,lost,2016-01-01,year,,,,,|The Australian Financial Review; Melbourne |,2016-12-03,Top tips from Mickey Mouse make ISS all ears on quality: Services,articles/raw/usb1/Sodexho/ProQuestDocuments-2026-07-29.rtf,0.45,True,"Article says ISS lost a 'big contract' with Rio Tinto in Australia in 2016. This is a mining/corporate services contract in Australia, not a US stadium. The candidate venue 'America First Field' (Rio Tinto Stadium) in Utah is a US soccer stadium and almost certainly not what is being discussed here. No venue_id matched. This is likely not a US venue contract at all.",
ev_6b08126afa853bbc,Sodexo,Sodexo,,,University of Nottingham,David Ross Sports Village,won,2016-11-01,month,,,10,,|Nottingham Evening Post; Nottingham (UK) |,2016-11-08,Sodexo contract creates 12 vacancies,articles/raw/usb1/Sodexho/ProQuestDocuments-2026-07-29.rtf,0.85,True,"Venue is David Ross Sports Village at the University of Nottingham (UK), not a US venue. No candidate venue matches. Contract value is £5 million (GBP), not USD, so left null. Article says venue is 'set to open this month' (November 2016).","{""contract_value_gbp"": 5000000, ""named_concept"": ""The Clubhouse""}"
ev_2c9adfc73a07f5c3,Aramark,Aramark,,,University of Toronto,University of Toronto,lost,2016-01-01,month,,,,,|Maclean's; Toronto |,2016-11-07,A great campus food makeover,articles/raw/usb1/Sodexho/ProQuestDocuments-2026-07-29.rtf,0.9,True,"No matching venue_id in candidates — University of Toronto St. George campus is in Toronto, Canada, not a US venue. Article states in January 2016 U of T announced it would not renew its contract with Aramark, which had operated for over 10 years. This is a Canadian university, not a US stadium/arena/convention center.","{""contract_duration_mentioned"": ""over 10 years""}"
ev_0d84f3aac24baa25,University of Toronto,University of Toronto,,,University of Toronto,University of Toronto,self_op,2016-01-01,month,,,,,|Maclean's; Toronto |,2016-11-07,A great campus food makeover,articles/raw/usb1/Sodexho/ProQuestDocuments-2026-07-29.rtf,0.9,True,"No matching venue_id in candidates. U of T took food service in-house on St. George campus after not renewing Aramark contract. Announced January 2016. Canadian university, not a US venue. Article says Scarborough and Mississauga campuses stayed with third-party service.","{""daily_meals_retail"": 8000, ""daily_meals_residence"": 6000, ""students_served"": 85000, ""scope"": ""St. George campus only""}"
ev_7ed47775d4e71816,Sodexo,Sodexo,,,NUI Galway,An Bhialann,won,,approx,,,,,|The Daily Mirror; London (UK) |,2016-11-03,Sodexo secures EUR 2m NUI Galway contract: dublinchambernews [Eire Region],articles/raw/usb1/Sodexho/ProQuestDocuments-2026-07-29.rtf,0.85,True,"No matching venue_id in candidate list. Venue is An Bhialann, a 720-seat restaurant on NUI Galway's campus in Ireland — not a US venue. Contract value stated as EUR 2 million per year (not converted to USD since it's in euros and annual, not total). Article says this is Sodexo's 'first Irish university catering contract'. Event date not explicitly stated; article published 2016-11-03.","{""contract_value_eur_annual"": 2000000, ""currency"": ""EUR"", ""menu_consultant"": ""JP McMahon"", ""staff_count"": 40, ""student_count"": 17000, ""first_irish_university_contract"": true}"
ev_110022717d7259bb,Aramark,Aramark,,wd-Q603034,Drexel University,Drexel University,won,2016-12-11,exact,,,,,"|Philadelphia Inquirer; Philadelphia, Pa. |",2016-11-01,BriefCase,articles/raw/usb1/Sodexho/ProQuestDocuments-2026-07-29.rtf,0.95,False,Article states Drexel selected Aramark as new dining-services provider effective Dec. 11. President John A. Fry announced Monday.,
ev_f6b5a2138034d929,SodexoMagic,Sodexo,sodexomagic,wd-Q603034,Drexel University,Drexel University,lost,2016-12-11,exact,,,,,"|Philadelphia Inquirer; Philadelphia, Pa. |",2016-11-01,BriefCase,articles/raw/usb1/Sodexho/ProQuestDocuments-2026-07-29.rtf,0.93,False,"SodexoMagic LLC, described as a joint venture of Magic Johnson Enterprises and Sodexo, was terminated by Drexel in September 2016. Filed federal lawsuit alleging Drexel misrepresented expected student body growth.","{""termination_letter_date"": ""September 2016"", ""lawsuit_filed"": true}"
ev_d9fc15e40b846eb8,Aramark,Aramark,,,Temple University,Temple University,won,,approx,,,,,"|Philadelphia Inquirer; Philadelphia, Pa. |",2016-11-01,BriefCase,articles/raw/usb1/Sodexho/ProQuestDocuments-2026-07-29.rtf,0.75,True,Article says Aramark 'recently won a contract to replace Sodexo at Temple University.' No venue_id match among candidates. Date unknown beyond 'recently' relative to Nov 2016.,"{""named_incumbent"": ""Sodexo""}"
ev_a5eefc7e95315fce,Sodexo,Sodexo,,,Temple University,Temple University,lost,,approx,,,,,"|Philadelphia Inquirer; Philadelphia, Pa. |",2016-11-01,BriefCase,articles/raw/usb1/Sodexho/ProQuestDocuments-2026-07-29.rtf,0.75,True,Article states Aramark won contract to 'replace Sodexo' at Temple University. No venue_id match among candidates. Date unknown beyond 'recently' relative to Nov 2016.,
ev_c879640f6f86d456,Sodexo,Sodexo,,,University of Maine System,University of Maine System,won,2016-01-01,year,,,,,"|Portland Press Herald; Portland, Me. |",2016-10-23,Notes from the farm to table and sustainable world,articles/raw/usb1/Sodexho/ProQuestDocuments-2026-07-29.rtf,0.85,True,"Article says 'Earlier this year, the University of Maine System awarded its new dining service contract to Sodexo.' No venue_id match — this is a university dining contract across multiple campuses, not a single venue. Date is 'earlier this year' (2016), precision set to year.","{""local_sourcing_commitment"": ""25 to 30 percent"", ""initiative_name"": ""The Maine Course by Sodexo""}"
ev_2965784eba04f957,Aramark,Aramark,,,University of Maine System,University of Maine System,lost,2016-01-01,year,,,,,"|Portland Press Herald; Portland, Me. |",2016-10-23,Notes from the farm to table and sustainable world,articles/raw/usb1/Sodexho/ProQuestDocuments-2026-07-29.rtf,0.85,True,"Article states 'previously, Aramark held the contract' — lost to Sodexo earlier in 2016. No venue_id match; university dining contract across multiple campuses.",
ev_54bf40d031fa7244,SodexoMAGIC,Sodexo,SodexoMAGIC,wd-Q603034,Drexel University,Drexel University,won,2015-05-01,month,,,10,,|Food Management; Cleveland |,2016-10-20,SodexoMAGIC files fraud complaint against Drexel,articles/raw/usb1/Sodexho/ProQuestDocuments-2026-07-29.rtf,0.9,False,"Contract signed May 2015 for 10 years. Required $24M investment in dining facilities including $9.3M upfront. Article also reports Drexel terminated the contract effective Dec. 10, 2016 (see separate expired event).","{""capital_investment_usd"": 24000000, ""upfront_payment_usd"": 9300000, ""predecessor_tenure_years"": 21}"
ev_9b69752e4110e409,SodexoMAGIC,Sodexo,SodexoMAGIC,wd-Q603034,Drexel University,Drexel University,expired,2016-12-10,exact,,,,,|Food Management; Cleveland |,2016-10-20,SodexoMAGIC files fraud complaint against Drexel,articles/raw/usb1/Sodexho/ProQuestDocuments-2026-07-29.rtf,0.9,False,"Drexel issued a letter of termination in September 2016, effective Dec. 10, 2016. Contract terminated due to dispute over enrollment misrepresentation. No successor named at time of article.","{""termination_reason"": ""fraud dispute over enrollment figures""}"
ev_a37bafd56fdad641,SodexoMAGIC,Sodexo,SodexoMAGIC,wd-Q603034,Drexel University,Drexel,violation,2016-10-01,month,,,,,|Food Management; Cleveland |,2016-10-20,SodexoMAGIC files fraud complaint against Drexel,articles/raw/usb1/Sodexho/ProQuestDocuments-2026-07-29.rtf,0.75,True,"SodexoMAGIC filed fraud complaint against Drexel (not the other way around). This is the operator alleging the client committed fraud, not a violation by the operator. Flagging for review as the violation event_type may not perfectly fit — the fraud complaint is by the operator against the university, not a regulatory violation attributed to the operator. Consider whether this event should be kept or dropped.",
ev_33650d0abe13f0c7,SodexoMagic,Sodexo,SodexoMagic,wd-Q603034,Drexel University,Drexel University,won,2015-05-01,month,,,10,,"|The Daily Record; Baltimore, Md. |",2016-10-10,Md. company alleges fraud by Drexel University,articles/raw/usb1/Sodexho/ProQuestDocuments-2026-07-29.rtf,0.9,False,Article states the deal was signed in May 2015. Contract value described as 'worth millions of dollars' with 'multimillion-dollar investments' and 'tens of millions of dollars in commissions' but no specific figure given.,"{""commissions_to_university"": ""tens of millions of dollars"", ""capital_investment"": ""multimillion-dollar investments in renovations to Drexel facilities"", ""prior_relationship_years"": 21}"
ev_27cf5d4cc3acfdd0,SodexoMagic,Sodexo,SodexoMagic,wd-Q603034,Drexel University,Drexel University,lost,2016-09-01,month,,,,,"|The Daily Record; Baltimore, Md. |",2016-10-10,Md. company alleges fraud by Drexel University,articles/raw/usb1/Sodexho/ProQuestDocuments-2026-07-29.rtf,0.85,True,"Article states 'Drexel terminated the contract last month' (article dated 2016-10-10, so September 2016). This is a termination by the university, not a normal contract switch — no successor is named. Classified as 'lost' since Drexel ended the contract. Exact date in September unknown.","{""termination_reason"": ""Drexel terminated the contract; SodexoMagic filed fraud lawsuit alleging misrepresentation of student enrollment growth""}"
ev_56c9d453881a20b6,Morrison Healthcare,Compass,Morrison Healthcare,,Mayo Clinic,Mayo Clinic,won,,approx,,,10,,"|Post - Bulletin; Rochester, Minn. |",2016-08-31,Mayo rejects SEIU proposal in labor dispute,articles/raw/usb1/Sodexho/ProQuestDocuments-2026-07-29.rtf,0.75,True,"No venue_id match. Mayo plans to transition food service to Morrison Healthcare over 12-18 months as part of a 10-year contract. Article describes this as a plan/transition rather than a completed award, but Mayo has confirmed the deal and is already in bargaining sessions about the transition. Covers 20 facilities across the country including Rochester, Austin, Albert Lea, Owatonna, Mankato, Fairmont. Confidence lower because transition is described as planned/upcoming rather than fully executed.","{""facilities_count"": 20, ""transition_period_months"": ""12-18"", ""locations_mentioned"": [""Rochester"", ""Austin"", ""Albert Lea"", ""Owatonna"", ""Mankato"", ""Fairmont""], ""incumbent"": ""Sodexo"", ""union"": ""SEIU Healthcare Minnesota"", ""union_workers_affected"": 700, ""union_workers_rochester"": 350}"
ev_2b58fac4742e2720,Sodexo,Sodexo,,,Mayo Clinic,Mayo Clinic,lost,,approx,,,,,"|Post - Bulletin; Rochester, Minn. |",2016-08-31,Mayo rejects SEIU proposal in labor dispute,articles/raw/usb1/Sodexho/ProQuestDocuments-2026-07-29.rtf,0.72,True,No venue_id match. Sodexo is the incumbent being replaced by Morrison Healthcare at Mayo Clinic's 20 facilities. The transition is described as planned over the next 12-18 months. Confidence lower because transition is not yet completed but Mayo has confirmed the decision and is actively negotiating the changeover.,
ev_794d41d516f56041,Morrison Healthcare,Compass,Morrison Healthcare,,Mayo Clinic,Mayo Clinic,won,,approx,,,10,,"|Post - Bulletin; Rochester, Minn. |",2016-08-31,Mayo rejects SEIU compromise in labor dispute,articles/raw/usb1/Sodexho/ProQuestDocuments-2026-07-29.rtf,0.72,True,"No candidate venue matched. Article says Mayo 'plans to transition its food service to Morrison Healthcare during the next 12 to 18 months' as part of a 10-year contract across 20 facilities. The transition is described as a decided plan (Mayo rejected union compromise and confirmed the plan), but the exact start date is unclear — 12-18 months from Aug 2016. This is a multi-facility contract (20 sites including Rochester, Austin, Albert Lea, Owatonna, Mankato, Fairmont). Confidence reduced because transition is still in progress/upcoming, though it appears to be a decided contract, not a mere proposal.","{""facilities_count"": 20, ""transition_timeline"": ""12 to 18 months from Aug 2016"", ""locations_mentioned"": [""Rochester"", ""Austin"", ""Albert Lea"", ""Owatonna"", ""Mankato"", ""Fairmont""], ""incumbent"": ""Sodexo""}"
ev_338471573249b08c,Sodexo,Sodexo,,,Mayo Clinic,Mayo Clinic,lost,,approx,,,,,"|Post - Bulletin; Rochester, Minn. |",2016-08-31,Mayo rejects SEIU compromise in labor dispute,articles/raw/usb1/Sodexho/ProQuestDocuments-2026-07-29.rtf,0.72,True,No candidate venue matched. Sodexo is named as the incumbent whose workers are being transitioned to Morrison Healthcare. The transition is planned over 12-18 months from Aug 2016. Multi-facility contract across 20 sites. Sodexo not explicitly named as losing the contract but the article clearly states workers will 'move from Sodexo to Morrison Healthcare.',"{""incumbent"": ""Sodexo"", ""successor"": ""Morrison Healthcare""}"
ev_9bca26df1c10411c,Sodexo,Sodexo,,,NCH Healthcare System,NCH Healthcare System,won,2012-01-01,year,True,,,,"|The News Press; Fort Myers, Fla. |",2016-08-27,NCH Healthcare hospital system of Collier County set to outsource 45 jobs,articles/raw/usb1/Sodexho/ProQuestDocuments-2026-07-29.rtf,0.8,True,"No candidate venue matches NCH Healthcare System (two hospitals with 716 combined beds in Collier County, FL). The article states the 2012 outsourcing of food service and housekeeping (224 employees) to Sodexo was the hospital system's 'last significant round of job cuts and outsourcing', implying food service was previously in-house. Year is approximate — article says '2012' without a specific month. first_outsourcing set to true because the article describes this as the first outsourcing of food service.","{""departments_outsourced"": [""food service"", ""housekeeping""], ""employees_affected"": 224, ""incumbent"": ""self-operated""}"
ev_dd4b22dc7230a57a,Morrison Healthcare,Compass,Morrison Healthcare,,Mayo Clinic,Mayo Clinic,won,,approx,,,,,"|Post - Bulletin; Rochester, Minn. |",2016-08-20,Union: Mayo outsourcing will cost workers $4 million,articles/raw/usb1/Sodexho/ProQuestDocuments-2026-07-29.rtf,0.75,True,"No venue_id match — Mayo Clinic is a healthcare system with 20 facilities, not a stadium/arena/convention center. Article says Mayo decided to switch from Sodexo to Morrison Healthcare across 20 facilities. The transition is announced but details for union employees are still being negotiated. Date of switch not specified; article references a June 30 announcement meeting. This is a healthcare food service contract, not a sports/entertainment venue.","{""facilities_affected"": ""20 facilities across the country including Rochester, Austin, Albert Lea, Owatonna, Mankato, Fairmont"", ""union"": ""Service Employees International Union Healthcare Minnesota"", ""estimated_annual_wage_loss"": 3200000, ""estimated_additional_insurance_cost"": 800000, ""affected_union_workers"": 350}"
ev_c2304a899c3b08f2,Sodexo,Sodexo,,,Mayo Clinic,Mayo Clinic,lost,,approx,,,,,"|Post - Bulletin; Rochester, Minn. |",2016-08-20,Union: Mayo outsourcing will cost workers $4 million,articles/raw/usb1/Sodexho/ProQuestDocuments-2026-07-29.rtf,0.75,True,"No venue_id match — Mayo Clinic is a healthcare system, not a sports/entertainment venue. Article states Mayo decided to switch food vendors from Sodexo to Morrison Healthcare. Transition details for union workers still being negotiated. This may be outside scope (healthcare food service, not stadium/arena/convention center).",
ev_f3c41c9f6493897d,Sodexo,Sodexo,,wd-Q3305514,University of Illinois,Memorial Stadium,won,2015-01-01,year,,,,,"|News Gazette; Champaign, Ill. |",2016-08-07,Stadium tweaking its munchies menu,articles/raw/usb1/Sodexho/ProQuestDocuments-2026-07-29.rtf,0.85,False,"Article published August 2016 says 'one year after the UI signed on with...Sodexo', placing the contract signing around 2015. Venue is Memorial Stadium in Champaign, IL (University of Illinois). Multiple Memorial Stadiums in candidate list; selected Champaign IL based on University of Illinois context.",
ev_17f190dcdbc956e6,Sodexo,Sodexo,,,St. Cloud State University,St. Cloud State University's Garvey Commons,lost,2016-07-01,exact,,,,,"|St. Cloud Times; St. Cloud, Minn. |",2016-07-31,Building community,articles/raw/usb1/Sodexho/ProQuestDocuments-2026-07-29.rtf,0.85,True,No candidate venue matches St. Cloud State University / Garvey Commons. Article states 'the St. Cloud State vendor contract with Sodexo...was not renewed effective July 1.' Sodexo lost the contract to Chartwells.,"{""named_successor"": ""Chartwells""}"
ev_4c95d6079be2a7e1,Chartwells,Compass,Chartwells,,St. Cloud State University,St. Cloud State University's Garvey Commons,won,2016-07-01,exact,,,,,"|St. Cloud Times; St. Cloud, Minn. |",2016-07-31,Building community,articles/raw/usb1/Sodexho/ProQuestDocuments-2026-07-29.rtf,0.85,True,No candidate venue matches St. Cloud State University / Garvey Commons. Article states Chartwells is the 'new St. Cloud State vendor' replacing Sodexo effective July 1.,"{""named_incumbent"": ""Sodexo"", ""donation_to_yes_network"": 10000}"
ev_26ec472cd908b475,Trinity Services Group,Trinity Services Group,,,Michigan Department of Corrections,Michigan's prison,violation,,approx,,158800000,3,,"|Lansing State Journal (1980-); Lansing, Michigan |",2017-01-21,Prison food contractor hit with $2M in penalties,articles/raw/usb-sept-2026/Aramark/ProQuestDocuments-2026-07-29 (1).rtf,0.85,True,"No candidate venue matches Michigan state prisons. Penalties totaling $2M+ for inadequate staffing, unauthorized meal substitutions, delays serving meals, sanitation violations since ~December 2015. Trinity started providing meals September 2015 on a 3-year $158.8M contract. This is a statewide prison food service contract, not a single venue.","{""penalty_total_usd"": 2000000, ""penalty_staffing_usd"": 356000, ""penalty_meal_substitutions_usd"": 905750, ""penalty_meal_delays_usd"": 357000, ""penalty_sanitation_usd"": 294500, ""stop_orders_issued"": 114, ""contract_start"": ""2015-09"", ""citation"": {""url"": ""http://ezproxy.nypl.org/login?url=https://www.proquest.com/newspapers/january-21-2017-page-3a/docview/2191703694/se-2?accountid=35635"", ""accessed"": ""2026-09-20""}, ""source_label"": ""usb-sept-2026-scan-ocr"", ""text_source"": ""ocr"", ""ocr_mean_conf"": 95.0}"
ev_b38f5fae6dcbe24f,Aramark Correctional Services,Aramark Correctional Services,,,Michigan Department of Corrections,Michigan's prison,lost,2015-09-01,month,,,,,"|Lansing State Journal (1980-); Lansing, Michigan |",2017-01-21,Prison food contractor hit with $2M in penalties,articles/raw/usb-sept-2026/Aramark/ProQuestDocuments-2026-07-29 (1).rtf,0.85,True,"No candidate venue matches Michigan state prisons. Article states 'the state ended a contract early to replace its first prison food contractor, Philadelphia-based Aramark Correctional Services.' Trinity started September 2015, so Aramark's contract ended around that time. Statewide prison food service contract.","{""stop_orders_at_comparable_point"": 159, ""contract_ended_early"": true, ""citation"": {""url"": ""http://ezproxy.nypl.org/login?url=https://www.proquest.com/newspapers/january-21-2017-page-3a/docview/2191703694/se-2?accountid=35635"", ""accessed"": ""2026-09-20""}, ""source_label"": ""usb-sept-2026-scan-ocr"", ""text_source"": ""ocr"", ""ocr_mean_conf"": 95.0}"
ev_241afad96bdaedbb,Trinity Services Group,Trinity Services Group,,,Michigan Department of Corrections,Michigan's prison,won,2015-09-01,month,,158800000,3,,"|Lansing State Journal (1980-); Lansing, Michigan |",2017-01-21,Prison food contractor hit with $2M in penalties,articles/raw/usb-sept-2026/Aramark/ProQuestDocuments-2026-07-29 (1).rtf,0.85,True,"No candidate venue matches Michigan state prisons. Trinity started providing meals in September 2015 on a three-year $158.8M contract, replacing Aramark Correctional Services. Statewide prison food service contract, not a stadium/arena/convention center.","{""contract_start"": ""2015-09"", ""headquarters"": ""Florida"", ""citation"": {""url"": ""http://ezproxy.nypl.org/login?url=https://www.proquest.com/newspapers/january-21-2017-page-3a/docview/2191703694/se-2?accountid=35635"", ""accessed"": ""2026-09-20""}, ""source_label"": ""usb-sept-2026-scan-ocr"", ""text_source"": ""ocr"", ""ocr_mean_conf"": 95.0}"
ev_87fdec05e74e1af7,Aramark,Aramark,,,,Huron Lodge,won,,approx,True,1200000,,,"|Windsor Star (1959-); Windsor, Ontario |",2017-01-18,"January 18, 2017, Page A5",articles/raw/usb-sept-2026/Aramark/ProQuestDocuments-2026-07-29 (1).rtf,0.85,True,"Huron Lodge is a long-term care home in Windsor, Ontario, Canada — not a US stadium, arena, or convention center. No candidate venue matches. Council voted 6-5 to outsource janitorial/caretaker positions to Aramark at $1.2 million/year. Article says formal agreement not yet finalized ('We have to work out a formal agreement with them first') but council vote has been taken. The $1.2M figure is annual, not total. Article states this is the first phase of outsourcing city janitors, and first outsourcing for Huron Lodge.","{""annual_value_usd"": 1200000, ""annual_savings_usd"": 605000, ""facility_type"": ""long-term care home"", ""country"": ""Canada"", ""city"": ""Windsor, Ontario"", ""council_vote"": ""6-5"", ""incumbent"": ""CUPE Local 543 city employees"", ""citation"": {""url"": ""http://ezproxy.nypl.org/login?url=https://www.proquest.com/newspapers/january-18-2017-page-a5/docview/2064543518/se-2?accountid=35635"", ""accessed"": ""2026-09-20""}, ""source_label"": ""usb-sept-2026-scan-ocr"", ""text_source"": ""ocr"", ""ocr_mean_conf"": 89.1}"
ev_1d9ef998874af608,Spectra,Spectra,Spectra Food Services,,,MPEC,won,2016-10-01,approx,,,,,"|Times Record News (1987-); Wichita Falls, Texas |",2016-12-28,December 28 2016 page 4 30,articles/raw/usb-sept-2026/Aramark/ProQuestDocuments-2026-07-29 (1).rtf,0.75,True,"Article states 'Spectra is now the exclusive caterer for the facility's events' at the MPEC (Wichita Falls Multi-Purpose Events Center). The MPEC includes Kay Yeager Coliseum and Ray Clymer Exhibit Hall but the contract appears to cover the full MPEC complex, not just the coliseum. No exact venue_id match for MPEC as a whole; Kay Yeager Coliseum (wd-Q6380314) is part of the MPEC but the contract covers the broader facility. Executive chef arrived in October 2016, suggesting the food service transition happened around then. The article describes Spectra by Comcast Spectacor as managing the facility and now handling food service.","{""executive_chef"": ""Tom Agius"", ""facility_components"": [""Kay Yeager Coliseum"", ""Ray Clymer Exhibit Hall"", ""Memorial Auditorium""], ""managed_by"": ""Spectra by Comcast Spectacor"", ""citation"": {""url"": ""http://ezproxy.nypl.org/login?url=https://www.proquest.com/newspapers/december-28-2016-page-4-30/docview/2798625823/se-2?accountid=35635"", ""accessed"": ""2026-09-20""}, ""source_label"": ""usb-sept-2026-scan-ocr"", ""text_source"": ""ocr"", ""ocr_mean_conf"": 94.2}"
ev_59473e631b20be42,Aramark Correctional Services,Aramark Correctional Services,,,El Paso County,El Paso County jail,won,2016-11-22,approx,True,,3,"[""ABL Management Inc."", ""Trinity Services Group Inc.""]","|El Paso Times (1921-); El Paso, Texas |",2016-11-22,Page scan (offset 1090904),articles/raw/usb-sept-2026/Aramark/ProQuestDocuments-2026-07-29 (1).rtf,0.8,True,"No candidate venue matches El Paso County jail. Article reports Commissioners Court approved outsourcing jail kitchen/food services to Aramark Correctional Services, with a final contract still to be presented for approval at a later date. The county previously self-operated the kitchen with 23 employees. Three-year contract is being looked into. County expected to save $971,000 in first year. Current annual cost is ~$3.6 million. Date is approximate—the Commissioners Court vote appears to have happened on or around the article date. Article says 'a final contract... will be presented to the Commissioners Court for approval at a later date', suggesting this is an approval to proceed but not yet a finalized contract.","{""facility_type"": ""county jail"", ""current_annual_cost"": 3600000, ""expected_first_year_savings"": 971000, ""employees_affected"": 23, ""employees_transferring"": 16, ""employees_retiring_and_transferring"": 5, ""employees_undecided"": 2, ""incumbent"": ""self-operated"", ""citation"": {""url"": ""http://ezproxy.nypl.org/login?url=https://www.proquest.com/newspapers/novembe"", ""accessed"": ""2026-09-20""}, ""source_label"": ""usb-sept-2026-scan-ocr"", ""text_source"": ""ocr"", ""ocr_mean_conf"": 92.3}"
ev_92a4f6990b5e30cd,Aramark,Aramark,,wd-Q603034,Drexel University,Drexel,won,2016-12-01,month,,,,,|Philadelphia Inquirer (1969-); Philadelphia |,2016-11-16,Page scan (offset 1125959),articles/raw/usb-sept-2026/Aramark/ProQuestDocuments-2026-07-29 (1).rtf,0.7,True,"Article says Aramark is 'slated to become Drexel's new food-service provider next month' (i.e., December 2016). The phrasing 'slated to' suggests this is decided but not yet in effect. Marking for review because it could be interpreted as still pending. The venue is Drexel University as a whole, not a specific stadium/arena.","{""citation"": {""accessed"": ""2026-09-20""}, ""source_label"": ""usb-sept-2026-scan-ocr"", ""text_source"": ""ocr"", ""ocr_mean_conf"": 94.0}"
ev_ae8e657b29a88f4e,Spectra,Spectra,,,city of Wichita Falls,MPEC,won,,approx,True,,,,"|Times Record News (1987-); Wichita Falls, Texas |",2016-11-06,November 6 2016 page 4 64,articles/raw/usb-sept-2026/Aramark/ProQuestDocuments-2026-07-29 (1).rtf,0.7,True,"No venue_id match for MPEC (Multi-Purpose Events Center) in Wichita Falls, TX. Article says city decided to go with private company Spectra Venue Management instead of continuing to self-manage. Spectra is managing MPEC (which includes Kay Yeager Coliseum, Ray Clymer Exhibit Hall, J.S. Bridwell Agricultural Center) and Memorial Auditorium. The article describes Spectra as the exclusive caterer and facility manager. The contract appears to have started sometime in 2016 or late 2015 but no exact date is given. first_outsourcing set to true because article says city previously managed the facility itself and decided to go with a private company.","{""facilities_included"": [""Kay Yeager Coliseum"", ""Ray Clymer Exhibit Hall"", ""J.S. Bridwell Agricultural Center""], ""incumbent"": ""self-operated by city of Wichita Falls"", ""spectra_manages_also"": ""Memorial Auditorium"", ""citation"": {""url"": ""http://ezproxy.nypl.org/login?url=https://www.proquest.com/newspapers/november-6-2016-page-4-64/docview/2798679246/se-2?accountid=35635"", ""accessed"": ""2026-09-20""}, ""source_label"": ""usb-sept-2026-scan-ocr"", ""text_source"": ""ocr"", ""ocr_mean_conf"": 92.2}"
ev_dfc814aa919b8b54,city of Wichita Falls,city of Wichita Falls,,,city of Wichita Falls,MPEC,lost,,approx,,,,,"|Times Record News (1987-); Wichita Falls, Texas |",2016-11-06,November 6 2016 page 4 64,articles/raw/usb-sept-2026/Aramark/ProQuestDocuments-2026-07-29 (1).rtf,0.7,True,"No venue_id match for MPEC. Article states the city had been managing the MPEC itself but decided to hire Spectra Venue Management instead, after MPEC Executive Director Bob Sullivan announced retirement in 2015 and revenue was declining (~$300K city subsidy in 2015).","{""citation"": {""url"": ""http://ezproxy.nypl.org/login?url=https://www.proquest.com/newspapers/november-6-2016-page-4-64/docview/2798679246/se-2?accountid=35635"", ""accessed"": ""2026-09-20""}, ""source_label"": ""usb-sept-2026-scan-ocr"", ""text_source"": ""ocr"", ""ocr_mean_conf"": 92.2}"
ev_64efa60cf7877d3b,Aramark,Aramark,,wd-Q603034,Drexel University,Drexel,won,2016-11-01,approx,,,,,"|Philadelphia Daily News (1960-); Philadelphia, Pennsylvania |",2016-11-03,"November 3, 2016, Page 22",articles/raw/usb-sept-2026/Aramark/ProQuestDocuments-2026-07-29 (1).rtf,0.85,True,"Article says 'This week, Aramark took over the Drexel dining program.' Published 2016-11-03, so 'this week' is approximately early November 2016. Exact date not stated. Venue matched to Drexel University. It's unclear if this is the first outsourcing or a switch from another provider.","{""context"": ""Aramark took over Drexel dining program; spokeswoman Karen Cutler noted Aramark has 500 higher-education programs"", ""citation"": {""url"": ""http://ezproxy.nypl.org/login?url=https://www.proquest.com/newspapers/november-3-2016-page-22/docview/2199162711/se-2?accountid=35635"", ""accessed"": ""2026-09-20""}, ""source_label"": ""usb-sept-2026-scan-ocr"", ""text_source"": ""ocr"", ""ocr_mean_conf"": 92.4}"
ev_30169bf1e95fb9e4,Aramark,Aramark,,wd-Q7929512,,U.S. Bank Stadium,won,2016-01-01,year,,,,,|Star Tribune (1987-); Minneapolis |,2016-11-03,"November 3, 2016, Page T1",articles/raw/usb-sept-2026/Aramark/ProQuestDocuments-2026-07-29 (1).rtf,0.9,False,"Article states 'Aramark, the concessions giant that won the contract to run the all-important catering operations at the new home of the Minnesota Vikings.' U.S. Bank Stadium opened in 2016. Exact date of contract award not stated; using year precision for 2016.","{""citation"": {""url"": ""http://ezproxy.nypl.org/login?url=https://www.proquest.com/newspapers/november-3-2016-page-t1/docview/1987035668/se-2?accountid=35635"", ""accessed"": ""2026-09-20""}, ""source_label"": ""usb-sept-2026-scan-ocr"", ""text_source"": ""ocr"", ""ocr_mean_conf"": 90.0}"
ev_4457e59042ed8132,Aramark,Aramark,,wd-Q603034,Drexel University,Drexel University,won,2016-12-11,exact,,,,,|Philadelphia Inquirer (1969-); Philadelphia |,2016-11-01,Aramark gets Drexel contract,articles/raw/usb-sept-2026/Aramark/ProQuestDocuments-2026-07-29 (1).rtf,0.95,False,"Article states Aramark selected as new dining-services provider effective Dec. 11, announced by university president John A. Fry.","{""citation"": {""url"": ""http://ezproxy.nypl.org/login?url=https://www.proquest.com/newspapers/november-1-2016-page-a10-c/docview/1971716394/se-2?accountid=35635"", ""accessed"": ""2026-09-20""}, ""source_label"": ""usb-sept-2026-scan-ocr"", ""text_source"": ""ocr"", ""ocr_mean_conf"": 84.4}"
ev_9d6297b9090ee992,SodexoMagic,Sodexo,sodexomagic,wd-Q603034,Drexel University,Drexel University,lost,2016-12-11,exact,,,,,|Philadelphia Inquirer (1969-); Philadelphia |,2016-11-01,Aramark gets Drexel contract,articles/raw/usb-sept-2026/Aramark/ProQuestDocuments-2026-07-29 (1).rtf,0.95,False,SodexoMagic LLC (joint venture of Magic Johnson Enterprises and Sodexo) was the incumbent; Drexel issued a termination letter in September 2016. SodexoMagic filed a federal lawsuit alleging Drexel misrepresented expected student body growth.,"{""termination_letter_date"": ""September 2016"", ""lawsuit_filed"": true, ""lawsuit_details"": ""SodexoMagic filed federal lawsuit alleging Drexel misrepresented expected growth in student body during contract negotiations"", ""citation"": {""url"": ""http://ezproxy.nypl.org/login?url=https://www.proquest.com/newspapers/november-1-2016-page-a10-c/docview/1971716394/se-2?accountid=35635"", ""accessed"": ""2026-09-20""}, ""source_label"": ""usb-sept-2026-scan-ocr"", ""text_source"": ""ocr"", ""ocr_mean_conf"": 84.4}"
ev_aa5564b526693c0a,Aramark,Aramark,,,Temple University,Temple University,won,2017-07-01,exact,,,15,"[""Sodexo""]",|Philadelphia Inquirer (1969-); Philadelphia |,2016-10-12,Page scan (offset 1854549),articles/raw/usb-sept-2026/Aramark/ProQuestDocuments-2026-07-29 (1).rtf,0.92,True,"No matching venue_id in candidate list. Article says Temple University selected Aramark for a 15-year dining services contract starting July 1. Aramark won over four competitors including Sodexo. The contract start date of July 1 is explicitly stated but the year is not; context (published Oct 2016, 'final agreement' not yet reached) suggests July 1, 2017.","{""num_competing_bidders"": 4, ""incumbent"": ""Sodexo"", ""incumbent_tenure_years"": 28, ""service_type"": ""dining services"", ""citation"": {""accessed"": ""2026-09-20""}, ""source_label"": ""usb-sept-2026-scan-ocr"", ""text_source"": ""ocr"", ""ocr_mean_conf"": 85.1}"
ev_215149db3418951e,Sodexo Inc.,Sodexo,,,Temple University,Temple University,lost,2017-07-01,exact,,,,,|Philadelphia Inquirer (1969-); Philadelphia |,2016-10-12,Page scan (offset 1854549),articles/raw/usb-sept-2026/Aramark/ProQuestDocuments-2026-07-29 (1).rtf,0.9,True,"No matching venue_id in candidate list. Sodexo Inc. had been on the North Philadelphia campus for 28 years and lost the contract to Aramark. Event date assumed July 1, 2017 based on Aramark contract start date.","{""incumbent_tenure_years"": 28, ""citation"": {""accessed"": ""2026-09-20""}, ""source_label"": ""usb-sept-2026-scan-ocr"", ""text_source"": ""ocr"", ""ocr_mean_conf"": 85.1}"
ev_2ef8f5b5be238d64,Aramark,Aramark,,,University of Kentucky,UK,initiative,2016-09-01,month,,,,,|The Courier-Journal (1923-); Louisville |,2016-09-21,September 21 2016 page 6a ky,articles/raw/usb-sept-2026/Aramark/ProQuestDocuments-2026-07-29 (1).rtf,0.82,True,Article reports UK and Aramark are redefining 'local food' in campus dining to exclude soda and ice from local food metrics. This is a policy/initiative change in the existing Aramark dining contract. No candidate venue matches the University of Kentucky campus dining facilities.,"{""initiative_type"": ""local sourcing redefinition"", ""detail"": ""Excluding Coke, Pepsi, and ice from local food purchasing metrics; local food purchases were 11.5% in 2014-2015 and 15.3% in 2015-2016 excluding those items"", ""citation"": {""url"": ""http://ezproxy.nypl.org/login?url=https://www.proquest.com/newspapers/september-21-2016-page-6a-ky/docview/1999791386/se-2?accountid=35635"", ""accessed"": ""2026-09-20""}, ""source_label"": ""usb-sept-2026-scan-ocr"", ""text_source"": ""ocr"", ""ocr_mean_conf"": 92.8}"
ev_658faf089a2d2235,Aramark Correctional Services,Aramark Correctional Services,,,Tom Green County,Tom Green County Jail,renewed,2016-08-01,month,,,1,,"|Standard Times (1928-); San Angelo, Texas |",2016-09-12,Page scan (offset 2253204),articles/raw/usb-sept-2026/Aramark/ProQuestDocuments-2026-07-29 (1).rtf,0.82,True,Article says Aramark's contract with the jail 'automatically renewed at the end of August for another year' and 'is set to expire again in 2017.' No candidate venue matches Tom Green County Jail. Using end of August 2016 as renewal date.,"{""contract_type"": ""correctional food services"", ""auto_renewal"": true, ""citation"": {""url"": ""http://ezproxy.nypl.org/login?url=https://www.proquest.com/newspapers"", ""accessed"": ""2026-09-20""}, ""source_label"": ""usb-sept-2026-scan-ocr"", ""text_source"": ""ocr"", ""ocr_mean_conf"": 92.1}"
ev_5a68ec6e61e06c11,Trinity Services Group,Trinity Services Group,,,Michigan Department of Corrections,state prison,won,2015-08-01,month,,,,,"|Lansing State Journal (1980-); Lansing, Michigan |",2016-09-09,"September 9, 2016, Page 5A",articles/raw/usb-sept-2026/Aramark/ProQuestDocuments-2026-07-29 (1).rtf,0.8,True,"Article says Trinity replaced Aramark in August 2015 as Michigan's state prison food contractor. No candidate venue matches; this is a statewide prison food service contract, not a single venue. Operator not on known crosswalk.","{""scope"": ""statewide prison food service contract, Michigan"", ""citation"": {""url"": ""http://ezproxy.nypl.org/login?url=https://www.proquest.com/newspapers/september-9-2016-page-5a/docview/2191746686/se-2?accountid=35635"", ""accessed"": ""2026-09-20""}, ""source_label"": ""usb-sept-2026-scan-ocr"", ""text_source"": ""ocr"", ""ocr_mean_conf"": 91.8}"
ev_747111eb2864ee0a,Aramark Correctional Services,Aramark Correctional Services,Aramark Correctional Services,,Michigan Department of Corrections,state prison,lost,2015-08-01,month,,,,,"|Lansing State Journal (1980-); Lansing, Michigan |",2016-09-09,"September 9, 2016, Page 5A",articles/raw/usb-sept-2026/Aramark/ProQuestDocuments-2026-07-29 (1).rtf,0.8,True,"Article states Aramark Correctional Services (based in Philadelphia) was replaced by Trinity in August 2015 as Michigan's state prison food contractor. No candidate venue matches; this is a statewide prison food service contract, not a stadium/arena/convention center.","{""scope"": ""statewide prison food service contract, Michigan"", ""citation"": {""url"": ""http://ezproxy.nypl.org/login?url=https://www.proquest.com/newspapers/september-9-2016-page-5a/docview/2191746686/se-2?accountid=35635"", ""accessed"": ""2026-09-20""}, ""source_label"": ""usb-sept-2026-scan-ocr"", ""text_source"": ""ocr"", ""ocr_mean_conf"": 91.8}"
ev_eb9906d9c9b65c65,Aramark Correctional Services,Aramark Correctional Services,,,Michigan Department of Corrections,Michigan state prisons,won,2013-12-01,month,True,145000000,3,,"|Detroit Free Press (1923-), General edition; Detroit |",2016-09-09,"September 9, 2016, Page 9A",articles/raw/usb-sept-2026/Aramark/ProQuestDocuments-2026-07-29 (1).rtf,0.85,True,"No matching venue_id — this is a statewide prison food contract (Michigan Dept. of Corrections, 33 facilities), not a stadium/arena/convention center. Article states Aramark began a 3-year, $145M contract in December 2013, replacing unionized state employees. Institution is Michigan Department of Corrections.","{""facilities_count"": 33, ""prisoners_served"": 43000, ""replaced"": ""unionized state employees"", ""citation"": {""url"": ""http://ezproxy.nypl.org/login?url=https://www.proquest.com/newspapers/september-9-2016-page-9a/docview/2021831898/se-2?accountid=35635"", ""accessed"": ""2026-09-20""}, ""source_label"": ""usb-sept-2026-scan-ocr"", ""text_source"": ""ocr"", ""ocr_mean_conf"": 94.5}"
ev_a0035b7360e519ef,Aramark Correctional Services,Aramark Correctional Services,,,Michigan Department of Corrections,Michigan state prisons,lost,2015-08-01,month,,,,,"|Detroit Free Press (1923-), General edition; Detroit |",2016-09-09,"September 9, 2016, Page 9A",articles/raw/usb-sept-2026/Aramark/ProQuestDocuments-2026-07-29 (1).rtf,0.85,True,No matching venue_id — statewide prison food contract. Article says Trinity replaced Aramark in August 2015.,"{""citation"": {""url"": ""http://ezproxy.nypl.org/login?url=https://www.proquest.com/newspapers/september-9-2016-page-9a/docview/2021831898/se-2?accountid=35635"", ""accessed"": ""2026-09-20""}, ""source_label"": ""usb-sept-2026-scan-ocr"", ""text_source"": ""ocr"", ""ocr_mean_conf"": 94.5}"
ev_27e0d3480585c6b5,Trinity Services Group,Trinity Services Group,,,Michigan Department of Corrections,Michigan state prisons,won,2015-08-01,month,,158800000,3,,"|Detroit Free Press (1923-), General edition; Detroit |",2016-09-09,"September 9, 2016, Page 9A",articles/raw/usb-sept-2026/Aramark/ProQuestDocuments-2026-07-29 (1).rtf,0.85,True,No matching venue_id — statewide prison food contract. Trinity is Florida-based; replaced Aramark in August 2015. Contract estimated at $158.8M over 3 years. Operator not on known crosswalk list.,"{""headquarters"": ""Florida"", ""estimated_contract_value"": true, ""citation"": {""url"": ""http://ezproxy.nypl.org/login?url=https://www.proquest.com/newspapers/september-9-2016-page-9a/docview/2021831898/se-2?accountid=35635"", ""accessed"": ""2026-09-20""}, ""source_label"": ""usb-sept-2026-scan-ocr"", ""text_source"": ""ocr"", ""ocr_mean_conf"": 94.5}"
ev_385b345d4e5ea75c,Trinity Services Group,Trinity Services Group,,,Michigan Department of Corrections,Charles Egeler Reception and Guidance Center,violation,2016-09-06,exact,,,,,"|Detroit Free Press (1923-), General edition; Detroit |",2016-09-09,"September 9, 2016, Page 9A",articles/raw/usb-sept-2026/Aramark/ProQuestDocuments-2026-07-29 (1).rtf,0.8,True,"No matching venue_id. Trinity food worker fired for kissing inmate in cooler on Tuesday (Sept 6, 2016). Worker also sent photos and used JPay to communicate with inmate. 98 stop orders issued to Trinity employees in ~1 year.","{""stop_orders_issued"": 98, ""over_familiarity_cases"": 71, ""citation"": {""url"": ""http://ezproxy.nypl.org/login?url=https://www.proquest.com/newspapers/september-9-2016-page-9a/docview/2021831898/se-2?accountid=35635"", ""accessed"": ""2026-09-20""}, ""source_label"": ""usb-sept-2026-scan-ocr"", ""text_source"": ""ocr"", ""ocr_mean_conf"": 94.5}"
ev_c29721371ec3ee5d,Trinity Food Services,Trinity Food Services,,,Michigan Department of Corrections,Cotton Correctional Facility,violation,2016-09-01,month,,,,,"|Lansing State Journal (1980-); Lansing, Michigan |",2016-09-07,"September 7, 2016, Page 3A [docview 2191752188]",articles/raw/usb-sept-2026/Aramark/ProQuestDocuments-2026-07-29 (1).rtf,0.75,True,"No matching venue_id for Cotton Correctional Facility (prison near Jackson, MI). Operator Trinity Food Services is not on the known operator crosswalk. Article reports a food service worker was fired after suspected drugs were found during a search. This is a prison food service contract, not a stadium/arena/convention center.","{""citation"": {""url"": ""http://ezproxy.nypl.org/login?url=https://www.proquest.com/newspapers/september-7-2016-page-3a/docview/2191752188/se-2?accountid=35635"", ""accessed"": ""2026-09-20""}, ""source_label"": ""usb-sept-2026-scan-ocr"", ""text_source"": ""ocr"", ""ocr_mean_conf"": 93.5}"
ev_a74ebb5cdd71aa57,Trinity Food Services,Trinity Food Services,,,State of Michigan,Cotton Correctional Facility,won,2015-09-01,month,False,,,,"|Lansing State Journal (1980-); Lansing, Michigan |",2016-09-07,"September 7, 2016, Page 3A [docview 2191752188]",articles/raw/usb-sept-2026/Aramark/ProQuestDocuments-2026-07-29 (1).rtf,0.8,True,"No matching venue_id — Cotton Correctional Facility is a prison, not a stadium/arena/convention center. Article states Trinity replaced Aramark Correctional Services in September 2015. Operator not on crosswalk. This is a statewide prison food service contract described in passing.","{""incumbent"": ""Aramark Correctional Services"", ""context"": ""statewide Michigan prison food service contract privatized December 2013"", ""citation"": {""url"": ""http://ezproxy.nypl.org/login?url=https://www.proquest.com/newspapers/september-7-2016-page-3a/docview/2191752188/se-2?accountid=35635"", ""accessed"": ""2026-09-20""}, ""source_label"": ""usb-sept-2026-scan-ocr"", ""text_source"": ""ocr"", ""ocr_mean_conf"": 93.5}"
ev_c9f4c254ef9ba6d2,Aramark Correctional Services,Aramark Correctional Services,Aramark Correctional Services,,State of Michigan,Cotton Correctional Facility,lost,2015-09-01,month,,,,,"|Lansing State Journal (1980-); Lansing, Michigan |",2016-09-07,"September 7, 2016, Page 3A [docview 2191752188]",articles/raw/usb-sept-2026/Aramark/ProQuestDocuments-2026-07-29 (1).rtf,0.8,True,"No matching venue_id — this is a prison, not a stadium/arena/convention center. Article states 'Florida-based Trinity replaced Aramark Correctional Services of Philadelphia in September 2015.' This is a statewide prison food service contract. Sub_brand is 'Correctional Services' but that's not in the known sub-brands list.","{""successor"": ""Trinity Food Services"", ""context"": ""statewide Michigan prison food service contract privatized December 2013"", ""citation"": {""url"": ""http://ezproxy.nypl.org/login?url=https://www.proquest.com/newspapers/september-7-2016-page-3a/docview/2191752188/se-2?accountid=35635"", ""accessed"": ""2026-09-20""}, ""source_label"": ""usb-sept-2026-scan-ocr"", ""text_source"": ""ocr"", ""ocr_mean_conf"": 93.5}"
ev_1fd54b0ad22e696b,Aramark,Aramark,,,Florida Gulf Coast University,FGCU,lost,,approx,,,,,"|Fort Myers News-Press (1931-); Fort Myers, Florida |",2016-08-17,Page scan (offset 2687936),articles/raw/usb-sept-2026/Aramark/ProQuestDocuments-2026-07-29 (1).rtf,0.85,True,"Article says FGCU cut ties with Aramark. No specific date given for when the contract ended. No matching venue in candidate list; FGCU is in Fort Myers, FL, not Highland Heights, KY.","{""citation"": {""url"": ""http://ezproxy.nypl.org/login?url=https://www.proquest.com/"", ""accessed"": ""2026-09-20""}, ""source_label"": ""usb-sept-2026-scan-ocr"", ""text_source"": ""ocr"", ""ocr_mean_conf"": 88.2}"
ev_75dc376256868b77,Chartwells,Compass,Chartwells,,Florida Gulf Coast University,FGCU,won,,approx,,,,,"|Fort Myers News-Press (1931-); Fort Myers, Florida |",2016-08-17,Page scan (offset 2687936),articles/raw/usb-sept-2026/Aramark/ProQuestDocuments-2026-07-29 (1).rtf,0.85,True,Article says FGCU decided to contract with Chartwells after a two-year review. No specific date given. New dining options mentioned as available for 2016-17 school year. No matching venue in candidate list.,"{""citation"": {""url"": ""http://ezproxy.nypl.org/login?url=https://www.proquest.com/"", ""accessed"": ""2026-09-20""}, ""source_label"": ""usb-sept-2026-scan-ocr"", ""text_source"": ""ocr"", ""ocr_mean_conf"": 88.2}"
ev_3fa52d81a0d88e57,Aramark,Aramark,,,Tennessee Department of Correction,Tennessee Department of Correction,won,2016-10-01,exact,,,,,"|The Leaf-Chronicle (1979-); Clarksville, Tennessee |",2016-08-08,"August 8, 2016, Page 1A [docview 2839546724]",articles/raw/usb-sept-2026/Aramark/ProQuestDocuments-2026-07-29 (1).rtf,0.75,True,"This is a state prison food services contract, not a stadium/arena/convention center contract. No matching venue in candidate list. The article says the department 'plans to award' the contract to Aramark with expected start date October 1, 2016. The incumbent TRICOR (Tennessee Rehabilitative Initiative in Correction) lost the contract. Venue is a state corrections system, not a traditional venue.","{""incumbent"": ""TRICOR (Tennessee Rehabilitative Initiative in Correction)"", ""context"": ""State prison food services contract, not a sports/entertainment venue"", ""citation"": {""url"": ""http://ezproxy.nypl.org/login?url=https://www.proquest.com/newspapers/august-8-2016-page-1a/docview/2839546724/se-2?accountid=35635"", ""accessed"": ""2026-09-20""}, ""source_label"": ""usb-sept-2026-scan-ocr"", ""text_source"": ""ocr"", ""ocr_mean_conf"": 73.7}"
ev_289ba7ed2739cabe,Aramark,Aramark,,,Tennessee Department of Correction,Tennessee Department of Correction,won,2016-10-01,exact,,,,,"|The Daily News-Journal (1931-); Murfreesboro, Tennessee |",2016-08-08,"August 8, 2016, Page 1A [docview 2833542306]",articles/raw/usb-sept-2026/Aramark/ProQuestDocuments-2026-07-29 (1).rtf,0.55,True,"Article describes Aramark winning the prison food service contract for the Tennessee Department of Correction, replacing TRICOR, with expected start date October 1, 2016. This is a state prison food service contract, not a stadium/arena/convention center concessions contract. No candidate venue matches. Article also mentions Aramark provides food at Nissan Stadium but reports no contract event for that venue.","{""incumbent"": ""TRICOR (Tennessee Rehabilitative Initiative in Correction)"", ""citation"": {""url"": ""http://ezproxy.nypl.org/login?url=https://www.proquest.com/newspapers/august-8-2016-page-1a/docview/2833542306/se-2?accountid=35635"", ""accessed"": ""2026-09-20""}, ""source_label"": ""usb-sept-2026-scan-ocr"", ""text_source"": ""ocr"", ""ocr_mean_conf"": 75.9}"
ev_d4fd7c63e8fe2194,Aramark,Aramark,,,Michigan Department of Corrections,State of Michigan,lost,2005-01-01,year,,145000000,3,,"|The Daily News-Journal (1931-); Murfreesboro, Tennessee |",2016-08-08,"August 8, 2016, Page 3A",articles/raw/usb-sept-2026/Aramark/ProQuestDocuments-2026-07-29 (1).rtf,0.75,True,"Article states Michigan and Aramark agreed to end their $145 million, three-year contract 18 months early in 2005. This is a state prison food-service contract, not a stadium/arena/convention center. No matching venue in candidate list. Venue is a prison system, not a sports/entertainment venue — may be out of scope.","{""context"": ""prison food service"", ""fines"": ""$94,000 in March 2014, then $200,000 in August 2014"", ""problems"": ""meal shortages, maggots in food, rodent-chewed cake, smuggling drugs, sexual acts with prisoners, 176 employees banned"", ""citation"": {""url"": ""http://ezproxy.nypl.org/login?url=https://www.proquest.com/newspapers/august-8-2016-page-3a/docview/2833542304/se-2?accountid=35635"", ""accessed"": ""2026-09-20""}, ""source_label"": ""usb-sept-2026-scan-ocr"", ""text_source"": ""ocr"", ""ocr_mean_conf"": 71.6}"
ev_49f6179c09144ead,Aramark,Aramark,,,Tennessee Department of Correction,Tennessee Department of Correction,won,,approx,,,,,"|The Daily News-Journal (1931-); Murfreesboro, Tennessee |",2016-08-08,"August 8, 2016, Page 3A",articles/raw/usb-sept-2026/Aramark/ProQuestDocuments-2026-07-29 (1).rtf,0.7,True,"Article discusses Aramark as the new food service provider for Tennessee DOC, replacing TRICOR. This is a state prison food-service contract, not a stadium/arena/convention center — may be out of scope. No contract length or value provided. No matching venue in candidate list.","{""context"": ""prison food service"", ""incumbent"": ""TRICOR"", ""citation"": {""url"": ""http://ezproxy.nypl.org/login?url=https://www.proquest.com/newspapers/august-8-2016-page-3a/docview/2833542304/se-2?accountid=35635"", ""accessed"": ""2026-09-20""}, ""source_label"": ""usb-sept-2026-scan-ocr"", ""text_source"": ""ocr"", ""ocr_mean_conf"": 71.6}"
ev_5d292bc1ea22c613,Aramark,Aramark,,,Tennessee Department of Correction,Tennessee Department of Correction,won,2016-10-01,exact,,,,,|The Tennessean (1972-); Nashville |,2016-08-08,"Tennessee picks Aramark, another prison food provider with troubled past",articles/raw/usb-sept-2026/Aramark/ProQuestDocuments-2026-07-29 (1).rtf,0.8,True,"Prison food services contract, not a stadium/arena/convention center. No matching venue in candidate list. Article says department 'plans to award' contract to Aramark with expected start date October 1, 2016. The incumbent TRICOR (Tennessee Rehabilitative Initiative in Correction) was a state-based provider, not a commercial operator on the known list. Article is partially obscured/OCR-damaged.","{""incumbent"": ""TRICOR (Tennessee Rehabilitative Initiative in Correction)"", ""facility_type"": ""prison system"", ""citation"": {""url"": ""http://ezproxy.nypl.org/login?url=https://www.proquest.com/newspapers/august-8-2016-page-1a/docview/2027488245/se-2?accountid=35635"", ""accessed"": ""2026-09-20""}, ""source_label"": ""usb-sept-2026-scan-ocr"", ""text_source"": ""ocr"", ""ocr_mean_conf"": 82.4}"
ev_e251a31037c3dd58,TRICOR,TRICOR,,,Tennessee Department of Correction,Tennessee Department of Correction,lost,2016-10-01,exact,,,,,|The Tennessean (1972-); Nashville |,2016-08-08,"Tennessee picks Aramark, another prison food provider with troubled past",articles/raw/usb-sept-2026/Aramark/ProQuestDocuments-2026-07-29 (1).rtf,0.75,True,"TRICOR (Tennessee Rehabilitative Initiative in Correction) is the named incumbent losing the prison food contract to Aramark. TRICOR is a state-based program, not a commercial food service operator on the known list. No matching venue in candidate list. This is a prison food services contract, not a stadium/arena/convention center.","{""citation"": {""url"": ""http://ezproxy.nypl.org/login?url=https://www.proquest.com/newspapers/august-8-2016-page-1a/docview/2027488245/se-2?accountid=35635"", ""accessed"": ""2026-09-20""}, ""source_label"": ""usb-sept-2026-scan-ocr"", ""text_source"": ""ocr"", ""ocr_mean_conf"": 82.4}"
ev_5987a411d53dab7a,Aramark,Aramark,,,Tennessee Department of Correction,the department,won,,approx,,,,,|The Tennessean (1972-); Nashville |,2016-08-08,"August 8, 2016, Page 9A",articles/raw/usb-sept-2026/Aramark/ProQuestDocuments-2026-07-29 (1).rtf,0.55,True,"Article describes Aramark winning a food service contract for Tennessee Department of Correction prison facilities, replacing TRICOR. This is a prison/corrections food service contract, not a stadium/arena/convention center. No venue_id match — none of the candidate venues correspond to Tennessee DOC facilities. The article says the contract is planned but Aramark VP's statement ('We are looking forward to partnering...') and the department statement ('the food service contract with TRICOR will come to an end') suggest the decision has been made. However, this is NOT a stadium, arena, or convention center contract.","{""incumbent"": ""TRICOR"", ""context"": ""Tennessee prison food service contract, not a sports/entertainment venue"", ""citation"": {""url"": ""http://ezproxy.nypl.org/login?url=https://www.proquest.com/newspapers/august-8-2016-page-9a/docview/2027485642/se-2?accountid=35635"", ""accessed"": ""2026-09-20""}, ""source_label"": ""usb-sept-2026-scan-ocr"", ""text_source"": ""ocr"", ""ocr_mean_conf"": 94.1}"
ev_ada9e2f7fda170b0,TRICOR,TRICOR,,,Tennessee Department of Correction,the department,lost,,approx,,,,,|The Tennessean (1972-); Nashville |,2016-08-08,"August 8, 2016, Page 9A",articles/raw/usb-sept-2026/Aramark/ProQuestDocuments-2026-07-29 (1).rtf,0.55,True,"TRICOR losing Tennessee DOC food service contract to Aramark. TRICOR is a state rehabilitation program, not a typical food service operator. This is a prison food service contract, not a stadium/arena/convention center. No matching venue_id among candidates.","{""successor"": ""Aramark"", ""context"": ""Tennessee prison food service contract, not a sports/entertainment venue"", ""citation"": {""url"": ""http://ezproxy.nypl.org/login?url=https://www.proquest.com/newspapers/august-8-2016-page-9a/docview/2027485642/se-2?accountid=35635"", ""accessed"": ""2026-09-20""}, ""source_label"": ""usb-sept-2026-scan-ocr"", ""text_source"": ""ocr"", ""ocr_mean_conf"": 94.1}"
ev_a3d71eba3519a8d3,Aramark,Aramark,,,Michigan Department of Corrections,MDOC facilities,lost,2015-01-01,year,,145000000,3,,|The Tennessean (1972-); Nashville |,2016-08-08,"August 8, 2016, Page 9A",articles/raw/usb-sept-2026/Aramark/ProQuestDocuments-2026-07-29 (1).rtf,0.75,True,"Article reports Michigan and Aramark agreed to end their $145M three-year contract 18 months early in 2015. This is a prison food service contract, not a stadium/arena/convention center. No matching venue_id. Contract ended early by mutual agreement after numerous problems.","{""early_termination"": true, ""terminated_18_months_early"": true, ""context"": ""Michigan prison food service contract, not a sports/entertainment venue"", ""violations_noted"": ""meal shortages, maggots, rodent-chewed food, employees smuggling drugs, sex acts with prisoners, 176 employees banned"", ""citation"": {""url"": ""http://ezproxy.nypl.org/login?url=https://www.proquest.com/newspapers/august-8-2016-page-9a/docview/2027485642/se-2?accountid=35635"", ""accessed"": ""2026-09-20""}, ""source_label"": ""usb-sept-2026-scan-ocr"", ""text_source"": ""ocr"", ""ocr_mean_conf"": 94.1}"
ev_385a03569145ac3a,Aramark,Aramark,,wd-Q603034,Drexel University,Drexel University,won,2016-12-11,exact,,,,,|Philadelphia Inquirer (1969-); Philadelphia |,2016-11-01,Aramark gets Drexel contract,articles/raw/usb-sept-2026/Sodexho/ProQuestDocuments-2026-07-29.rtf,0.95,False,"Aramark selected as new dining-services provider effective Dec. 11, 2016. Replaces SodexoMagic.","{""citation"": {""url"": ""http://ezproxy.nypl.org/login?url=https://www.proquest.com/newspapers/november-1-2016-page-a10-c/docview/1971716394/se-2?accountid=35635"", ""accessed"": ""2026-09-20""}, ""source_label"": ""usb-sept-2026-scan-ocr"", ""text_source"": ""ocr"", ""ocr_mean_conf"": 84.4}"
ev_f72357eb884f8243,SodexoMagic,Sodexo,sodexomagic,wd-Q603034,Drexel University,Drexel University,lost,2016-12-11,exact,,,,,|Philadelphia Inquirer (1969-); Philadelphia |,2016-11-01,Aramark gets Drexel contract,articles/raw/usb-sept-2026/Sodexho/ProQuestDocuments-2026-07-29.rtf,0.93,False,SodexoMagic LLC (joint venture of Magic Johnson Enterprises and Sodexo) was terminated by Drexel in September 2016. SodexoMagic filed federal lawsuit alleging Drexel misrepresented expected student body growth. Replaced by Aramark effective Dec. 11.,"{""termination_letter_date"": ""September 2016"", ""lawsuit_filed"": true, ""lawsuit_details"": ""SodexoMagic filed federal lawsuit alleging Drexel misrepresented expected growth in student body during contract negotiations"", ""citation"": {""url"": ""http://ezproxy.nypl.org/login?url=https://www.proquest.com/newspapers/november-1-2016-page-a10-c/docview/1971716394/se-2?accountid=35635"", ""accessed"": ""2026-09-20""}, ""source_label"": ""usb-sept-2026-scan-ocr"", ""text_source"": ""ocr"", ""ocr_mean_conf"": 84.4}"
ev_8d6f334a3ff5a29b,Sodexo,Sodexo,,,,ICA,won,,approx,,,,,|London Evening Standard (2011-2018); London (UK) |,2016-10-19,"October 19, 2016, Page 25",articles/raw/usb-sept-2026/Sodexho/ProQuestDocuments-2026-07-29.rtf,0.55,True,"Article says Sodexo is buying the catering arm of Peyton and Byrne that supplies venues including the ICA, National Gallery, and Imperial War Museum. These are UK venues (London landmarks), not US stadiums/arenas/convention centers. The acquisition of a catering company's operations at these venues could constitute a 'won' but these are non-US venues and outside scope. Also, this is an acquisition of a business arm rather than a traditional contract award. Needs review for scope.","{""context"": ""Sodexo acquiring catering arm of Peyton and Byrne which is in administration"", ""incumbent"": ""Peyton and Byrne"", ""citation"": {""url"": ""http://ezproxy.nypl.org/login?url=https://www.proquest.com/newspapers/october-19-2016-page-25/docview/2744972732/se-2?accountid=35635"", ""accessed"": ""2026-09-20""}, ""source_label"": ""usb-sept-2026-scan-ocr"", ""text_source"": ""ocr"", ""ocr_mean_conf"": 93.6}"
ev_38f6d7840d94cbee,Aramark,Aramark,,,Temple University,Temple,won,2017-07-01,exact,,,15,,|Philadelphia Inquirer (1969-); Philadelphia |,2016-10-12,Page scan (offset 208970),articles/raw/usb-sept-2026/Sodexho/ProQuestDocuments-2026-07-29.rtf,0.92,True,"No matching venue_id in candidate list. Article says Temple University selected Aramark for a 15-year dining services contract starting July 1. This is a university dining contract, not a stadium/arena concessions contract per se. Venue is Temple University campus dining, not a specific arena.","{""citation"": {""accessed"": ""2026-09-20""}, ""source_label"": ""usb-sept-2026-scan-ocr"", ""text_source"": ""ocr"", ""ocr_mean_conf"": 85.1}"
ev_766ed3b5fdf35201,Sodexo Inc.,Sodexo,,,Temple University,Temple,lost,2017-07-01,exact,,,,,|Philadelphia Inquirer (1969-); Philadelphia |,2016-10-12,Page scan (offset 208970),articles/raw/usb-sept-2026/Sodexho/ProQuestDocuments-2026-07-29.rtf,0.88,True,No matching venue_id in candidate list. Article states Sodexo Inc. had been on the North Philadelphia campus for 28 years and lost the contract to Aramark. Date inferred as July 1 based on the new contract start date.,"{""incumbent_tenure_years"": 28, ""citation"": {""accessed"": ""2026-09-20""}, ""source_label"": ""usb-sept-2026-scan-ocr"", ""text_source"": ""ocr"", ""ocr_mean_conf"": 85.1}"
ev_f5bcd4d07bfd25e2,SodexoMAGIC,Sodexo,SodexoMAGIC,wd-Q603034,Drexel University,Drexel University,won,2015-05-21,exact,,,10,,|Philadelphia Inquirer (1969-); Philadelphia |,2016-10-11,October 11 2016 page a9 c,articles/raw/usb-sept-2026/Sodexho/ProQuestDocuments-2026-07-29.rtf,0.9,False,"Contract signed May 21, 2015. SodexoMAGIC invested $9.3M initially; contract called for $24M in facilities investment, $35.5M in commissions to Drexel, and $2.2M in community payments. Both sides have terminated the contract but SodexoMAGIC will stay until end of term Dec. 10 (2016).","{""initial_investment_usd"": 9300000, ""facilities_investment_usd"": 24000000, ""commissions_to_venue_usd"": 35500000, ""community_payments_usd"": 2200000, ""joint_venture_partners"": ""Sodexo Inc. (49%) and Magic Johnson Enterprises (51%)"", ""lawsuit_filed"": ""2016-09-27"", ""layoff_notice_employees"": 266, ""citation"": {""url"": ""http://ezproxy.nypl.org/login?url=https://www.proquest.com/newspapers/october-11-2016-page-a9-c/docview/1971797266/se-2?accountid=35635"", ""accessed"": ""2026-09-20""}, ""source_label"": ""usb-sept-2026-scan-ocr"", ""text_source"": ""ocr"", ""ocr_mean_conf"": 93.4}"
ev_cc8ebaa2e87c3f73,SodexoMAGIC,Sodexo,SodexoMAGIC,wd-Q603034,Drexel University,Drexel University,expired,2016-12-10,exact,,,,,|Philadelphia Inquirer (1969-); Philadelphia |,2016-10-11,October 11 2016 page a9 c,articles/raw/usb-sept-2026/Sodexho/ProQuestDocuments-2026-07-29.rtf,0.85,True,"Both sides terminated the 10-year contract early. SodexoMAGIC will stay until Dec. 10 (year not explicitly stated but context implies 2016, i.e., end of the fall academic term). No successor named. Article says 'Both sides have terminated their contract' — mutual termination rather than natural expiration.","{""early_termination"": true, ""mutual_termination"": true, ""citation"": {""url"": ""http://ezproxy.nypl.org/login?url=https://www.proquest.com/newspapers/october-11-2016-page-a9-c/docview/1971797266/se-2?accountid=35635"", ""accessed"": ""2026-09-20""}, ""source_label"": ""usb-sept-2026-scan-ocr"", ""text_source"": ""ocr"", ""ocr_mean_conf"": 93.4}"
ev_b5d80f3dba8630c0,Sodexo,Sodexo,,,NCH,NCH,won,2012-01-01,year,,,,,"|The Naples Daily News (1970-); Naples, Florida |",2016-08-27,August 27 2016 page 34 92,articles/raw/usb-sept-2026/Sodexho/ProQuestDocuments-2026-07-29.rtf,0.85,True,"NCH is a hospital system in Naples, FL, not a stadium/arena/convention center. Article says NCH signed a contract with Sodexo in 2012 for food service and housekeeping. No matching venue in candidate list. This is a hospital food service contract, not a stadium/arena/convention center concessions contract — may not be in scope.","{""scope"": ""food service and housekeeping"", ""facility_type"": ""hospital"", ""citation"": {""url"": ""http://ezproxy.nypl.org/login?url=https://www.proquest.com/newspapers/august-27-2016-page-34-92/docview/3026433978/se-2?accountid=35635"", ""accessed"": ""2026-09-20""}, ""source_label"": ""usb-sept-2026-scan-ocr"", ""text_source"": ""ocr"", ""ocr_mean_conf"": 91.8}"
ev_0cb9308519ad8486,Sodexo,Sodexo,,,NCH Healthcare System,NCH Healthcare System,won,2012-01-01,year,,,,,"|Fort Myers News-Press (1931-); Fort Myers, Florida |",2016-08-27,Page scan (offset 312874),articles/raw/usb-sept-2026/Sodexho/ProQuestDocuments-2026-07-29.rtf,0.75,True,"Article mentions NCH signed a contract with Sodexo in 2012 for food service and housekeeping departments, involving 224 employees. NCH Healthcare System is a hospital system in Collier County, FL — not a stadium, arena, or convention center. No candidate venue matches. This is a healthcare facility, not a sports/entertainment venue, so it may be out of scope for the venue spine.","{""scope"": ""food service and housekeeping"", ""employees_outsourced"": 224, ""facility_type"": ""hospital system"", ""citation"": {""url"": ""http://ezproxy.nypl.org/login?url=https://www.proquest.co"", ""accessed"": ""2026-09-20""}, ""source_label"": ""usb-sept-2026-scan-ocr"", ""text_source"": ""ocr"", ""ocr_mean_conf"": 93.8}"
ev_ffaf904ae6c2214e,Sodexo,Sodexo,,,Saint Leo University,Saint Leo University,lost,2016-09-29,exact,,,,,"|Tampa Bay Times (2012-); Tampa Bay, Florida |",2016-08-17,August 17 2016 page ss2 5b,articles/raw/usb-sept-2026/Sodexho/ProQuestDocuments-2026-07-29.rtf,0.65,True,"Article says Saint Leo University decided to 'go in a new direction with facilities management program' and Sodexo notified employees of layoffs effective Sept. 29. However, the university says contract negotiations with Sodexo are 'ongoing' and if no new agreement is reached, the university would hire those same people. The event_type is uncertain — it could be a lost (if another vendor is chosen) or self_op (if the university hires the workers directly). Article also notes Sodexo 'was previously the food service provider at Saint Leo' suggesting the current contract is for facilities management, not food service. No matching venue_id in candidates. Needs review for venue match and to clarify whether this is a food-service contract event or a facilities management contract.","{""service_type"": ""facilities management (grounds maintenance)"", ""employees_affected"": 201, ""note"": ""Article describes Sodexo as facilities management contractor, not food service. It separately notes Sodexo 'was previously the food service provider' suggesting the food service contract had already ended earlier."", ""citation"": {""url"": ""http://ezproxy.nypl.org/login?url=https://www.proquest.com/newspapers/august-17-2016-page-ss2-5b/docview/2249927059/se-2?accountid=35635"", ""accessed"": ""2026-09-20""}, ""source_label"": ""usb-sept-2026-scan-ocr"", ""text_source"": ""ocr"", ""ocr_mean_conf"": 77.1}"
ev_f793ed438714f93a,Sodexo,Sodexo,,,St. Cloud State,St. Cloud State University's Garvey Commons,expired,2016-07-01,exact,,,,,|Star Tribune (1987-); Minneapolis |,2016-08-07,"August 7, 2016, Page B5",articles/raw/usb-sept-2026/Sodexho/ProQuestDocuments-2026-07-29.rtf,0.85,True,No candidate venue matches St. Cloud State University. Article says the 'vendor contract with Sodexo... was not renewed effective July 1.' Sodexo was replaced by Chartwells.,"{""donations_to_yes_network"": 20000, ""citation"": {""url"": ""http://ezproxy.nypl.org/login?url=https://www.proquest.com/newspapers/august-7-2016-page-b5/docview/1987022259/se-2?accountid=35635"", ""accessed"": ""2026-09-20""}, ""source_label"": ""usb-sept-2026-scan-ocr"", ""text_source"": ""ocr"", ""ocr_mean_conf"": 93.7}"
ev_d02bc1ca0e176742,Chartwells,Compass,Chartwells,,St. Cloud State,St. Cloud State University's Garvey Commons,won,2016-07-01,exact,,,,,|Star Tribune (1987-); Minneapolis |,2016-08-07,"August 7, 2016, Page B5",articles/raw/usb-sept-2026/Sodexho/ProQuestDocuments-2026-07-29.rtf,0.85,True,"No candidate venue matches St. Cloud State University. Article says Chartwells is 'the new St. Cloud State vendor' replacing Sodexo effective July 1, 2016.","{""donations_to_yes_network"": 10000, ""citation"": {""url"": ""http://ezproxy.nypl.org/login?url=https://www.proquest.com/newspapers/august-7-2016-page-b5/docview/1987022259/se-2?accountid=35635"", ""accessed"": ""2026-09-20""}, ""source_label"": ""usb-sept-2026-scan-ocr"", ""text_source"": ""ocr"", ""ocr_mean_conf"": 93.7}"
ev_5930aa3e2caa1e8e,Sodexo,Sodexo,,,St. Cloud State University,St. Cloud State University,lost,2016-07-01,exact,,,,,"|St. Cloud Times (1988-); St Cloud, Minnesota |",2016-07-31,"July 31, 2016, Page 4A",articles/raw/usb-sept-2026/Sodexho/ProQuestDocuments-2026-07-29.rtf,0.85,True,"Article says 'St. Cloud State vendor contract with Sodexo...was not renewed effective July 1.' No matching venue in candidate list. The venue is St. Cloud State University, not University of Minnesota.","{""citation"": {""url"": ""http://ezproxy.nypl.org/login?url=https://www.proquest.com/newspapers/july-31-2016-page-4a/docview/2884853000/se-2?accountid=35635"", ""accessed"": ""2026-09-20""}, ""source_label"": ""usb-sept-2026-scan-ocr"", ""text_source"": ""ocr"", ""ocr_mean_conf"": 71.9}"
ev_a4e419c71e0ebe9b,Chartwells,Compass,Chartwells,,St. Cloud State University,St. Cloud State University,won,2016-07-01,exact,,,,,"|St. Cloud Times (1988-); St Cloud, Minnesota |",2016-07-31,"July 31, 2016, Page 4A",articles/raw/usb-sept-2026/Sodexho/ProQuestDocuments-2026-07-29.rtf,0.85,True,"Article says 'the new St. Cloud State vendor, Chartwells' replaced Sodexo effective July 1. No matching venue in candidate list. Sub-brand Chartwells is a division of Compass.","{""citation"": {""url"": ""http://ezproxy.nypl.org/login?url=https://www.proquest.com/newspapers/july-31-2016-page-4a/docview/2884853000/se-2?accountid=35635"", ""accessed"": ""2026-09-20""}, ""source_label"": ""usb-sept-2026-scan-ocr"", ""text_source"": ""ocr"", ""ocr_mean_conf"": 71.9}"
