category,resolved_by,issue,record_type,record_id,venue_name,operator,what_the_pipeline_produced,source,snippet
needs_a_person,read the article and decide — this is the actual review queue,"Aramark CEO states they 'recently signed two leading universities, Drexel University and Temple University' in Philadelphia. No exact date given; described as recent during FY16 earnings call (FY16 ended ~Oct 2016). Date is approximate.",event,ev_151d52e651c23ef4,Drexel University,Aramark,won on 2016-01-01 (confidence 0.8),|Fair Disclosure Wire; Linthicum | 2016-11-15,
needs_a_person,read the article and decide — this is the actual review queue,"Aramark failed to pay local minority-owned/small vendor partners for three months after the stadium opened. Described as a 'clerical' error. Not a health or wage violation in the traditional sense, but a contract/payment violation against subcontractor vendors. Reviewing whether this qualifies as a contract violation event.",event,ev_a4f21430519ab961,U.S. Bank Stadium,Aramark,violation on ? (confidence 0.82),|TCA Regional News; Chicago | 2016-11-02,
needs_a_person,read the article and decide — this is the actual review queue,Article reports Aramark failed to pay local/minority-owned food vendor partners for ~3 months after building opened. Categorized as a contract violation (payment failure to subcontracted vendors). Exact date unclear; payments began being made late October 2016 per article context. Aramark confirmed as concessionaire at the venue but no contract award event is reported here.,event,ev_1d9b218f0ccdcaa8,U.S. Bank Stadium,Aramark,violation on ? (confidence 0.85),"|Star Tribune; Minneapolis, Minn. | 2016-11-02",
needs_a_person,read the article and decide — this is the actual review queue,"Article says 'This week, Aramark took over the Drexel dining program.' Published 2016-11-03, so 'this week' is approximately early November 2016. Exact date not stated. Venue matched to Drexel University. It's unclear if this is the first outsourcing or a switch from another provider.",event,ev_64efa60cf7877d3b,Drexel,Aramark,won on 2016-11-01 (confidence 0.85),"|Philadelphia Daily News (1960-); Philadelphia, Pennsylvania | 2016-11-03",
needs_a_person,read the article and decide — this is the actual review queue,"Article says Aramark is 'slated to become Drexel's new food-service provider next month' (i.e., December 2016). The phrasing 'slated to' suggests this is decided but not yet in effect. Marking for review because it could be interpreted as still pending. The venue is Drexel University as a whole, not a specific stadium/arena.",event,ev_92a4f6990b5e30cd,Drexel,Aramark,won on 2016-12-01 (confidence 0.7),|Philadelphia Inquirer (1969-); Philadelphia | 2016-11-16,
needs_a_person,read the article and decide — this is the actual review queue,"Article says Drexel cancelled its contract with SodexoMagic on Sept. 20, to conclude 'this December'. No successor announced yet; Aramark is rumored but not confirmed. Using 'expired' because the contract is ending with no successor named in the article. The 21-year partnership implies the contract began circa 1995. Date precision is month since only 'this December' is stated.",event,ev_66dd1c7bd79cd51c,Drexel University,Sodexo,expired on 2016-12-01 (confidence 0.85),|University Wire; Carlsbad | 2016-10-21,
needs_a_person,read the article and decide — this is the actual review queue,"Article states 'Drexel terminated the contract last month' (article dated 2016-10-10, so September 2016). This is a termination by the university, not a normal contract switch — no successor is named. Classified as 'lost' since Drexel ended the contract. Exact date in September unknown.",event,ev_27cf5d4cc3acfdd0,Drexel University,Sodexo,lost on 2016-09-01 (confidence 0.85),"|The Daily Record; Baltimore, Md. | 2016-10-10",
needs_a_person,read the article and decide — this is the actual review queue,Article states Aramark 'won the contract to run the all-important catering operations' at U.S. Bank Stadium. No specific date given for when the contract was awarded; the stadium opened in 2016. No contract term or value stated.,event,ev_0d78ee36e0ac1ed1,U.S. Bank Stadium,Aramark,won on ? (confidence 0.9),|TCA Regional News; Chicago | 2016-11-03,
needs_a_person,read the article and decide — this is the actual review queue,"Both sides terminated the 10-year contract early. SodexoMAGIC will stay until Dec. 10 (year not explicitly stated but context implies 2016, i.e., end of the fall academic term). No successor named. Article says 'Both sides have terminated their contract' — mutual termination rather than natural expiration.",event,ev_cc8ebaa2e87c3f73,Drexel University,Sodexo,expired on 2016-12-10 (confidence 0.85),|Philadelphia Inquirer (1969-); Philadelphia | 2016-10-11,"Imagine never being able to go out to eat in your own city. That's the reality for Jewish residents who keep kosher strictly, as the second largest city in New England has no kosher-certified restaurants. While that's not a complete surprise, given a decline i…"
needs_a_person,read the article and decide — this is the actual review queue,"Eric Foss states 'we've recently signed two leading universities, Drexel University and Temple University'. No specific date given; described as recent. Likely an education/dining contract. Date needs review.",event,ev_4605d693ee6f70b1,Drexel University,Aramark,won on ? (confidence 0.82),|Fair Disclosure Wire; Linthicum | 2016-11-15,
needs_a_person,read the article and decide — this is the actual review queue,Launch Test Kitchen pop-up concept at Nissan Stadium featuring local chef Andrew Little of Josephine. This is a program/menu initiative by Aramark. Date is approximate - inferred from article publication date as the pop-up had already occurred. Borderline between initiative and a one-off event; flagged for review.,event,ev_824bd8c89d30a04b,Nissan Stadium,Aramark,initiative on 2016-10-02 (confidence 0.65),"|The Tennessean; Nashville, Tenn. | 2016-10-02",
needs_a_person,read the article and decide — this is the actual review queue,"SodexoMAGIC filed fraud complaint against Drexel (not the other way around). This is the operator alleging the client committed fraud, not a violation by the operator. Flagging for review as the violation event_type may not perfectly fit — the fraud complaint is by the operator against the university, not a regulatory violation attributed to the operator. Consider whether this event should be kept or dropped.",event,ev_a37bafd56fdad641,Drexel,Sodexo,violation on 2016-10-01 (confidence 0.75),|Food Management; Cleveland | 2016-10-20,
needs_a_person,read the article and decide — this is the actual review queue,"The article describes Harry M. Stevens landing a contract at Veterans Stadium (Philadelphia) and subcontracting cleaning to Team Clean. The interviewee says 'maybe about 19 years ago' from 2016, placing it around 1997. However, this is a cleaning/janitorial subcontract, not a food-service concessions contract per se. Harry M. Stevens is described as the prime contractor who 'landed a contract' at the stadium and needed a minority subcontractor for cleaning. The article says Harry M. Stevens 'was bought by Aramark' but does not specify when — per rules, we keep it as Harry M. Stevens. The venue is Philadelphia's Veterans Stadium (now demolished), matching wd-Q1545870 despite plausible_at_article_date=False, since the stadium was demolished in 2004 and the contract was ~1997. Needs review: (1) this may be a cleaning contract rather than food-service, (2) date is approximate, (3) operator not on normalized list.",event,ev_3eccefa12c893476,Veterans Stadium,Harry M. Stevens,won on 1997-01-01 (confidence 0.45),|TCA Regional News; Chicago | 2016-07-30,
needs_a_person,read the article and decide — this is the actual review queue,"overlaps another operator at this venue (prime vs sub-contract, or a bad pairing)",tenure,sp-6dbbf8e581,Drexel University,Sodexo,? to 2016-12-10 [ended/other],|Food Management; Cleveland | 2016-10-20; |University Wire; Carlsbad | 2016-10-21; |University Wire; Carlsbad | 2016-10-06; |Philadelphia Inquirer (1969-); Philadelphia | 2016-10-11,
needs_a_person,read the article and decide — this is the actual review queue,"overlaps another operator at this venue (prime vs sub-contract, or a bad pairing)",tenure,sp-9b292eb880,Drexel University,Sodexo,2015-05-21 to 2016-09-20 [ended/lost_bid],"|Food Management; Cleveland | 2016-10-20; |The Daily Record; Baltimore, Md. | 2016-10-10; |Philadelphia Inquirer (1969-); Philadelphia | 2016-10-11; |University Wire; Carlsbad | 2016-10-28",
needs_a_person,read the article and decide — this is the actual review queue,"overlaps another operator at this venue (prime vs sub-contract, or a bad pairing)",tenure,sp-bfa4169a44,Drexel University,Sodexo,? to 2016-12-10 [ended/lost_bid],"|University Wire; Carlsbad | 2016-10-25; |Philadelphia Inquirer; Philadelphia, Pa. | 2016-11-01; |TCA Regional News; Chicago | 2016-10-31; |Philadelphia Inquirer (1969-); Philadelphia | 2016-11-01",
needs_a_person,read the article and decide — this is the actual review queue,"overlaps another operator at this venue (prime vs sub-contract, or a bad pairing)",tenure,sp-ea85b29ed0,Drexel University,Aramark,2016-01-01 to ? [unknown],"|Fair Disclosure Wire; Linthicum | 2016-11-15; |Philadelphia Daily News; Philadelphia, Pa. | 2016-11-03; |Philadelphia Daily News (1960-); Philadelphia, Pennsylvania | 2016-11-03; |Philadelphia Inquirer (1969-); Philadelphia | 2016-11-16; |Philadelphia Inquirer; Philadelphia, Pa. | 2016-11-01; |TCA Regional News; Chicago | 2016-10-31; |University Wire; Carlsbad | 2016-10-28; |Philadelphia Inquirer (1969-); Philadelphia | 2016-11-01",
silent_source,nothing to read; no article ever stated it. Find another source or accept the gap,1 undated event(s) could not be placed on the timeline,tenure,sp-ea85b29ed0,Drexel University,Aramark,2016-01-01 to ? [unknown],"|Fair Disclosure Wire; Linthicum | 2016-11-15; |Philadelphia Daily News; Philadelphia, Pa. | 2016-11-03; |Philadelphia Daily News (1960-); Philadelphia, Pennsylvania | 2016-11-03; |Philadelphia Inquirer (1969-); Philadelphia | 2016-11-16; |Philadelphia Inquirer; Philadelphia, Pa. | 2016-11-01; |TCA Regional News; Chicago | 2016-10-31; |University Wire; Carlsbad | 2016-10-28; |Philadelphia Inquirer (1969-); Philadelphia | 2016-11-01",
silent_source,nothing to read; no article ever stated it. Find another source or accept the gap,3 undated event(s) could not be placed on the timeline,tenure,sp-ee1e3bbdb9,U.S. Bank Stadium,Aramark,2016-01-01 to ? [unknown],"|Fair Disclosure Wire; Linthicum | 2016-11-15; |Star Tribune; Minneapolis, Minn. | 2016-11-03; |Star Tribune (1987-); Minneapolis | 2016-11-03; |Star Tribune; Minneapolis, Minn. | 2016-11-02; |TCA Regional News; Chicago | 2016-11-02; |TCA Regional News; Chicago | 2016-11-03",
silent_source,nothing to read; no article ever stated it. Find another source or accept the gap,"presence only (initiative) — operator was here, but no award was reported",tenure,sp-095465ccbb,Nissan Stadium,Aramark,? to ? [unknown],"|The Tennessean; Nashville, Tenn. | 2016-10-02",
silent_source,nothing to read; no article ever stated it. Find another source or accept the gap,"presence only (violation) — operator was here, but no award was reported",tenure,sp-6dbbf8e581,Drexel University,Sodexo,? to 2016-12-10 [ended/other],|Food Management; Cleveland | 2016-10-20; |University Wire; Carlsbad | 2016-10-21; |University Wire; Carlsbad | 2016-10-06; |Philadelphia Inquirer (1969-); Philadelphia | 2016-10-11,
silent_source,nothing to read; no article ever stated it. Find another source or accept the gap,re-awarded with no reported end to the previous run,tenure,sp-ea85b29ed0,Drexel University,Aramark,2016-01-01 to ? [unknown],"|Fair Disclosure Wire; Linthicum | 2016-11-15; |Philadelphia Daily News; Philadelphia, Pa. | 2016-11-03; |Philadelphia Daily News (1960-); Philadelphia, Pennsylvania | 2016-11-03; |Philadelphia Inquirer (1969-); Philadelphia | 2016-11-16; |Philadelphia Inquirer; Philadelphia, Pa. | 2016-11-01; |TCA Regional News; Chicago | 2016-10-31; |University Wire; Carlsbad | 2016-10-28; |Philadelphia Inquirer (1969-); Philadelphia | 2016-11-01",
silent_source,nothing to read; no article ever stated it. Find another source or accept the gap,run ends with no award ever reported — start unknown,tenure,sp-bfa4169a44,Drexel University,Sodexo,? to 2016-12-10 [ended/lost_bid],"|University Wire; Carlsbad | 2016-10-25; |Philadelphia Inquirer; Philadelphia, Pa. | 2016-11-01; |TCA Regional News; Chicago | 2016-10-31; |Philadelphia Inquirer (1969-); Philadelphia | 2016-11-01",
silent_source,nothing to read; no article ever stated it. Find another source or accept the gap,run ends with no award ever reported — start unknown,tenure,sp-7ae49c0f41,"Maverick Stadium,Texas",Aramark,? to 2016-06-06 [ended/lost_bid],|University Wire; Carlsbad | 2016-08-22,
silent_source,nothing to read; no article ever stated it. Find another source or accept the gap,start_date unknown,tenure,sp-6dbbf8e581,Drexel University,Sodexo,? to 2016-12-10 [ended/other],|Food Management; Cleveland | 2016-10-20; |University Wire; Carlsbad | 2016-10-21; |University Wire; Carlsbad | 2016-10-06; |Philadelphia Inquirer (1969-); Philadelphia | 2016-10-11,
silent_source,nothing to read; no article ever stated it. Find another source or accept the gap,start_date unknown,tenure,sp-bfa4169a44,Drexel University,Sodexo,? to 2016-12-10 [ended/lost_bid],"|University Wire; Carlsbad | 2016-10-25; |Philadelphia Inquirer; Philadelphia, Pa. | 2016-11-01; |TCA Regional News; Chicago | 2016-10-31; |Philadelphia Inquirer (1969-); Philadelphia | 2016-11-01",
silent_source,nothing to read; no article ever stated it. Find another source or accept the gap,start_date unknown,tenure,sp-7ae49c0f41,"Maverick Stadium,Texas",Aramark,? to 2016-06-06 [ended/lost_bid],|University Wire; Carlsbad | 2016-08-22,
silent_source,nothing to read; no article ever stated it. Find another source or accept the gap,start_date unknown,tenure,sp-095465ccbb,Nissan Stadium,Aramark,? to ? [unknown],"|The Tennessean; Nashville, Tenn. | 2016-10-02",
out_of_scope,"correctly extracted; the venue is not in this spine. A scope decision, not a correction",1 undated event(s) could not be placed on the timeline,tenure,sp-c8eb0aef90,An Bhialann,Sodexo,? to ? [unknown],|The Daily Mirror; London (UK) | 2016-11-03,
out_of_scope,"correctly extracted; the venue is not in this spine. A scope decision, not a correction",1 undated event(s) could not be placed on the timeline,tenure,sp-9d2c03dd3b,Huron Lodge,Aramark,? to ? [unknown],"|Windsor Star (1959-); Windsor, Ontario | 2017-01-18",
out_of_scope,"correctly extracted; the venue is not in this spine. A scope decision, not a correction",1 undated event(s) could not be placed on the timeline,tenure,sp-9a51aea640,ICA,Sodexo,? to ? [unknown],|London Evening Standard (2011-2018); London (UK) | 2016-10-19,"…tensive and require caution and precision. For that reason, a variety of kosher certification agencies exist to inspect food service establishments and manufacturers, assuring Jews that proper preparations were taken. Rabbi Zalman Krems is the kashrus administ…"
out_of_scope,"correctly extracted; the venue is not in this spine. A scope decision, not a correction",1 undated event(s) could not be placed on the timeline,tenure,sp-b42e58d358,Leo O'Donovan dining hall,Aramark,? to ? [unknown],|University Wire; Carlsbad | 2016-12-12,
out_of_scope,"correctly extracted; the venue is not in this spine. A scope decision, not a correction",1 undated event(s) could not be placed on the timeline,tenure,sp-2bc706d5d0,MPEC,city of Wichita Falls,? to ? [unknown],"|Times Record News (1987-); Wichita Falls, Texas | 2016-11-06",
out_of_scope,"correctly extracted; the venue is not in this spine. A scope decision, not a correction",1 undated event(s) could not be placed on the timeline,tenure,sp-834dc44505,MPEC,Spectra,2016-10-01 to ? [unknown],"|Times Record News (1987-); Wichita Falls, Texas | 2016-12-28; |Times Record News (1987-); Wichita Falls, Texas | 2016-11-06",
out_of_scope,"correctly extracted; the venue is not in this spine. A scope decision, not a correction",1 undated event(s) could not be placed on the timeline,tenure,sp-a94ad7a317,Michigan Department of Corrections,Trinity Services Group,2015-09-01 to ? [unknown],|Crain's Detroit Business; Detroit | 2017-01-30,
out_of_scope,"correctly extracted; the venue is not in this spine. A scope decision, not a correction",1 undated event(s) could not be placed on the timeline,tenure,sp-db221d4749,Michigan's prison,Trinity Services Group,2015-09-01 to ? [unknown],"|Lansing State Journal (1980-); Lansing, Michigan | 2017-01-21",
out_of_scope,"correctly extracted; the venue is not in this spine. A scope decision, not a correction",1 undated event(s) could not be placed on the timeline,tenure,sp-c115bf1de2,Ramsey County correctional facility,Minnesota,? to ? [unknown],|The Guardian (Online); London (UK) | 2016-09-30,
out_of_scope,"correctly extracted; the venue is not in this spine. A scope decision, not a correction",1 undated event(s) could not be placed on the timeline,tenure,sp-6930b3a8e3,Rock and Roll Hall of Fame,Aramark,? to ? [unknown],|Fair Disclosure Wire; Linthicum | 2016-08-10,
out_of_scope,"correctly extracted; the venue is not in this spine. A scope decision, not a correction",1 undated event(s) could not be placed on the timeline,tenure,sp-1b1d922502,SHSU,"ARAMARK Educational Services of Texas, Inc.",? to ? [unknown],"|US Fed News Service, Including US State News; Washington, D.C. | 2016-08-20",
out_of_scope,"correctly extracted; the venue is not in this spine. A scope decision, not a correction",1 undated event(s) could not be placed on the timeline,tenure,sp-8bbe3b87a8,Tennessee Department of Correction,Aramark,2016-10-01 to ? [unknown],"|The Daily News Journal; Murfreesboro, Tenn. | 2016-08-08; |The Tennessean; Nashville, Tenn. | 2016-08-08; |News Sentinel; Knoxville, Tenn. | 2016-08-05; |The Leaf-Chronicle (1979-); Clarksville, Tennessee | 2016-08-08; |The Daily News-Journal (1931-); Murfreesboro, Tennessee | 2016-08-08; |The Tennessean (1972-); Nashville | 2016-08-08",
out_of_scope,"correctly extracted; the venue is not in this spine. A scope decision, not a correction",1 undated event(s) could not be placed on the timeline,tenure,sp-4e73938c79,U of L,Aramark,2016-08-01 to ? [unknown],|University Wire; Carlsbad | 2016-09-03; |University Wire; Carlsbad | 2016-09-08,
out_of_scope,"correctly extracted; the venue is not in this spine. A scope decision, not a correction",1 undated event(s) could not be placed on the timeline,tenure,sp-ec7fc6bc5c,U of L,Sodexo,? to ? [unknown],|University Wire; Carlsbad | 2016-09-08,
out_of_scope,"correctly extracted; the venue is not in this spine. A scope decision, not a correction",1 undated event(s) could not be placed on the timeline,tenure,sp-030e9be7e6,UChicago Dining,Compass,? to ? [unknown],|University Wire; Carlsbad | 2016-10-18,
out_of_scope,"correctly extracted; the venue is not in this spine. A scope decision, not a correction",1 undated event(s) could not be placed on the timeline,tenure,sp-c283a0a42a,UChicago Dining,Aramark,? to ? [unknown],|University Wire; Carlsbad | 2016-10-18,
out_of_scope,"correctly extracted; the venue is not in this spine. A scope decision, not a correction",1 undated event(s) could not be placed on the timeline,tenure,sp-8e2acc5ed1,Yosemite National Park,Aramark,? to ? [unknown],|Fair Disclosure Wire; Linthicum | 2016-08-10,
out_of_scope,"correctly extracted; the venue is not in this spine. A scope decision, not a correction",1 undated event(s) could not be placed on the timeline,tenure,sp-af2aa847be,the department,Aramark,? to ? [unknown],|The Tennessean (1972-); Nashville | 2016-08-08,
out_of_scope,"correctly extracted; the venue is not in this spine. A scope decision, not a correction",1 undated event(s) could not be placed on the timeline,tenure,sp-ddc534c181,the department,TRICOR,? to ? [unknown],|The Tennessean (1972-); Nashville | 2016-08-08,
out_of_scope,"correctly extracted; the venue is not in this spine. A scope decision, not a correction",2 undated event(s) could not be placed on the timeline,tenure,sp-0f3163fcef,FGCU,Compass,? to ? [unknown],"|The News Press; Fort Myers, Fla. | 2016-08-17; |Fort Myers News-Press (1931-); Fort Myers, Florida | 2016-08-17",
out_of_scope,"correctly extracted; the venue is not in this spine. A scope decision, not a correction",2 undated event(s) could not be placed on the timeline,tenure,sp-4b8ea03742,FGCU,Aramark,? to ? [unknown],"|The News Press; Fort Myers, Fla. | 2016-08-17; |Fort Myers News-Press (1931-); Fort Myers, Florida | 2016-08-17",
out_of_scope,"correctly extracted; the venue is not in this spine. A scope decision, not a correction",2 undated event(s) could not be placed on the timeline,tenure,sp-77c80aed1b,Michigan,Aramark Correctional Services,? to ? [unknown],"|Kennebec Journal; Augusta, Me. | 2016-10-25; |Morning Sentinel; Waterville, Me. | 2016-10-25",
out_of_scope,"correctly extracted; the venue is not in this spine. A scope decision, not a correction",2 undated event(s) could not be placed on the timeline,tenure,sp-d9cda0e85b,SMSU campus,Compass,? to ? [unknown],|University Wire; Carlsbad | 2016-09-08,
out_of_scope,"correctly extracted; the venue is not in this spine. A scope decision, not a correction",2 undated event(s) could not be placed on the timeline,tenure,sp-e269b3b965,SMSU campus,Aramark,? to ? [unknown],|University Wire; Carlsbad | 2016-09-08,
out_of_scope,"correctly extracted; the venue is not in this spine. A scope decision, not a correction",2 undated event(s) could not be placed on the timeline,tenure,sp-b40c9cc1ae,Temple University,Sodexo,? to 2017-07-01 [ended/lost_bid],"|University Wire; Carlsbad | 2016-10-21; |University Wire; Carlsbad | 2016-10-11; |TCA Regional News; Chicago | 2016-10-11; |Philadelphia Inquirer (1969-); Philadelphia | 2016-10-12; |Philadelphia Inquirer; Philadelphia, Pa. | 2016-11-01",
out_of_scope,"correctly extracted; the venue is not in this spine. A scope decision, not a correction",2 undated event(s) could not be placed on the timeline,tenure,sp-466064802c,University of Maine at Farmington,Sodexo,? to ? [unknown],"|TCA Regional News; Chicago | 2016-08-26; |Sun Journal; Lewiston, Me. | 2016-08-25",
out_of_scope,"correctly extracted; the venue is not in this spine. A scope decision, not a correction",2 undated event(s) could not be placed on the timeline,tenure,sp-63a5025d7e,University of Maine at Farmington,Aramark,? to ? [unknown],"|TCA Regional News; Chicago | 2016-08-26; |Sun Journal; Lewiston, Me. | 2016-08-25",
out_of_scope,"correctly extracted; the venue is not in this spine. A scope decision, not a correction",2 undated event(s) could not be placed on the timeline,tenure,sp-a2c0a068a7,University of New Orleans,Aramark,1999-01-01 to ? [unknown],|University Wire; Carlsbad | 2016-09-21,
out_of_scope,"correctly extracted; the venue is not in this spine. A scope decision, not a correction",3 undated event(s) could not be placed on the timeline,tenure,sp-7a2a8b0198,Mayo Clinic,Compass,? to ? [unknown],"|Post - Bulletin; Rochester, Minn. | 2016-08-31; |Post - Bulletin; Rochester, Minn. | 2016-08-20",
out_of_scope,"correctly extracted; the venue is not in this spine. A scope decision, not a correction",3 undated event(s) could not be placed on the timeline,tenure,sp-7e50ce51b9,Mayo Clinic,Sodexo,? to ? [unknown],"|Post - Bulletin; Rochester, Minn. | 2016-08-31; |Post - Bulletin; Rochester, Minn. | 2016-08-20",
out_of_scope,"correctly extracted; the venue is not in this spine. A scope decision, not a correction",3 undated event(s) could not be placed on the timeline,tenure,sp-3241352e3e,Temple University,Aramark,2016-01-01 to ? [unknown],"|Fair Disclosure Wire; Linthicum | 2016-11-15; |MENA Report; Camden | 2016-10-14; |University Wire; Carlsbad | 2016-10-11; |University Wire; Carlsbad | 2017-01-17; |University Wire; Carlsbad | 2016-10-21; |US Fed News Service, Including US State News; Washington, D.C. | 2016-10-12; |TCA Regional News; Chicago | 2016-10-11; |Philadelphia Inquirer (1969-); Philadelphia | 2016-10-12",
out_of_scope,"correctly extracted; the venue is not in this spine. A scope decision, not a correction",Aramark CEO states they 'recently signed' Temple University. No candidate venue matches. No exact date; described as recent during FY16 earnings call.,event,ev_6577b229781263b6,Temple University,Aramark,won on 2016-01-01 (confidence 0.8),|Fair Disclosure Wire; Linthicum | 2016-11-15,
out_of_scope,"correctly extracted; the venue is not in this spine. A scope decision, not a correction","Aramark identified as 'the previous dining services of R-N', replaced by Gourmet Dining Services effective July 29, 2016. No candidate venue matches this campus.",event,ev_eca51a03b2dca04e,Rutgers University – Newark,Aramark,lost on 2016-07-29 (confidence 0.9),|University Wire; Carlsbad | 2016-09-27,
out_of_scope,"correctly extracted; the venue is not in this spine. A scope decision, not a correction","Aramark lost management of the Barnard Store specifically (not the full food service contract). The college took over store management in May 2016 when the previous manager left. Aramark remains the college's food service provider. No venue_id match. This is a retail store, not a stadium/arena/convention center — may be out of scope.",event,ev_b411eb07a4a307b2,Barnard Store,Aramark,lost on 2016-05-01 (confidence 0.75),|University Wire; Carlsbad | 2016-10-06,
out_of_scope,"correctly extracted; the venue is not in this spine. A scope decision, not a correction","Aramark lost this contract because the university is bringing services in-house (self_op). Paired with self_op event. No matching venue_id — article is about Northwest Missouri State University, not University of Minnesota. Contract is for facility management services, NOT food service — may be out of scope entirely.",event,ev_4e6c6c0add92e0f7,Northwest Missouri State University,Aramark,lost on 2017-04-03 (confidence 0.85),|University Wire; Carlsbad | 2017-01-18,
out_of_scope,"correctly extracted; the venue is not in this spine. A scope decision, not a correction","Aramark named as the previous food service provider replaced by Chartwells. SMSU (Southwest Minnesota State University, Marshall MN) does not match any candidate venue. Date inferred from 'As of July' context.",event,ev_9237db883fc6d2ee,SMSU,Aramark,lost on 2016-07-01 (confidence 0.8),|University Wire; Carlsbad | 2016-09-08,
out_of_scope,"correctly extracted; the venue is not in this spine. A scope decision, not a correction","Aramark served moldy bagels to four students on Monday (Nov 7). No candidate venue matches Neil Armstrong Elementary. This is a school, not a stadium/arena/convention center, so may be out of scope for the venue spine. The article also confirms Aramark is the district's food service company but reports no contract award, renewal, or other contract event.",event,ev_d9e12110a28d4aa5,Neil Armstrong Elementary,Aramark,violation on 2016-11-07 (confidence 0.75),"|The Times - Tribune; Scranton, Pa. | 2016-11-10",
out_of_scope,"correctly extracted; the venue is not in this spine. A scope decision, not a correction",Article describes Aramark as having replaced Sodexo at the University of Louisville. No specific date given for when the switch occurred; article published 2016-09-08 describes changes noticed by returning students (implying start around fall 2016). No candidate venue matches the University of Louisville; needs review.,event,ev_ebcf556433c35988,U of L,Aramark,won on ? (confidence 0.85),|University Wire; Carlsbad | 2016-09-08,
out_of_scope,"correctly extracted; the venue is not in this spine. A scope decision, not a correction","Article describes Aramark winning a food service contract for Tennessee Department of Correction prison facilities, replacing TRICOR. This is a prison/corrections food service contract, not a stadium/arena/convention center. No venue_id match — none of the candidate venues correspond to Tennessee DOC facilities. The article says the contract is planned but Aramark VP's statement ('We are looking forward to partnering...') and the department statement ('the food service contract with TRICOR will come to an end') suggest the decision has been made. However, this is NOT a stadium, arena, or convention center contract.",event,ev_5987a411d53dab7a,the department,Aramark,won on ? (confidence 0.55),|The Tennessean (1972-); Nashville | 2016-08-08,
out_of_scope,"correctly extracted; the venue is not in this spine. A scope decision, not a correction","Article describes Aramark winning the prison food service contract for the Tennessee Department of Correction, replacing TRICOR, with expected start date October 1, 2016. This is a state prison food service contract, not a stadium/arena/convention center concessions contract. No candidate venue matches. Article also mentions Aramark provides food at Nissan Stadium but reports no contract event for that venue.",event,ev_289ba7ed2739cabe,Tennessee Department of Correction,Aramark,won on 2016-10-01 (confidence 0.55),"|The Daily News-Journal (1931-); Murfreesboro, Tennessee | 2016-08-08",
out_of_scope,"correctly extracted; the venue is not in this spine. A scope decision, not a correction","Article describes a new contract between Georgetown University and Aramark, its current dining services provider, for renovations of Leo O'Donovan dining hall and Hoya Court. No candidate venue matches a Georgetown University dining hall. The contract is described as decided ('it was decided that the renovations will occur under a new contract'). Changes scheduled to be fully in place by start of 2017-2018 academic year. Since Aramark is described as the current provider getting a new contract, this is treated as a renewal.",event,ev_837d0b24b8c555f1,Leo O'Donovan dining hall,Aramark,renewed on ? (confidence 0.75),|University Wire; Carlsbad | 2016-12-12,
out_of_scope,"correctly extracted; the venue is not in this spine. A scope decision, not a correction","Article describes a new contract between Georgetown and Aramark, their current dining services provider. This is a university dining hall, not one of the candidate venues (RFK Stadium or D.C. Armory). Changes scheduled to be fully in place by start of 2017-2018 academic year. Venue is campus dining, not a stadium/arena.",event,ev_c045149db3a8ed89,Leo O'Donovan dining hall,Aramark,renewed on 2017-01-01 (confidence 0.8),|University Wire; Carlsbad | 2016-12-12,
out_of_scope,"correctly extracted; the venue is not in this spine. A scope decision, not a correction","Article describes approval of Amendment No. 13 to a 2005 Food Service Contract with Aramark Educational Services. This is an amendment to an existing contract (reducing commissions beginning June 1, 2018, to support expansion of food service operations), not a new award or a renewal per se. Classified as 'renewed' since it extends/modifies an existing contract, but reviewer should verify whether this qualifies as a contract event or is merely an amendment. No candidate venue matches Sam Houston State University. Original contract dates to 2005.",event,ev_79756416ee45996e,SHSU,"ARAMARK Educational Services of Texas, Inc.",renewed on ? (confidence 0.55),"|US Fed News Service, Including US State News; Washington, D.C. | 2016-08-20",
out_of_scope,"correctly extracted; the venue is not in this spine. A scope decision, not a correction","Article discusses Aramark as the new food service provider for Tennessee DOC, replacing TRICOR. This is a state prison food-service contract, not a stadium/arena/convention center — may be out of scope. No contract length or value provided. No matching venue in candidate list.",event,ev_49f6179c09144ead,Tennessee Department of Correction,Aramark,won on ? (confidence 0.7),"|The Daily News-Journal (1931-); Murfreesboro, Tennessee | 2016-08-08",
out_of_scope,"correctly extracted; the venue is not in this spine. A scope decision, not a correction","Article identifies Aramark as the previous dining services provider, replaced by Chartwells in May 2016. Venue is the Cohen Center at FGCU; no matching candidate venue.",event,ev_046e976888731612,The Perch,Aramark,lost on 2016-05-01 (confidence 0.85),|University Wire; Carlsbad | 2016-10-06,
out_of_scope,"correctly extracted; the venue is not in this spine. A scope decision, not a correction","Article mentions Michigan terminated a $145M contract with Aramark Correctional Services for feeding state prisoners due to lack of cleanliness, unapproved menu substitutions, etc. This is a state prison system, not a stadium/arena/convention center. No matching venue in candidate list. This is a correctional facility contract, not a sports/entertainment venue, so likely out of scope for this tracker.",event,ev_0846e9280e833e5a,Michigan,Aramark Correctional Services,violation on ? (confidence 0.4),"|Kennebec Journal; Augusta, Me. | 2016-10-25",
out_of_scope,"correctly extracted; the venue is not in this spine. A scope decision, not a correction","Article mentions Michigan terminated a 3-year $145M contract with Aramark Correctional Services after scrutiny for lack of cleanliness, unapproved menu substitutions and other issues. This is a state prison food service contract, not a stadium/arena/convention center. No matching venue in candidate list. The article says termination was in 2014, about a year after the company was hired. This is a prison food contract, likely outside scope of stadium/arena tracking.",event,ev_a2fe2aa2e307ca2c,Michigan,Aramark Correctional Services,violation on ? (confidence 0.75),"|Morning Sentinel; Waterville, Me. | 2016-10-25",
out_of_scope,"correctly extracted; the venue is not in this spine. A scope decision, not a correction","Article mentions NCH signed a contract with Sodexo in 2012 for food service and housekeeping departments, involving 224 employees. NCH Healthcare System is a hospital system in Collier County, FL — not a stadium, arena, or convention center. No candidate venue matches. This is a healthcare facility, not a sports/entertainment venue, so it may be out of scope for the venue spine.",event,ev_0cb9308519ad8486,NCH Healthcare System,Sodexo,won on 2012-01-01 (confidence 0.75),"|Fort Myers News-Press (1931-); Fort Myers, Florida | 2016-08-27","Imagine never being able to go out to eat in your own city. That's the reality for Jewish residents who keep kosher strictly, as the second largest city in New England has no kosher-certified restaurants. While that's not a complete surprise, given a decline i…"
out_of_scope,"correctly extracted; the venue is not in this spine. A scope decision, not a correction","Article refers to 'the university' without naming it explicitly. Source title says 'universitys dining contractor' but doesn't name the university. References to Leo's, O'Donovan Hall, and COO Christopher Augostini suggest Georgetown University, but this is not stated in the body text. No candidate venue matches. The announcement was made via email on a Tuesday; source_date is 2016-11-09 which is a Wednesday, so the announcement was likely Nov 8. Yearlong bid process between Aramark and Sodexo ended with Aramark retaining the contract for 10 more years.",event,ev_3e9dcb397dbe5cb5,the university,Aramark,renewed on 2016-11-01 (confidence 0.75),|MENA Report; Camden | 2016-11-09,
out_of_scope,"correctly extracted; the venue is not in this spine. A scope decision, not a correction","Article refers to SMSU (Southwest State University, Marshall, MN) — not University of Minnesota. No matching venue_id in candidates. The switch from Aramark to Chartwells is described as having already occurred but no date is given.",event,ev_d43a44138dcf3ec5,SMSU campus,Compass,won on ? (confidence 0.8),|University Wire; Carlsbad | 2016-09-08,
out_of_scope,"correctly extracted; the venue is not in this spine. A scope decision, not a correction","Article reports $2M+ in penalties for unauthorized meal substitutions, delays, inadequate staffing, and sanitation violations since Trinity began providing meals in Sept 2015. No matching venue_id; this is a state prison system, not a stadium/arena/convention center. Operator not on known crosswalk.",event,ev_cd58e0f13974709c,Michigan Department of Corrections,Trinity Services Group,violation on ? (confidence 0.75),|Crain's Detroit Business; Detroit | 2017-01-30,
out_of_scope,"correctly extracted; the venue is not in this spine. A scope decision, not a correction","Article reports Aramark served moldy bagels to four students at Neil Armstrong Elementary on Monday (2016-11-07). This is a food safety violation at a school, not a stadium/arena/convention center venue. No matching venue in candidate list. Venue is an elementary school, outside the typical scope of stadium/arena tracking.",event,ev_f6b78a138640f421,Neil Armstrong Elementary,Aramark,violation on 2016-11-07 (confidence 0.75),|TCA Regional News; Chicago | 2016-11-10,
out_of_scope,"correctly extracted; the venue is not in this spine. A scope decision, not a correction","Article reports Lafayette General Health transitioning its outsourced Environmental Services Department (EVS) back in-house on Dec. 12, 2016, ending an Aramark EVS contract. This is environmental services, not food-service concessions, but it is an outsourced services contract being brought in-house. No candidate venue matches a hospital; venue_id set to null. Reviewer should confirm whether EVS contracts are in scope for this dataset.",event,ev_1a353a09bbc49880,Lafayette General Health,Aramark,self_op on 2016-12-12 (confidence 0.85),"|The Daily Advertiser; Lafayette, La. | 2016-10-11",
out_of_scope,"correctly extracted; the venue is not in this spine. A scope decision, not a correction","Article reports Michigan and Aramark 'agreed to end their $145 million, three-year contract 18 months early' in 2015. This is a prison system, not a stadium/arena/convention center — likely out of scope. No matching venue_id. Date is approximate (article says 'in 2015'). Reported secondhand via Detroit Free Press.",event,ev_8919c20ab2a949d0,Michigan Department of Corrections,Aramark,lost on 2015-01-01 (confidence 0.5),"|News Sentinel; Knoxville, Tenn. | 2016-08-05",
out_of_scope,"correctly extracted; the venue is not in this spine. A scope decision, not a correction","Article reports Michigan and Aramark agreed to end their $145M three-year contract 18 months early in 2015. This is a prison food service contract, not a stadium/arena/convention center. No matching venue_id. Contract ended early by mutual agreement after numerous problems.",event,ev_a3d71eba3519a8d3,MDOC facilities,Aramark,lost on 2015-01-01 (confidence 0.75),|The Tennessean (1972-); Nashville | 2016-08-08,
out_of_scope,"correctly extracted; the venue is not in this spine. A scope decision, not a correction",Article reports UK and Aramark are redefining 'local food' in campus dining to exclude soda and ice from local food metrics. This is a policy/initiative change in the existing Aramark dining contract. No candidate venue matches the University of Kentucky campus dining facilities.,event,ev_2ef8f5b5be238d64,UK,Aramark,initiative on 2016-09-01 (confidence 0.82),|The Courier-Journal (1923-); Louisville | 2016-09-21,
out_of_scope,"correctly extracted; the venue is not in this spine. A scope decision, not a correction","Article says 'Earlier this year, the University of Maine System awarded its new dining service contract to Sodexo.' No candidate venue matched. Date is approximate — 'earlier this year' relative to Oct 2016 publication. This covers UMaine System campuses broadly, not a single venue.",event,ev_e3f304b01ecabdf4,University of Maine System,Sodexo,won on 2016-01-01 (confidence 0.85),"|Portland Press Herald; Portland, Me. | 2016-10-23",
out_of_scope,"correctly extracted; the venue is not in this spine. A scope decision, not a correction","Article says 'Earlier this year, the University of Maine System awarded its new dining service contract to Sodexo.' No venue_id match — this is a university dining contract across multiple campuses, not a single venue. Date is 'earlier this year' (2016), precision set to year.",event,ev_c879640f6f86d456,University of Maine System,Sodexo,won on 2016-01-01 (confidence 0.85),"|Portland Press Herald; Portland, Me. | 2016-10-23",
out_of_scope,"correctly extracted; the venue is not in this spine. A scope decision, not a correction","Article says 'In the fall of 2017 Vassar is switching food service providers from Aramark to Bon Appétit,' per a Dean's email announcing the decision. No candidate venue matches Vassar College. Date is 'fall of 2017' so approximate.",event,ev_9f03a8a9bbee074c,the Deece,Compass,won on 2017-01-01 (confidence 0.85),|University Wire; Carlsbad | 2016-11-30,
out_of_scope,"correctly extracted; the venue is not in this spine. A scope decision, not a correction","Article says 'In the fall of 2017 Vassar is switching food service providers from Aramark to Bon Appétit.' This is presented as a decided transition per an April 5 school-wide email from the Dean, not a pending decision. No candidate venue matches Vassar College / the Deece / ACDC. Date is 'fall of 2017' so approximate.",event,ev_2e613f83a9ed12fe,the Deece,Aramark,lost on 2017-01-01 (confidence 0.85),|University Wire; Carlsbad | 2016-11-30,
out_of_scope,"correctly extracted; the venue is not in this spine. A scope decision, not a correction","Article says 'Minnesota has brought its food service provision back in-house after years of outsourcing to the private sector.' This applies to the Minnesota corrections system broadly, not necessarily Ramsey County specifically (Ramsey is a county jail, not a state prison). No date given for when in-house transition occurred. No venue_id match. This is a correctional facility, not a stadium/arena/convention center — may be out of scope.",event,ev_8521b7769abe3a18,Ramsey County correctional facility,Minnesota,self_op on ? (confidence 0.55),|The Guardian (Online); London (UK) | 2016-09-30,
out_of_scope,"correctly extracted; the venue is not in this spine. A scope decision, not a correction","Article says 'St. Cloud State vendor contract with Sodexo...was not renewed effective July 1.' No matching venue in candidate list. The venue is St. Cloud State University, not University of Minnesota.",event,ev_5930aa3e2caa1e8e,St. Cloud State University,Sodexo,lost on 2016-07-01 (confidence 0.85),"|St. Cloud Times (1988-); St Cloud, Minnesota | 2016-07-31","Imagine never being able to go out to eat in your own city. That's the reality for Jewish residents who keep kosher strictly, as the second largest city in New England has no kosher-certified restaurants. While that's not a complete surprise, given a decline i…"
out_of_scope,"correctly extracted; the venue is not in this spine. A scope decision, not a correction","Article says 'previously, Aramark held the contract' — lost to Sodexo earlier in 2016. No candidate venue matched. Date is approximate.",event,ev_a6774d5494232339,University of Maine System,Aramark,lost on 2016-01-01 (confidence 0.85),"|Portland Press Herald; Portland, Me. | 2016-10-23",
out_of_scope,"correctly extracted; the venue is not in this spine. A scope decision, not a correction","Article says 'the department plans to award' and 'expected start date' of Oct 1 2016 — contract not yet finalized at publication. However, headline says 'State hires Aramark'. The contract is described as planned/expected, not yet signed. Venue is a prison system, not a stadium/arena/convention center — may be out of scope. No matching venue_id.",event,ev_8745d01a1fc37af0,Tennessee Department of Correction,Aramark,won on 2016-10-01 (confidence 0.55),"|News Sentinel; Knoxville, Tenn. | 2016-08-05",
out_of_scope,"correctly extracted; the venue is not in this spine. A scope decision, not a correction","Article says 'the following month' (October) Temple announced Aramark would take over with a 15-year contract. No specific venue named—this is university-wide food service (dining), not a specific stadium/arena contract. No candidate venue matches university dining. Venue ID left null.",event,ev_7540d3607e1095f3,Temple,Aramark,won on 2016-10-01 (confidence 0.85),|University Wire; Carlsbad | 2016-12-29,
out_of_scope,"correctly extracted; the venue is not in this spine. A scope decision, not a correction","Article says 'the new St. Cloud State vendor, Chartwells' replaced Sodexo effective July 1. No matching venue in candidate list. Sub-brand Chartwells is a division of Compass.",event,ev_a4e419c71e0ebe9b,St. Cloud State University,Compass,won on 2016-07-01 (confidence 0.85),"|St. Cloud Times (1988-); St Cloud, Minnesota | 2016-07-31","Imagine never being able to go out to eat in your own city. That's the reality for Jewish residents who keep kosher strictly, as the second largest city in New England has no kosher-certified restaurants. While that's not a complete surprise, given a decline i…"
out_of_scope,"correctly extracted; the venue is not in this spine. A scope decision, not a correction",Article says Aramark 'recently won a contract to replace Sodexo at Temple University.' No venue_id match among candidates. Date unknown beyond 'recently' relative to Nov 2016.,event,ev_d9fc15e40b846eb8,Temple University,Aramark,won on ? (confidence 0.75),"|Philadelphia Inquirer; Philadelphia, Pa. | 2016-11-01",
out_of_scope,"correctly extracted; the venue is not in this spine. A scope decision, not a correction",Article says Aramark 'recently won a contract to replace Sodexo at Temple University.' No venue_id match in candidate list. No specific date given; described as recent.,event,ev_34e141aaae716a04,Temple University,Aramark,won on ? (confidence 0.75),"|Philadelphia Inquirer; Philadelphia, Pa. | 2016-11-01",
out_of_scope,"correctly extracted; the venue is not in this spine. A scope decision, not a correction",Article says Aramark has been with UNO for 17 years as of 2016 (implying ~1999 start) on a 10-year contract renewed twice. Start date is inferred from '17 years' statement. No venue_id match.,event,ev_5b4b0c0b369d9003,University of New Orleans,Aramark,won on 1999-01-01 (confidence 0.55),|University Wire; Carlsbad | 2016-09-21,
out_of_scope,"correctly extracted; the venue is not in this spine. A scope decision, not a correction","Article says Aramark is 'soon to be the university's food service provider,' implying the contract has been awarded but service has not yet started. No venue in candidate list. No specific start date given; article is from Dec 2016 and references 2017-18 academic year planning. The phrasing suggests a decided award rather than a pending decision, but timing is uncertain.",event,ev_d8f59974003adf6e,Temple University,Aramark,won on ? (confidence 0.6),|University Wire; Carlsbad | 2016-12-06,
out_of_scope,"correctly extracted; the venue is not in this spine. A scope decision, not a correction",Article says Aramark's contract with the jail 'automatically renewed at the end of August for another year' and 'is set to expire again in 2017.' No candidate venue matches Tom Green County Jail. Using end of August 2016 as renewal date.,event,ev_658faf089a2d2235,Tom Green County Jail,Aramark Correctional Services,renewed on 2016-08-01 (confidence 0.82),"|Standard Times (1928-); San Angelo, Texas | 2016-09-12",
out_of_scope,"correctly extracted; the venue is not in this spine. A scope decision, not a correction","Article says Bon Appétit acquired the role of food service provider through an RFP process. No specific date given for when the contract started; article published 2016-10-18. No candidate venue matched. Staff were previously Aramark employees, indicating Aramark was the incumbent.",event,ev_924fecd73196c315,UChicago Dining,Compass,won on ? (confidence 0.75),|University Wire; Carlsbad | 2016-10-18,
out_of_scope,"correctly extracted; the venue is not in this spine. A scope decision, not a correction","Article says Chartwells is 'SMSU's new food service provider after switching from Aramark.' SMSU is Southwest Minnesota State University in Marshall, MN — not matched to any candidate venue. Date inferred from 'As of July' in article dated Sept 2016.",event,ev_6d593eeb311d29ff,SMSU,Compass,won on 2016-07-01 (confidence 0.8),|University Wire; Carlsbad | 2016-09-08,
out_of_scope,"correctly extracted; the venue is not in this spine. A scope decision, not a correction","Article says FGCU cut ties with Aramark. No specific date given for when the contract ended. No matching venue in candidate list; FGCU is in Fort Myers, FL, not Highland Heights, KY.",event,ev_1fd54b0ad22e696b,FGCU,Aramark,lost on ? (confidence 0.85),"|Fort Myers News-Press (1931-); Fort Myers, Florida | 2016-08-17",
out_of_scope,"correctly extracted; the venue is not in this spine. A scope decision, not a correction",Article says FGCU decided to contract with Chartwells after a two-year review. No specific date given. New dining options mentioned as available for 2016-17 school year. No matching venue in candidate list.,event,ev_75dc376256868b77,FGCU,Compass,won on ? (confidence 0.85),"|Fort Myers News-Press (1931-); Fort Myers, Florida | 2016-08-17",
out_of_scope,"correctly extracted; the venue is not in this spine. A scope decision, not a correction","Article says ISS lost a 'big contract' with Rio Tinto in Australia in 2016. This is a mining/corporate services contract in Australia, not a US stadium. The candidate venue 'America First Field' (Rio Tinto Stadium) in Utah is a US soccer stadium and almost certainly not what is being discussed here. No venue_id matched. This is likely not a US venue contract at all.",event,ev_7f45b1ee671f005a,Rio Tinto,ISS,lost on 2016-01-01 (confidence 0.45),|The Australian Financial Review; Melbourne | 2016-12-03,
out_of_scope,"correctly extracted; the venue is not in this spine. A scope decision, not a correction","Article says Michigan and Aramark mutually agreed to end their $145M 3-year contract 18 months early in 2015. This is a prison food contract, not a stadium/arena/convention center. Original contract was $145M over 3 years; ended 18 months in. Date is approximate — article says '2015' with no month. No venue_id match. Contract value listed is the original full contract value, not what was actually paid.",event,ev_e0f052ff96215591,Michigan Department of Corrections,Aramark,expired on 2015-01-01 (confidence 0.6),"|The Daily News Journal; Murfreesboro, Tenn. | 2016-08-08",
out_of_scope,"correctly extracted; the venue is not in this spine. A scope decision, not a correction","Article says Saint Leo University decided to 'go in a new direction with facilities management program' and Sodexo notified employees of layoffs effective Sept. 29. However, the university says contract negotiations with Sodexo are 'ongoing' and if no new agreement is reached, the university would hire those same people. The event_type is uncertain — it could be a lost (if another vendor is chosen) or self_op (if the university hires the workers directly). Article also notes Sodexo 'was previously the food service provider at Saint Leo' suggesting the current contract is for facilities management, not food service. No matching venue_id in candidates. Needs review for venue match and to clarify whether this is a food-service contract event or a facilities management contract.",event,ev_ffaf904ae6c2214e,Saint Leo University,Sodexo,lost on 2016-09-29 (confidence 0.65),"|Tampa Bay Times (2012-); Tampa Bay, Florida | 2016-08-17","Imagine never being able to go out to eat in your own city. That's the reality for Jewish residents who keep kosher strictly, as the second largest city in New England has no kosher-certified restaurants. While that's not a complete surprise, given a decline i…"
out_of_scope,"correctly extracted; the venue is not in this spine. A scope decision, not a correction","Article says Sodexo is buying the catering arm of Peyton and Byrne that supplies venues including the ICA, National Gallery, and Imperial War Museum. These are UK venues (London landmarks), not US stadiums/arenas/convention centers. The acquisition of a catering company's operations at these venues could constitute a 'won' but these are non-US venues and outside scope. Also, this is an acquisition of a business arm rather than a traditional contract award. Needs review for scope.",event,ev_8d6f334a3ff5a29b,ICA,Sodexo,won on ? (confidence 0.55),|London Evening Standard (2011-2018); London (UK) | 2016-10-19,"…tensive and require caution and precision. For that reason, a variety of kosher certification agencies exist to inspect food service establishments and manufacturers, assuring Jews that proper preparations were taken. Rabbi Zalman Krems is the kashrus administ…"
out_of_scope,"correctly extracted; the venue is not in this spine. A scope decision, not a correction","Article says Trinity replaced Aramark in August 2015 as Michigan's state prison food contractor. No candidate venue matches; this is a statewide prison food service contract, not a single venue. Operator not on known crosswalk.",event,ev_5a68ec6e61e06c11,state prison,Trinity Services Group,won on 2015-08-01 (confidence 0.8),"|Lansing State Journal (1980-); Lansing, Michigan | 2016-09-09",
out_of_scope,"correctly extracted; the venue is not in this spine. A scope decision, not a correction","Article says department 'plans to award' and expected start date is Oct 1, 2016, but contract has not yet been finalized ('After the State and Aramark negotiate and finalize a contract...'). This is a prison food services contract, not a stadium/arena/convention center. No matching venue_id. Borderline whether this counts as decided — the department announced the selection but contract not yet signed.",event,ev_d93165ae10ec1bd6,Tennessee Department of Correction,Aramark,won on 2016-10-01 (confidence 0.55),"|The Daily News Journal; Murfreesboro, Tenn. | 2016-08-08",
out_of_scope,"correctly extracted; the venue is not in this spine. A scope decision, not a correction","Article says ownership changed from Aramark to Chartwells 'in May' (2016). Venue is the Cohen Center food court at FGCU, not matched to any candidate venue. venue_id set to null.",event,ev_7a147e35d112c444,The Perch,Compass,won on 2016-05-01 (confidence 0.85),|University Wire; Carlsbad | 2016-10-06,
out_of_scope,"correctly extracted; the venue is not in this spine. A scope decision, not a correction","Article says the state and Aramark Correctional Services 'ended their contract early,' and Trinity began in September 2015. No matching venue_id; this is a state prison system. Date inferred from Trinity's start date. Sub-brand is Aramark Correctional Services.",event,ev_703d633fc8161141,Michigan Department of Corrections,Aramark Correctional Services,expired on 2015-09-01 (confidence 0.7),|Crain's Detroit Business; Detroit | 2017-01-30,
out_of_scope,"correctly extracted; the venue is not in this spine. A scope decision, not a correction","Article says the university announced Tuesday (Nov 1, 2016) that Aramark will continue as dining contractor for 10 years following a long bid process. No candidate venue matches Georgetown University dining; Yates Field House is mentioned but only in context of campus plan reconstruction, not as the dining venue. Setting venue_id to null.",event,ev_6f1ae27c0718d04f,Georgetown University,Aramark,renewed on 2016-11-01 (confidence 0.9),|University Wire; Carlsbad | 2016-11-04,
out_of_scope,"correctly extracted; the venue is not in this spine. A scope decision, not a correction","Article states 'Aramark has managed foodservice at Clemson since 1969, when it was ARA Services.' This is a campus-wide dining contract, not a stadium concession contract. No candidate venue matches the Clemson campus dining facilities. The nearby Memorial Stadium (wd-Q543579) is mentioned but only as a geographic reference, not as the venue under contract. Venue ID set to null because the contract is for campus dining, not the stadium.",event,ev_e6ffa84cb1155276,Clemson,Aramark,won on 1969-01-01 (confidence 0.85),|Food Management; Cleveland | 2016-12-01,
out_of_scope,"correctly extracted; the venue is not in this spine. A scope decision, not a correction","Article states 'JMU's contract with Aramark began in 2000 and is good up until June 30, 2035.' No candidate venue matched. Contract length calculated as 35 years (2000 to 2035). This is a dining services contract at James Madison University.",event,ev_2f99897144dd3225,JMU Dining Services,Aramark,won on 2000-01-01 (confidence 0.85),|University Wire; Carlsbad | 2016-11-03,
out_of_scope,"correctly extracted; the venue is not in this spine. A scope decision, not a correction","Article states 'Sodexo took over from Aramark in 2013'. No candidate venue matched; venue_id null. This is a university dining contract, not a stadium/arena.",event,ev_4491deab17382d16,Brandeis,Sodexo,won on 2013-01-01 (confidence 0.75),|University Wire; Carlsbad | 2016-11-14,
out_of_scope,"correctly extracted; the venue is not in this spine. A scope decision, not a correction","Article states 'Sodexo took over from Aramark in 2013'. No candidate venue matched; venue_id null. This is a university dining contract, not a stadium/arena.",event,ev_c77ab15efced105c,Brandeis,Aramark,lost on 2013-01-01 (confidence 0.75),|University Wire; Carlsbad | 2016-11-14,
out_of_scope,"correctly extracted; the venue is not in this spine. A scope decision, not a correction","Article states 'Spectra is now the exclusive caterer for the facility's events' at the MPEC (Wichita Falls Multi-Purpose Events Center). The MPEC includes Kay Yeager Coliseum and Ray Clymer Exhibit Hall but the contract appears to cover the full MPEC complex, not just the coliseum. No exact venue_id match for MPEC as a whole; Kay Yeager Coliseum (wd-Q6380314) is part of the MPEC but the contract covers the broader facility. Executive chef arrived in October 2016, suggesting the food service transition happened around then. The article describes Spectra by Comcast Spectacor as managing the facility and now handling food service.",event,ev_1d9ef998874af608,MPEC,Spectra,won on 2016-10-01 (confidence 0.75),"|Times Record News (1987-); Wichita Falls, Texas | 2016-12-28",
out_of_scope,"correctly extracted; the venue is not in this spine. A scope decision, not a correction","Article states 'UK partnered with Aramark in 2014 for on-campus dining.' No candidate venue matched. Venue is University of Kentucky campus dining, not a specific stadium/arena. Also mentions Aramark backed The Food Connection with a $5 million investment, but that is a separate program investment, not a contract value.",event,ev_0662e1683034e326,UK,Aramark,won on 2014-01-01 (confidence 0.75),|University Wire; Carlsbad | 2016-10-05,
out_of_scope,"correctly extracted; the venue is not in this spine. A scope decision, not a correction","Article states 'previously, Aramark held the contract' — lost to Sodexo earlier in 2016. No venue_id match; university dining contract across multiple campuses.",event,ev_2965784eba04f957,University of Maine System,Aramark,lost on 2016-01-01 (confidence 0.85),"|Portland Press Herald; Portland, Me. | 2016-10-23",
out_of_scope,"correctly extracted; the venue is not in this spine. A scope decision, not a correction","Article states Aramark Correctional Services (based in Philadelphia) was replaced by Trinity in August 2015 as Michigan's state prison food contractor. No candidate venue matches; this is a statewide prison food service contract, not a stadium/arena/convention center.",event,ev_747111eb2864ee0a,state prison,Aramark Correctional Services,lost on 2015-08-01 (confidence 0.8),"|Lansing State Journal (1980-); Lansing, Michigan | 2016-09-09",
out_of_scope,"correctly extracted; the venue is not in this spine. A scope decision, not a correction","Article states Aramark was replaced by Trinity as Michigan's prison food contractor in August 2015. No candidate venue matches; this is a statewide prison food service contract, not a stadium/arena/convention center. May be out of scope.",event,ev_fdbd67926c4df7ee,Michigan prisons,Aramark Correctional Services,lost on 2015-08-01 (confidence 0.85),"|Livingston County Daily Press & Argus; Howell, Mich. | 2016-09-09",
out_of_scope,"correctly extracted; the venue is not in this spine. A scope decision, not a correction","Article states Aramark was the previous food service provider at SMSU before Chartwells took over. No venue_id match — SMSU is Southwest Minnesota State University in Marshall, MN, not University of Minnesota. No date given for the switch.",event,ev_f589bb1d345c1fa4,SMSU campus,Aramark,lost on ? (confidence 0.8),|University Wire; Carlsbad | 2016-09-08,
out_of_scope,"correctly extracted; the venue is not in this spine. A scope decision, not a correction",Article states Aramark won contract 'to replace Sodexo at Temple University.' No venue_id match in candidate list. No specific date given.,event,ev_7beff567a0cffbea,Temple University,Sodexo,lost on ? (confidence 0.75),"|Philadelphia Inquirer; Philadelphia, Pa. | 2016-11-01",
out_of_scope,"correctly extracted; the venue is not in this spine. A scope decision, not a correction",Article states Aramark won contract to 'replace Sodexo' at Temple University. No venue_id match among candidates. Date unknown beyond 'recently' relative to Nov 2016.,event,ev_a5eefc7e95315fce,Temple University,Sodexo,lost on ? (confidence 0.75),"|Philadelphia Inquirer; Philadelphia, Pa. | 2016-11-01",
out_of_scope,"correctly extracted; the venue is not in this spine. A scope decision, not a correction","Article states Aramark's original 10-year contract has been renewed twice, resulting in a 20-year partnership, and that Aramark has been with UNO for 17 years as of the article date (2016). The initial contract would have started around 1999. The first renewal date is unclear. The second renewal came after Hurricane Katrina (2005). No venue_id match available. This event represents the second renewal (post-Katrina); exact date unknown.",event,ev_1e45b1926c0664cd,University of New Orleans,Aramark,renewed on ? (confidence 0.7),|University Wire; Carlsbad | 2016-09-21,
out_of_scope,"correctly extracted; the venue is not in this spine. A scope decision, not a correction","Article states Aramark's original 10-year contract has been renewed twice, resulting in a 20-year partnership, and they have been with UNO for 17 years as of 2016 (implying start ~1999). The second renewal came after Hurricane Katrina (2005). No venue_id match. Two renewals are mentioned but dates and terms of each are unclear; recording the most recent (post-Katrina) renewal. The other companies were 'reluctant to bid' at the second renewal.",event,ev_f2781fa189f4adde,University of New Orleans,Aramark,renewed on ? (confidence 0.7),|University Wire; Carlsbad | 2016-09-21,
out_of_scope,"correctly extracted; the venue is not in this spine. A scope decision, not a correction","Article states Lafayette General Health will transition its outsourced Environmental Services Department back in-house on Dec. 12 (2016), ending Aramark's EVS contract. This is environmental services, not food service — flagged for review. No candidate venue matches. The venue is a hospital/health system, not a stadium or arena.",event,ev_c04c572b01cf2d49,Lafayette General Health,Aramark,self_op on 2016-12-12 (confidence 0.85),"|The Daily Advertiser; Lafayette, La. | 2016-10-11",
out_of_scope,"correctly extracted; the venue is not in this spine. A scope decision, not a correction","Article states Michigan and Aramark agreed to end their $145 million, three-year contract 18 months early in 2005. This is a state prison food-service contract, not a stadium/arena/convention center. No matching venue in candidate list. Venue is a prison system, not a sports/entertainment venue — may be out of scope.",event,ev_d4fd7c63e8fe2194,State of Michigan,Aramark,lost on 2005-01-01 (confidence 0.75),"|The Daily News-Journal (1931-); Murfreesboro, Tennessee | 2016-08-08",
out_of_scope,"correctly extracted; the venue is not in this spine. A scope decision, not a correction",Article states Sodexo was the previous food services provider at U of L and has been replaced by Aramark. No specific date given. No candidate venue matches. Needs review.,event,ev_ed6542c6ac3411e7,U of L,Sodexo,lost on ? (confidence 0.85),|University Wire; Carlsbad | 2016-09-08,
out_of_scope,"correctly extracted; the venue is not in this spine. A scope decision, not a correction","Article states Trinity began providing meals in September 2015, replacing Aramark. No matching venue_id; this is a state prison system, not a stadium/arena/convention center. Operator not on known crosswalk.",event,ev_381cdc07c31d6d85,Michigan Department of Corrections,Trinity Services Group,won on 2015-09-01 (confidence 0.8),|Crain's Detroit Business; Detroit | 2017-01-30,
out_of_scope,"correctly extracted; the venue is not in this spine. A scope decision, not a correction","Article states Trinity replaced Aramark Correctional Services in September 2015 for Michigan's privatized prison food service. No candidate venue matches — this is a statewide prison food service contract, not a stadium/arena/convention center. The state first outsourced prison food in December 2013 (to Aramark), so this is not first_outsourcing. Venue not in candidate list.",event,ev_4203f9045b98efed,Michigan prison food service,Trinity Food Services,won on 2015-09-01 (confidence 0.8),"|Detroit Free Press; Detroit, Mich. | 2016-09-07",
out_of_scope,"correctly extracted; the venue is not in this spine. A scope decision, not a correction","Article states Trinity replaced Aramark Correctional Services in September 2015. Aramark had held the contract since December 2013 when Michigan first privatized prison food. No candidate venue matches — statewide prison system, not a stadium/arena/convention center.",event,ev_eb1bea5b8402c598,Michigan prison food service,Aramark Correctional Services,lost on 2015-09-01 (confidence 0.8),"|Detroit Free Press; Detroit, Mich. | 2016-09-07",
out_of_scope,"correctly extracted; the venue is not in this spine. A scope decision, not a correction","Article states Trinity replaced Aramark as Michigan's prison food contractor in August 2015. No candidate venue matches; this is a statewide prison food service contract, not a stadium/arena/convention center. May be out of scope.",event,ev_22702e580d9e9660,Michigan prisons,Trinity Services Group,won on 2015-08-01 (confidence 0.85),"|Livingston County Daily Press & Argus; Howell, Mich. | 2016-09-09",
out_of_scope,"correctly extracted; the venue is not in this spine. A scope decision, not a correction","Article states staff were 'previously Aramark employees' who were given the option to work for Bon Appétit, indicating Aramark lost the food service contract to Bon Appétit. No specific date given. No candidate venue matched.",event,ev_ff26d56dfddeff9b,UChicago Dining,Aramark,lost on ? (confidence 0.75),|University Wire; Carlsbad | 2016-10-18,
out_of_scope,"correctly extracted; the venue is not in this spine. A scope decision, not a correction",Article states the Aramark contract 'will expire in July 2018'. No candidate venue matched. Aramark has held the contract since 2003. The article describes an ongoing search/evaluation process for a successor but no award has been made.,event,ev_c31a24d22eb0cda2,FSU,Aramark Food Services,expired on 2018-07-01 (confidence 0.85),"|Tallahassee Democrat; Tallahassee, Fla. | 2016-12-12",
out_of_scope,"correctly extracted; the venue is not in this spine. A scope decision, not a correction","Barnard took store management in-house in May 2016. This is a college merchandise store, not a stadium/arena/convention center — likely out of scope. No venue_id match.",event,ev_9daa46dd3ed4d323,Barnard Store,Barnard,self_op on 2016-05-01 (confidence 0.75),|University Wire; Carlsbad | 2016-10-06,
out_of_scope,"correctly extracted; the venue is not in this spine. A scope decision, not a correction","Described as 'first quarter of full operations at Yosemite' and 'hit the ground running in Yosemite National Park', indicating a recently won contract. Approx $45M revenue recorded in the quarter. No venue_id match among candidates. This is a national park, not a stadium/arena/convention center - may be out of scope.",event,ev_63e00132b530584f,Yosemite National Park,Aramark,won on ? (confidence 0.75),|Fair Disclosure Wire; Linthicum | 2016-08-10,
out_of_scope,"correctly extracted; the venue is not in this spine. A scope decision, not a correction","Eight consecutive failed health inspections from Sept 23, 2015 through July 7, 2016. Some occurred under Aramark (prior to May 2016 handover) and some under Chartwells. Earliest failure date used. No matching candidate venue.",event,ev_12b2a95adf4b2d1f,The Perch,Aramark,violation on 2015-09-23 (confidence 0.7),|University Wire; Carlsbad | 2016-10-06,
out_of_scope,"correctly extracted; the venue is not in this spine. A scope decision, not a correction","Federal contract for 'full food services' at USCG Academy in New London, CT. No candidate venue matches this location. The article describes a federal government contract award, not a typical stadium/arena concessions contract. Place of performance is the U.S. Coast Guard Academy.",event,ev_297eec1ddc041a95,USCG Academy,Aramark,won on 2016-09-15 (confidence 0.85),"|Targeted News Service; Washington, D.C. | 2016-09-15",
out_of_scope,"correctly extracted; the venue is not in this spine. A scope decision, not a correction","Huron Lodge is a long-term care home in Windsor, Ontario, Canada — not a US stadium, arena, or convention center. No candidate venue matches. Council voted 6-5 to outsource janitorial/caretaker positions to Aramark at $1.2 million/year. Article says formal agreement not yet finalized ('We have to work out a formal agreement with them first') but council vote has been taken. The $1.2M figure is annual, not total. Article states this is the first phase of outsourcing city janitors, and first outsourcing for Huron Lodge.",event,ev_87fdec05e74e1af7,Huron Lodge,Aramark,won on ? (confidence 0.85),"|Windsor Star (1959-); Windsor, Ontario | 2017-01-18",
out_of_scope,"correctly extracted; the venue is not in this spine. A scope decision, not a correction","Mentioned as a 'new business win' in Q3 2016 earnings call. No venue_id match found among candidates. No specific date given. The Rock and Roll Hall of Fame is in Cleveland, OH.",event,ev_63e00132b530584f,Rock and Roll Hall of Fame,Aramark,won on ? (confidence 0.7),|Fair Disclosure Wire; Linthicum | 2016-08-10,
out_of_scope,"correctly extracted; the venue is not in this spine. A scope decision, not a correction","NCH is a hospital system in Naples, FL, not a stadium/arena/convention center. Article says NCH signed a contract with Sodexo in 2012 for food service and housekeeping. No matching venue in candidate list. This is a hospital food service contract, not a stadium/arena/convention center concessions contract — may not be in scope.",event,ev_b5d80f3dba8630c0,NCH,Sodexo,won on 2012-01-01 (confidence 0.85),"|The Naples Daily News (1970-); Naples, Florida | 2016-08-27","Imagine never being able to go out to eat in your own city. That's the reality for Jewish residents who keep kosher strictly, as the second largest city in New England has no kosher-certified restaurants. While that's not a complete surprise, given a decline i…"
out_of_scope,"correctly extracted; the venue is not in this spine. A scope decision, not a correction","No candidate venue for Temple University. 15-year contract with Aramark to go into effect July 1, 2017, replacing SodexoMagic.",event,ev_63eb07056ee90224,Temple University,Aramark,won on 2017-07-01 (confidence 0.92),|University Wire; Carlsbad | 2016-10-21,
out_of_scope,"correctly extracted; the venue is not in this spine. A scope decision, not a correction","No candidate venue for Temple University. Article states contract signed, effective July 1, 2017. Temple is distinct from Drexel.",event,ev_ca3c544be6203886,Temple,Aramark,won on 2017-07-01 (confidence 0.92),|University Wire; Carlsbad | 2016-10-25,
out_of_scope,"correctly extracted; the venue is not in this spine. A scope decision, not a correction","No candidate venue for Temple University. Sodexo's contract ends June 30, 2017 after 28 years of service.",event,ev_aeaae025458e9c71,Temple,Sodexo,lost on 2017-06-30 (confidence 0.92),|University Wire; Carlsbad | 2016-10-25,
out_of_scope,"correctly extracted; the venue is not in this spine. A scope decision, not a correction","No candidate venue for Temple University. SodexoMagic's contract not renewed; Aramark takes over July 1, 2017. 28-year partnership implies SodexoMagic contract began circa 1989.",event,ev_cec500d8fc1a792d,Temple University,Sodexo,lost on 2017-07-01 (confidence 0.9),|University Wire; Carlsbad | 2016-10-21,
out_of_scope,"correctly extracted; the venue is not in this spine. A scope decision, not a correction","No candidate venue matched University of Louisville campus dining. Article describes Aramark's first two weeks as U of L's dining partner as of early September 2016, so contract start is approximately August 2016. 15-year contract includes $33 million in renovations. Article mentions Sodexo as the predecessor operator at the Ville Grill.",event,ev_ee0b16f565ec83f6,U of L,Aramark,won on 2016-08-01 (confidence 0.85),|University Wire; Carlsbad | 2016-09-03,
out_of_scope,"correctly extracted; the venue is not in this spine. A scope decision, not a correction","No candidate venue matched University of Louisville campus dining. Article describes Aramark's first two weeks as dining partner, with a 15-year contract including $33M in renovations. Event date approximated from fall semester 2016 start (Aug 21 mentioned). The $33M is described as renovation investment, not necessarily total contract value, so left null.",event,ev_f57b4ea2d4198326,U of L,Aramark,won on 2016-08-01 (confidence 0.88),|University Wire; Carlsbad | 2016-09-03,
out_of_scope,"correctly extracted; the venue is not in this spine. A scope decision, not a correction","No candidate venue matched University of Louisville. Article says 'Sodexo-ran Ville Grill' in past tense, implying Sodexo was the predecessor operator. Ville Grill is part of U of L campus dining. Sodexo is identified only as running the Ville Grill, but the context implies they were the overall campus dining operator replaced by Aramark.",event,ev_19612d8dd1f9846d,Ville Grill,Sodexo,lost on 2016-08-01 (confidence 0.7),|University Wire; Carlsbad | 2016-09-03,
out_of_scope,"correctly extracted; the venue is not in this spine. A scope decision, not a correction","No candidate venue matched. Article refers to 'Sodexo-ran Ville Grill' in past tense, implying Sodexo was the previous dining operator at U of L, now replaced by Aramark. The Ville Grill is part of U of L campus dining. Venue name as written uses the specific dining hall name mentioned in context of Sodexo's operation.",event,ev_cc41f3a8a5c4d46c,Ville Grill,Sodexo,lost on 2016-08-01 (confidence 0.75),|University Wire; Carlsbad | 2016-09-03,
out_of_scope,"correctly extracted; the venue is not in this spine. A scope decision, not a correction","No candidate venue matched. Article says Mayo 'plans to transition its food service to Morrison Healthcare during the next 12 to 18 months' as part of a 10-year contract across 20 facilities. The transition is described as a decided plan (Mayo rejected union compromise and confirmed the plan), but the exact start date is unclear — 12-18 months from Aug 2016. This is a multi-facility contract (20 sites including Rochester, Austin, Albert Lea, Owatonna, Mankato, Fairmont). Confidence reduced because transition is still in progress/upcoming, though it appears to be a decided contract, not a mere proposal.",event,ev_794d41d516f56041,Mayo Clinic,Compass,won on ? (confidence 0.72),"|Post - Bulletin; Rochester, Minn. | 2016-08-31",
out_of_scope,"correctly extracted; the venue is not in this spine. A scope decision, not a correction","No candidate venue matched. Board of trustees approved a letter of intent on Sept. 12 to finalize the deal, adding 6 years to 4 years remaining on existing contract (total ~10 years). The $23 million figure is described as expected revenue over the next decade. Aramark guaranteed minimum $12.1 million over the life of the contract plus $5M+ in dining site investment and $4.2M in equipment. Article says 'letter of intent to finalize the new deal' was approved — this is board approval but technically still a letter of intent, not yet finalized. Confidence slightly reduced accordingly.",event,ev_398b7470a11e4d88,University of Toledo,Aramark,renewed on 2016-09-12 (confidence 0.82),"|The Blade; Toledo, Ohio | 2016-09-17",
out_of_scope,"correctly extracted; the venue is not in this spine. A scope decision, not a correction",No candidate venue matched. Sodexo is named as the incumbent whose workers are being transitioned to Morrison Healthcare. The transition is planned over 12-18 months from Aug 2016. Multi-facility contract across 20 sites. Sodexo not explicitly named as losing the contract but the article clearly states workers will 'move from Sodexo to Morrison Healthcare.',event,ev_338471573249b08c,Mayo Clinic,Sodexo,lost on ? (confidence 0.72),"|Post - Bulletin; Rochester, Minn. | 2016-08-31",
out_of_scope,"correctly extracted; the venue is not in this spine. A scope decision, not a correction","No candidate venue matched. Temple University dining services contract approved by Board of Trustees on Oct 11, 2016, effective July 1, 2017. Article implies current food-service employees are not Aramark, suggesting a switch from another operator, but the incumbent is not named so no 'lost' event emitted.",event,ev_e50cf904efe27803,Temple University,Aramark,won on 2017-07-01 (confidence 0.95),"|US Fed News Service, Including US State News; Washington, D.C. | 2016-10-12",
out_of_scope,"correctly extracted; the venue is not in this spine. A scope decision, not a correction","No candidate venue matched. This is a hospital (Lafayette General Medical Center), not a stadium/arena/convention center. The contract is for environmental/custodial services, not food service. The article states the contract ends Dec. 12, 2016, and Lafayette General is bringing those services back in-house.",event,ev_972e3d50f5b5c142,Lafayette General Medical Center,Aramark Healthcare Services,lost on 2016-12-12 (confidence 0.9),"|The Daily Advertiser; Lafayette, La. | 2016-10-15",
out_of_scope,"correctly extracted; the venue is not in this spine. A scope decision, not a correction","No candidate venue matched. This is a hospital returning environmental/custodial services in-house, not a food-service contract at a stadium/arena/convention center. The hospital says it hopes for a 'seamless transition' to returning these jobs in-house. Reviewer should determine if this is in scope.",event,ev_359cdd6828afe3ce,Lafayette General Medical Center,Lafayette General Medical Center,self_op on 2016-12-12 (confidence 0.85),"|The Daily Advertiser; Lafayette, La. | 2016-10-15",
out_of_scope,"correctly extracted; the venue is not in this spine. A scope decision, not a correction","No candidate venue matches El Paso County jail. Article reports Commissioners Court approved outsourcing jail kitchen/food services to Aramark Correctional Services, with a final contract still to be presented for approval at a later date. The county previously self-operated the kitchen with 23 employees. Three-year contract is being looked into. County expected to save $971,000 in first year. Current annual cost is ~$3.6 million. Date is approximate—the Commissioners Court vote appears to have happened on or around the article date. Article says 'a final contract... will be presented to the Commissioners Court for approval at a later date', suggesting this is an approval to proceed but not yet a finalized contract.",event,ev_59473e631b20be42,El Paso County jail,Aramark Correctional Services,won on 2016-11-22 (confidence 0.8),"|El Paso Times (1921-); El Paso, Texas | 2016-11-22",
out_of_scope,"correctly extracted; the venue is not in this spine. A scope decision, not a correction",No candidate venue matches Florida Gulf Coast University (FGCU). Article says FGCU 'cutting ties' with Aramark as its former food service management company. Exact date of contract end not stated; happened before 2016-17 school year.,event,ev_1ce7bd4d51695bb7,FGCU,Aramark,lost on ? (confidence 0.9),"|The News Press; Fort Myers, Fla. | 2016-08-17",
out_of_scope,"correctly extracted; the venue is not in this spine. A scope decision, not a correction",No candidate venue matches Florida Gulf Coast University (FGCU). Article states 'The university decided to contract with Chartwells after doing a two-year review of its dining and catering needs.' Exact date not stated; in effect by start of 2016-17 school year.,event,ev_ba3582e42d4248f2,FGCU,Compass,won on ? (confidence 0.9),"|The News Press; Fort Myers, Fla. | 2016-08-17",
out_of_scope,"correctly extracted; the venue is not in this spine. A scope decision, not a correction","No candidate venue matches Georgetown University dining facilities (Leo's, Hoya Court, O'Donovan Hall). These are university dining locations, not stadiums/arenas. Article says Aramark renewed as dining contractor for 10 years after a yearlong bid process where Sodexo was the other finalist. Exact announcement date appears to be early November 2016 (campuswide email Tuesday before the Nov 4 article).",event,ev_716d2f043253c1d4,Georgetown,Aramark,renewed on 2016-11-01 (confidence 0.92),|University Wire; Carlsbad | 2016-11-04,
out_of_scope,"correctly extracted; the venue is not in this spine. A scope decision, not a correction","No candidate venue matches Michigan state prisons. Article states 'the state ended a contract early to replace its first prison food contractor, Philadelphia-based Aramark Correctional Services.' Trinity started September 2015, so Aramark's contract ended around that time. Statewide prison food service contract.",event,ev_b38f5fae6dcbe24f,Michigan's prison,Aramark Correctional Services,lost on 2015-09-01 (confidence 0.85),"|Lansing State Journal (1980-); Lansing, Michigan | 2017-01-21",
out_of_scope,"correctly extracted; the venue is not in this spine. A scope decision, not a correction","No candidate venue matches Michigan state prisons. Penalties totaling $2M+ for inadequate staffing, unauthorized meal substitutions, delays serving meals, sanitation violations since ~December 2015. Trinity started providing meals September 2015 on a 3-year $158.8M contract. This is a statewide prison food service contract, not a single venue.",event,ev_26ec472cd908b475,Michigan's prison,Trinity Services Group,violation on ? (confidence 0.85),"|Lansing State Journal (1980-); Lansing, Michigan | 2017-01-21",
out_of_scope,"correctly extracted; the venue is not in this spine. A scope decision, not a correction","No candidate venue matches Michigan state prisons. Trinity started providing meals in September 2015 on a three-year $158.8M contract, replacing Aramark Correctional Services. Statewide prison food service contract, not a stadium/arena/convention center.",event,ev_241afad96bdaedbb,Michigan's prison,Trinity Services Group,won on 2015-09-01 (confidence 0.85),"|Lansing State Journal (1980-); Lansing, Michigan | 2017-01-21",
out_of_scope,"correctly extracted; the venue is not in this spine. A scope decision, not a correction","No candidate venue matches NCH Healthcare System (two hospitals with 716 combined beds in Collier County, FL). The article states the 2012 outsourcing of food service and housekeeping (224 employees) to Sodexo was the hospital system's 'last significant round of job cuts and outsourcing', implying food service was previously in-house. Year is approximate — article says '2012' without a specific month. first_outsourcing set to true because the article describes this as the first outsourcing of food service.",event,ev_9bca26df1c10411c,NCH Healthcare System,Sodexo,won on 2012-01-01 (confidence 0.8),"|The News Press; Fort Myers, Fla. | 2016-08-27",
out_of_scope,"correctly extracted; the venue is not in this spine. A scope decision, not a correction",No candidate venue matches St. Cloud State University / Garvey Commons. Article states 'the St. Cloud State vendor contract with Sodexo...was not renewed effective July 1.' Sodexo lost the contract to Chartwells.,event,ev_17f190dcdbc956e6,St. Cloud State University's Garvey Commons,Sodexo,lost on 2016-07-01 (confidence 0.85),"|St. Cloud Times; St. Cloud, Minn. | 2016-07-31",
out_of_scope,"correctly extracted; the venue is not in this spine. A scope decision, not a correction",No candidate venue matches St. Cloud State University / Garvey Commons. Article states Chartwells is the 'new St. Cloud State vendor' replacing Sodexo effective July 1.,event,ev_4c95d6079be2a7e1,St. Cloud State University's Garvey Commons,Compass,won on 2016-07-01 (confidence 0.85),"|St. Cloud Times; St. Cloud, Minn. | 2016-07-31",
out_of_scope,"correctly extracted; the venue is not in this spine. A scope decision, not a correction","No candidate venue matches St. Cloud State University. Article says Chartwells is 'the new St. Cloud State vendor' replacing Sodexo effective July 1, 2016.",event,ev_d02bc1ca0e176742,St. Cloud State University's Garvey Commons,Compass,won on 2016-07-01 (confidence 0.85),|Star Tribune (1987-); Minneapolis | 2016-08-07,"Imagine never being able to go out to eat in your own city. That's the reality for Jewish residents who keep kosher strictly, as the second largest city in New England has no kosher-certified restaurants. While that's not a complete surprise, given a decline i…"
out_of_scope,"correctly extracted; the venue is not in this spine. A scope decision, not a correction",No candidate venue matches St. Cloud State University. Article says the 'vendor contract with Sodexo... was not renewed effective July 1.' Sodexo was replaced by Chartwells.,event,ev_f793ed438714f93a,St. Cloud State University's Garvey Commons,Sodexo,expired on 2016-07-01 (confidence 0.85),|Star Tribune (1987-); Minneapolis | 2016-08-07,"Imagine never being able to go out to eat in your own city. That's the reality for Jewish residents who keep kosher strictly, as the second largest city in New England has no kosher-certified restaurants. While that's not a complete surprise, given a decline i…"
out_of_scope,"correctly extracted; the venue is not in this spine. A scope decision, not a correction","No candidate venue matches Temple University dining services. Sodexo held the contract for 28 years (~1989-2017). Replaced by Aramark effective July 1, 2017.",event,ev_03a0d8daf6924d03,Temple,Sodexo,lost on 2017-07-01 (confidence 0.9),|University Wire; Carlsbad | 2016-10-18,
out_of_scope,"correctly extracted; the venue is not in this spine. A scope decision, not a correction","No candidate venue matches Temple University dining services. The article mentions 'Diamond Dollars' (a campus currency) not a venue called 'The Diamond'. Contract announced as decided, starting July 1, 2017. Sodexo held the contract for 28 years prior.",event,ev_460833386e6ebe56,Temple,Aramark,won on 2017-07-01 (confidence 0.9),|University Wire; Carlsbad | 2016-10-18,
out_of_scope,"correctly extracted; the venue is not in this spine. A scope decision, not a correction","No candidate venue matches Temple University; venue_id set to null. Article says contract begins 1st July (2016 implied). Board of trustees approved selection. Four unnamed rivals plus Sodexo. Details of proposal not yet finalized at time of article but board approval is reported as decided. Article says 'after a final deal is reached' suggesting terms not fully finalized, but board selection is reported as fact.",event,ev_b820fc3a668226b8,Temple University,Aramark,won on 2016-07-01 (confidence 0.88),|MENA Report; Camden | 2016-10-14,
out_of_scope,"correctly extracted; the venue is not in this spine. A scope decision, not a correction",No candidate venue matches Temple University; venue_id set to null. Sodexo Inc. was incumbent on campus for 28 years. Lost contract to Aramark effective 1st July 2016.,event,ev_476d0140c9de2f23,Temple University,Sodexo,lost on 2016-07-01 (confidence 0.85),|MENA Report; Camden | 2016-10-14,
out_of_scope,"correctly extracted; the venue is not in this spine. A scope decision, not a correction","No candidate venue matches Tom Green County Jail. Article says Aramark's contract 'automatically renewed at the end of August for another year' and 'is set to expire again in 2017.' This is a correctional facility food service contract, not a stadium/arena. Venue unmatched.",event,ev_9894fba1b01080df,Tom Green County Jail,Aramark Correctional Services,renewed on 2016-08-01 (confidence 0.82),|Standard Times; San Angelo | 2016-09-12,
out_of_scope,"correctly extracted; the venue is not in this spine. A scope decision, not a correction","No candidate venue matches University of Maine at Farmington. Article says Sodexo America 'has taken over' food service, implying recent switch. No specific date given.",event,ev_10286f439ee953e2,University of Maine at Farmington,Sodexo,won on ? (confidence 0.85),|TCA Regional News; Chicago | 2016-08-26,
out_of_scope,"correctly extracted; the venue is not in this spine. A scope decision, not a correction","No candidate venue matches University of Maine at Farmington. Article states Sodexo America took over from Aramark, so Aramark lost the contract. No specific date given.",event,ev_d03915d04fee81c9,University of Maine at Farmington,Aramark,lost on ? (confidence 0.85),|TCA Regional News; Chicago | 2016-08-26,
out_of_scope,"correctly extracted; the venue is not in this spine. A scope decision, not a correction","No candidate venue matches the campus dining facilities at Rutgers-Newark. The article mentions '1 Washington Park' as a bistro location but this is a campus building, not a stadium/arena. Contract is 3 years with option for five 1-year extensions. Operator not on known crosswalk list.",event,ev_daf4cae66c260d20,Rutgers University – Newark,Gourmet Dining Services,won on 2016-07-29 (confidence 0.9),|University Wire; Carlsbad | 2016-09-27,
out_of_scope,"correctly extracted; the venue is not in this spine. A scope decision, not a correction","No matching venue in candidate list. Article says Sodexo America 'has taken over' food service at UMaine Farmington, replacing Aramark. Date not stated; article published 2016-08-25, event likely shortly before.",event,ev_53f3724bb634c03f,University of Maine at Farmington,Sodexo,won on ? (confidence 0.85),"|Sun Journal; Lewiston, Me. | 2016-08-25",
out_of_scope,"correctly extracted; the venue is not in this spine. A scope decision, not a correction","No matching venue in candidate list. Article says UT extends its contract with Aramark for six years, with four years remaining on the existing contract. The venue is campus dining at the University of Toledo, not the Credit Union of Texas Event Center. The 'credit union' text match in candidates refers to a credit union mentioned in passing (UT Federal Credit Union) and is not the venue.",event,ev_93466f08afeb4b74,University of Toledo,Aramark,renewed on 2016-09-23 (confidence 0.9),"|US Fed News Service, Including US State News; Washington, D.C. | 2016-09-25",
out_of_scope,"correctly extracted; the venue is not in this spine. A scope decision, not a correction",No matching venue in candidate list. Article states Aramark was the former food service provider replaced by Sodexo America. Date not stated.,event,ev_6ecda175813bf0b8,University of Maine at Farmington,Aramark,lost on ? (confidence 0.85),"|Sun Journal; Lewiston, Me. | 2016-08-25",
out_of_scope,"correctly extracted; the venue is not in this spine. A scope decision, not a correction","No matching venue_id - statewide prison food contract, not a stadium/arena/convention center. Trinity Services Group is not on the known operator list. Article says Trinity replaced Aramark in August 2015. Contract value is estimated at $158.8M over 3 years.",event,ev_ca0859e280559ae9,state prison properties,Trinity Services Group,won on 2015-08-01 (confidence 0.85),"|Lansing State Journal; Lansing, Mich. | 2016-09-09",
out_of_scope,"correctly extracted; the venue is not in this spine. A scope decision, not a correction",No matching venue_id - statewide prison food contract. Article says Trinity replaced Aramark in August 2015.,event,ev_1fc8805b011c2e80,state prison properties,Aramark Correctional Services,lost on 2015-08-01 (confidence 0.85),"|Lansing State Journal; Lansing, Mich. | 2016-09-09",
out_of_scope,"correctly extracted; the venue is not in this spine. A scope decision, not a correction","No matching venue_id - this is a statewide prison food service contract covering 33 facilities, not a single stadium/arena venue. Article states Aramark began in December 2013, replacing ~370 unionized state employees. First outsourcing from state employees may be true but article doesn't explicitly say it was the first-ever outsourcing.",event,ev_0100a2ac6b81113d,state prison properties,Aramark Correctional Services,won on 2013-12-01 (confidence 0.85),"|Lansing State Journal; Lansing, Mich. | 2016-09-09",
out_of_scope,"correctly extracted; the venue is not in this spine. A scope decision, not a correction","No matching venue_id for Cotton Correctional Facility (prison near Jackson, MI). Operator Trinity Food Services is not on the known operator crosswalk. Article reports a food service worker was fired after suspected drugs were found during a search. This is a prison food service contract, not a stadium/arena/convention center.",event,ev_c29721371ec3ee5d,Cotton Correctional Facility,Trinity Food Services,violation on 2016-09-01 (confidence 0.75),"|Lansing State Journal (1980-); Lansing, Michigan | 2016-09-07",
out_of_scope,"correctly extracted; the venue is not in this spine. A scope decision, not a correction",No matching venue_id for University of Chicago dining. Article says UChicago 'made the same switch from Aramark to Bon Appétit starting this school year' (2016-17). Date inferred as Fall 2016.,event,ev_002f8e6005d37fe7,University of Chicago,Compass,won on 2016-09-01 (confidence 0.7),|University Wire; Carlsbad | 2016-10-26,
out_of_scope,"correctly extracted; the venue is not in this spine. A scope decision, not a correction",No matching venue_id for University of Chicago dining. Article says UChicago 'made the same switch from Aramark to Bon Appétit starting this school year' (2016-17). Date inferred as Fall 2016.,event,ev_09c088f6f5d38aaf,University of Chicago,Aramark,lost on 2016-09-01 (confidence 0.7),|University Wire; Carlsbad | 2016-10-26,
out_of_scope,"correctly extracted; the venue is not in this spine. A scope decision, not a correction","No matching venue_id for Vassar College dining services. Article states Vassar 'will be switching its food service provider starting in Fall 2017 from Aramark to Bon Appétit.' Reported as decided. Article also mentions Bon Appétit's management starting with end date of union contract June 30, 2018 referenced as 'the end of the first year of Bon Appétit's management here.'",event,ev_01152f2742c53669,Vassar,Compass,won on 2017-09-01 (confidence 0.85),|University Wire; Carlsbad | 2016-10-26,
out_of_scope,"correctly extracted; the venue is not in this spine. A scope decision, not a correction","No matching venue_id for Vassar College dining services. Article states Vassar 'will be switching its food service provider starting in Fall 2017 from Aramark to Bon Appétit.' This is reported as a decided fact, not a pending decision. Used September 1 for 'Fall 2017'.",event,ev_7014048379e7d06f,Vassar,Aramark,lost on 2017-09-01 (confidence 0.85),|University Wire; Carlsbad | 2016-10-26,
out_of_scope,"correctly extracted; the venue is not in this spine. A scope decision, not a correction",No matching venue_id in candidate list for Temple University. Article states Sodexo's ~$24M contract expires June 2017. The RFP process is ongoing and no new contract has been awarded yet — only the expiration is a decided fact. Sodexo has been Temple's provider for 28 years per the article. Contract value described as 'nearly $24 million'.,event,ev_bdfb6f8e95b8eba0,Temple,Sodexo,expired on 2017-06-01 (confidence 0.85),|University Wire; Carlsbad | 2016-09-13,
out_of_scope,"correctly extracted; the venue is not in this spine. A scope decision, not a correction","No matching venue_id in candidate list. Article reports a Trinity Food Services worker was caught with suspected drugs at Cotton Correctional Facility near Jackson, MI. This is a correctional facility, not in our venue spine. Article also confirms Trinity replaced Aramark in September 2015 and privatization began December 2013.",event,ev_a36bf206a66e4483,Cotton Correctional Facility,Trinity Food Services,violation on 2016-09-01 (confidence 0.75),"|Lansing State Journal; Lansing, Mich. | 2016-09-07",
out_of_scope,"correctly extracted; the venue is not in this spine. A scope decision, not a correction","No matching venue_id in candidate list. Article reports a local food sourcing policy change: UK and Aramark redefining local food metrics to exclude soda and ice from local food purchasing calculations for 2016-2017. This is a program/initiative announcement, not a contract award.",event,ev_121321515d6dd7e1,UK,Aramark,initiative on 2016-09-01 (confidence 0.85),"|Courier - Journal; Louisville, Ky. | 2016-09-21",
out_of_scope,"correctly extracted; the venue is not in this spine. A scope decision, not a correction","No matching venue_id in candidate list. Article says Temple University selected Aramark for a 15-year dining services contract starting July 1. Aramark won over four competitors including Sodexo. The contract start date of July 1 is explicitly stated but the year is not; context (published Oct 2016, 'final agreement' not yet reached) suggests July 1, 2017.",event,ev_aa5564b526693c0a,Temple University,Aramark,won on 2017-07-01 (confidence 0.92),|Philadelphia Inquirer (1969-); Philadelphia | 2016-10-12,
out_of_scope,"correctly extracted; the venue is not in this spine. A scope decision, not a correction","No matching venue_id in candidate list. Article says Temple University selected Aramark for a 15-year dining services contract starting July 1. This is a university dining contract, not a stadium/arena concessions contract per se. Venue is Temple University campus dining, not a specific arena.",event,ev_38f6d7840d94cbee,Temple,Aramark,won on 2017-07-01 (confidence 0.92),|Philadelphia Inquirer (1969-); Philadelphia | 2016-10-12,"Imagine never being able to go out to eat in your own city. That's the reality for Jewish residents who keep kosher strictly, as the second largest city in New England has no kosher-certified restaurants. While that's not a complete surprise, given a decline i…"
out_of_scope,"correctly extracted; the venue is not in this spine. A scope decision, not a correction",No matching venue_id in candidate list. Article states Aramark held the contract for 18 years under a series of negotiated deals. Aramark completed 'all responsibilities through the last meal we were contracted to provide on August 31.' Lost to Trinity Services Group.,event,ev_081648386db6d225,El Paso County Criminal Justice Center,Aramark Correctional Services LLC,lost on 2016-08-31 (confidence 0.92),|Colorado Springs Independent; Colorado Springs | 2017-02-07,
out_of_scope,"correctly extracted; the venue is not in this spine. A scope decision, not a correction",No matching venue_id in candidate list. Article states Sodexo Inc. had been on the North Philadelphia campus for 28 years and lost the contract to Aramark. Date inferred as July 1 based on the new contract start date.,event,ev_766ed3b5fdf35201,Temple,Sodexo,lost on 2017-07-01 (confidence 0.88),|Philadelphia Inquirer (1969-); Philadelphia | 2016-10-12,"Imagine never being able to go out to eat in your own city. That's the reality for Jewish residents who keep kosher strictly, as the second largest city in New England has no kosher-certified restaurants. While that's not a complete surprise, given a decline i…"
out_of_scope,"correctly extracted; the venue is not in this spine. A scope decision, not a correction","No matching venue_id in candidate list. In May 2016, a Trinity worker at Ionia Correctional Facility was fired after allegedly found with heroin and meth. Correctional facility not in our venue spine.",event,ev_f8fc477c2be54fd8,Ionia Correctional Facility,Trinity Food Services,violation on 2016-05-01 (confidence 0.7),"|Lansing State Journal; Lansing, Mich. | 2016-09-07",
out_of_scope,"correctly extracted; the venue is not in this spine. A scope decision, not a correction","No matching venue_id in candidate list. Sodexo Inc. had been on the North Philadelphia campus for 28 years and lost the contract to Aramark. Event date assumed July 1, 2017 based on Aramark contract start date.",event,ev_215149db3418951e,Temple University,Sodexo,lost on 2017-07-01 (confidence 0.9),|Philadelphia Inquirer (1969-); Philadelphia | 2016-10-12,
out_of_scope,"correctly extracted; the venue is not in this spine. A scope decision, not a correction","No matching venue_id in candidate list. Trinity Services Group of Oldsmar, Florida took over in September (2016). Five-year contract renewable annually with 3% annual price escalators. 2017 cost is $1,985,529. Operator not on known crosswalk list.",event,ev_8c55b6dc2f6bc177,El Paso County Criminal Justice Center,Trinity Services Group,won on 2016-09-01 (confidence 0.92),|Colorado Springs Independent; Colorado Springs | 2017-02-07,
out_of_scope,"correctly extracted; the venue is not in this spine. A scope decision, not a correction","No matching venue_id in candidate list. Venue is An Bhialann, a 720-seat restaurant on NUI Galway's campus in Ireland — not a US venue. Contract value stated as EUR 2 million per year (not converted to USD since it's in euros and annual, not total). Article says this is Sodexo's 'first Irish university catering contract'. Event date not explicitly stated; article published 2016-11-03.",event,ev_7ed47775d4e71816,An Bhialann,Sodexo,won on ? (confidence 0.85),|The Daily Mirror; London (UK) | 2016-11-03,
out_of_scope,"correctly extracted; the venue is not in this spine. A scope decision, not a correction","No matching venue_id in candidates — University of Toronto St. George campus is in Toronto, Canada, not a US venue. Article states in January 2016 U of T announced it would not renew its contract with Aramark, which had operated for over 10 years. This is a Canadian university, not a US stadium/arena/convention center.",event,ev_2c9adfc73a07f5c3,University of Toronto,Aramark,lost on 2016-01-01 (confidence 0.9),|Maclean's; Toronto | 2016-11-07,
out_of_scope,"correctly extracted; the venue is not in this spine. A scope decision, not a correction","No matching venue_id in candidates. Article is about Northwest Missouri State University in Maryville, MO, not University of Minnesota. The contract is for total facility management services (maintenance, custodial, landscaping, energy management, etc.), not food-service concessions. The university is taking these services in-house effective April 3, 2017. This may not be a food-service contract at all — needs review. The Aramark relationship dates back more than 30 years.",event,ev_71ed24575f11b40f,Northwest Missouri State University,Aramark,self_op on 2017-04-03 (confidence 0.85),|University Wire; Carlsbad | 2017-01-18,
out_of_scope,"correctly extracted; the venue is not in this spine. A scope decision, not a correction","No matching venue_id in candidates. Article says Aramark was approved by the Board of Trustees to become Temple University's main food service provider on a 15-year contract. The venue is Temple University's campus dining, not a stadium/arena. Needs review for venue matching.",event,ev_bc749ab7924913cc,Temple University,Aramark,won on 2016-10-11 (confidence 0.9),|University Wire; Carlsbad | 2016-10-11,
out_of_scope,"correctly extracted; the venue is not in this spine. A scope decision, not a correction",No matching venue_id in candidates. Sodexo had been Temple's food provider for 28 years with contract set to expire July 1 (2017). Replaced by Aramark. Needs review for venue matching.,event,ev_ec60d67dd3be98e5,Temple University,Sodexo,lost on 2017-07-01 (confidence 0.85),|University Wire; Carlsbad | 2016-10-11,
out_of_scope,"correctly extracted; the venue is not in this spine. A scope decision, not a correction","No matching venue_id in candidates. U of T took food service in-house on St. George campus after not renewing Aramark contract. Announced January 2016. Canadian university, not a US venue. Article says Scarborough and Mississauga campuses stayed with third-party service.",event,ev_0d84f3aac24baa25,University of Toronto,University of Toronto,self_op on 2016-01-01 (confidence 0.9),|Maclean's; Toronto | 2016-11-07,
out_of_scope,"correctly extracted; the venue is not in this spine. A scope decision, not a correction","No matching venue_id — Cotton Correctional Facility is a prison, not a stadium/arena/convention center. Article states Trinity replaced Aramark Correctional Services in September 2015. Operator not on crosswalk. This is a statewide prison food service contract described in passing.",event,ev_a74ebb5cdd71aa57,Cotton Correctional Facility,Trinity Food Services,won on 2015-09-01 (confidence 0.8),"|Lansing State Journal (1980-); Lansing, Michigan | 2016-09-07",
out_of_scope,"correctly extracted; the venue is not in this spine. A scope decision, not a correction","No matching venue_id — Michigan prison system, not a stadium/arena. Article says 'In 2015, the state of Michigan and Aramark agreed to end their $145 million, three-year contract 18 months early.' Reported via Detroit Free Press. The contract ended by mutual agreement.",event,ev_2bc9eb9a44038b70,Michigan Department of Corrections,Aramark,lost on 2015-01-01 (confidence 0.75),"|The Tennessean; Nashville, Tenn. | 2016-08-08",
out_of_scope,"correctly extracted; the venue is not in this spine. A scope decision, not a correction","No matching venue_id — University of Toronto St. George campus is a Canadian university, not in our venue list. Article states in January 2016 U of T announced it would not renew its contract with Aramark, which had operated for over 10 years. Aramark's contract was not renewed (lost to self-operation).",event,ev_f587c1b0c7582dbc,University of Toronto,Aramark,lost on 2016-01-01 (confidence 0.9),|Maclean's; Toronto | 2016-11-07,
out_of_scope,"correctly extracted; the venue is not in this spine. A scope decision, not a correction","No matching venue_id — University of Toronto St. George campus is a Canadian university. Article states U of T announced in January 2016 it would provide food services independently across the entire St. George campus, replacing Aramark. Self-operation only applies to St. George campus; Scarborough and Mississauga campuses remain with third-party service.",event,ev_3d844a0a15b3ac55,University of Toronto,University of Toronto,self_op on 2016-01-01 (confidence 0.9),|Maclean's; Toronto | 2016-11-07,
out_of_scope,"correctly extracted; the venue is not in this spine. A scope decision, not a correction","No matching venue_id — state prison system, not a stadium/arena. TRICOR is a state rehabilitation agency, not a standard food-service operator. The article says the food service contract with TRICOR 'will come to an end' and Aramark replaces them. Contract not yet finalized at article date.",event,ev_874a10d680f7405a,Tennessee Department of Correction,TRICOR,lost on 2016-10-01 (confidence 0.7),"|The Tennessean; Nashville, Tenn. | 2016-08-08",
out_of_scope,"correctly extracted; the venue is not in this spine. A scope decision, not a correction",No matching venue_id — statewide prison food contract. Article says Trinity replaced Aramark in August 2015.,event,ev_a0035b7360e519ef,Michigan state prisons,Aramark Correctional Services,lost on 2015-08-01 (confidence 0.85),"|Detroit Free Press (1923-), General edition; Detroit | 2016-09-09",
out_of_scope,"correctly extracted; the venue is not in this spine. A scope decision, not a correction",No matching venue_id — statewide prison food contract. Trinity is Florida-based; replaced Aramark in August 2015. Contract estimated at $158.8M over 3 years. Operator not on known crosswalk list.,event,ev_27e0d3480585c6b5,Michigan state prisons,Trinity Services Group,won on 2015-08-01 (confidence 0.85),"|Detroit Free Press (1923-), General edition; Detroit | 2016-09-09",
out_of_scope,"correctly extracted; the venue is not in this spine. A scope decision, not a correction","No matching venue_id — this is a prison, not a stadium/arena/convention center. Article states 'Florida-based Trinity replaced Aramark Correctional Services of Philadelphia in September 2015.' This is a statewide prison food service contract. Sub_brand is 'Correctional Services' but that's not in the known sub-brands list.",event,ev_c9f4c254ef9ba6d2,Cotton Correctional Facility,Aramark Correctional Services,lost on 2015-09-01 (confidence 0.8),"|Lansing State Journal (1980-); Lansing, Michigan | 2016-09-07",
out_of_scope,"correctly extracted; the venue is not in this spine. A scope decision, not a correction","No matching venue_id — this is a state prison system food services contract, not a stadium/arena. The article says 'the department plans to award' and 'expected start date for food delivery will be October 1, 2016' — the contract had not yet been finalized at article date, but the department announced Aramark as the chosen provider. The contract and its finalization were still pending negotiation. Borderline between a decided award and a pending decision.",event,ev_22f81347b12bfe06,Tennessee Department of Correction,Aramark,won on 2016-10-01 (confidence 0.72),"|The Tennessean; Nashville, Tenn. | 2016-08-08",
out_of_scope,"correctly extracted; the venue is not in this spine. A scope decision, not a correction","No matching venue_id — this is a statewide prison food contract (Michigan Dept. of Corrections, 33 facilities), not a stadium/arena/convention center. Article states Aramark began a 3-year, $145M contract in December 2013, replacing unionized state employees. Institution is Michigan Department of Corrections.",event,ev_eb9906d9c9b65c65,Michigan state prisons,Aramark Correctional Services,won on 2013-12-01 (confidence 0.85),"|Detroit Free Press (1923-), General edition; Detroit | 2016-09-09",
out_of_scope,"correctly extracted; the venue is not in this spine. A scope decision, not a correction","No matching venue_id. Harvard dining (HUDS) appears to be self-operated by the university, not an outsourced contractor. The strike by Unite Here Local 26 is reported as ongoing for three weeks as of article date. HUDS workers are university employees represented by a union. This is a labor action at a self-operated dining service, which may not fit the typical venue-contractor model tracked in this dataset.",event,ev_f25f370c0ad0be83,Harvard,Harvard University Dining Services,strike on 2016-10-01 (confidence 0.65),|University Wire; Carlsbad | 2016-10-26,
out_of_scope,"correctly extracted; the venue is not in this spine. A scope decision, not a correction","No matching venue_id. Trinity food worker fired for kissing inmate in cooler on Tuesday (Sept 6, 2016). Worker also sent photos and used JPay to communicate with inmate. 98 stop orders issued to Trinity employees in ~1 year.",event,ev_385b345d4e5ea75c,Charles Egeler Reception and Guidance Center,Trinity Services Group,violation on 2016-09-06 (confidence 0.8),"|Detroit Free Press (1923-), General edition; Detroit | 2016-09-09",
out_of_scope,"correctly extracted; the venue is not in this spine. A scope decision, not a correction",No venue_id match for Bartlett Dining Hall / University of Chicago dining services. Article says Bon Appétit 'took over on July 1' (2016). The contract covers UChicago dining broadly; Bartlett Dining Hall is mentioned as the specific location of the screw incident. Sodexo named as losing bidder alongside Aramark.,event,ev_f2f8e0bbaf01a767,Bartlett Dining Hall,Compass,won on 2016-07-01 (confidence 0.92),|University Wire; Carlsbad | 2016-09-16,
out_of_scope,"correctly extracted; the venue is not in this spine. A scope decision, not a correction","No venue_id match for MPEC (Multi-Purpose Events Center) in Wichita Falls, TX. Article says city decided to go with private company Spectra Venue Management instead of continuing to self-manage. Spectra is managing MPEC (which includes Kay Yeager Coliseum, Ray Clymer Exhibit Hall, J.S. Bridwell Agricultural Center) and Memorial Auditorium. The article describes Spectra as the exclusive caterer and facility manager. The contract appears to have started sometime in 2016 or late 2015 but no exact date is given. first_outsourcing set to true because article says city previously managed the facility itself and decided to go with a private company.",event,ev_ae8e657b29a88f4e,MPEC,Spectra,won on ? (confidence 0.7),"|Times Record News (1987-); Wichita Falls, Texas | 2016-11-06",
out_of_scope,"correctly extracted; the venue is not in this spine. A scope decision, not a correction","No venue_id match for MPEC. Article states the city had been managing the MPEC itself but decided to hire Spectra Venue Management instead, after MPEC Executive Director Bob Sullivan announced retirement in 2015 and revenue was declining (~$300K city subsidy in 2015).",event,ev_dfc814aa919b8b54,MPEC,city of Wichita Falls,lost on ? (confidence 0.7),"|Times Record News (1987-); Wichita Falls, Texas | 2016-11-06",
out_of_scope,"correctly extracted; the venue is not in this spine. A scope decision, not a correction","No venue_id match — Lafayette Medical Center is a hospital, not in our venue list. The article states the hospital did not renew the contract and Aramark will cease operations on 2016-12-12. Classified as 'expired' since the contract was not renewed and no successor operator is named. This is a healthcare facility, not a stadium/arena/convention center, so may be out of scope.",event,ev_419a3fbf2ca42545,Lafayette Medical Center,Aramark Healthcare Services,expired on 2016-12-12 (confidence 0.9),"|US Fed News Service, Including US State News; Washington, D.C. | 2016-10-15",
out_of_scope,"correctly extracted; the venue is not in this spine. A scope decision, not a correction","No venue_id match — Mayo Clinic is a healthcare system with 20 facilities, not a stadium/arena/convention center. Article says Mayo decided to switch from Sodexo to Morrison Healthcare across 20 facilities. The transition is announced but details for union employees are still being negotiated. Date of switch not specified; article references a June 30 announcement meeting. This is a healthcare food service contract, not a sports/entertainment venue.",event,ev_dd4b22dc7230a57a,Mayo Clinic,Compass,won on ? (confidence 0.75),"|Post - Bulletin; Rochester, Minn. | 2016-08-20",
out_of_scope,"correctly extracted; the venue is not in this spine. A scope decision, not a correction","No venue_id match — Mayo Clinic is a healthcare system, not a sports/entertainment venue. Article states Mayo decided to switch food vendors from Sodexo to Morrison Healthcare. Transition details for union workers still being negotiated. This may be outside scope (healthcare food service, not stadium/arena/convention center).",event,ev_c2304a899c3b08f2,Mayo Clinic,Sodexo,lost on ? (confidence 0.75),"|Post - Bulletin; Rochester, Minn. | 2016-08-20",
out_of_scope,"correctly extracted; the venue is not in this spine. A scope decision, not a correction","No venue_id match — SMSU (Southwest Minnesota State University, Marshall MN) is not in the candidate venue list. Aramark was the previous food service provider, replaced by Chartwells. No exact date given for the switch.",event,ev_7e23c8700e5c112a,SMSU campus,Aramark,lost on ? (confidence 0.75),|University Wire; Carlsbad | 2016-09-08,
out_of_scope,"correctly extracted; the venue is not in this spine. A scope decision, not a correction","No venue_id match — SMSU (Southwest Minnesota State University, Marshall MN) is not in the candidate venue list. The article says Chartwells is 'SMSU's new food service provider after switching from Aramark,' but gives no exact date for the switch. The article is from Sept 2016 and describes Chartwells as already in place.",event,ev_02610c1a3e46c43c,SMSU campus,Compass,won on ? (confidence 0.75),|University Wire; Carlsbad | 2016-09-08,
out_of_scope,"correctly extracted; the venue is not in this spine. A scope decision, not a correction","No venue_id match. Aramark described as 'the University's food supplier of 27 years' — lost to Bon Appétit effective July 1, 2016. The 27-year tenure implies Aramark held the contract since approximately 1989.",event,ev_c03f638e8b8b1b84,Bartlett Dining Hall,Aramark,lost on 2016-07-01 (confidence 0.92),|University Wire; Carlsbad | 2016-09-16,
out_of_scope,"correctly extracted; the venue is not in this spine. A scope decision, not a correction","No venue_id match. Aramark selected as Georgetown University's dining contractor for 10 years, announced Nov. 1. Venue is Georgetown University dining (Leo's / O'Donovan Hall). Article mentions renovation of O'Donovan Hall. Sodexo was the other finalist but it's unclear if Sodexo was the incumbent or just a competing bidder—article does not explicitly name the incumbent operator being replaced.",event,ev_e84274ac3f11ecd3,Leo's,Aramark,won on 2016-11-01 (confidence 0.85),|University Wire; Carlsbad | 2016-11-08,
out_of_scope,"correctly extracted; the venue is not in this spine. A scope decision, not a correction","No venue_id match. Article states: 'JMU's contract with Aramark began in 2000 and is good up until June 30, 2035.' Contract runs from 2000 to June 30, 2035 = 35 years. The contract start year is stated but not the exact start date.",event,ev_90e55ec5b3e27f06,JMU Dining Services,Aramark,won on 2000-01-01 (confidence 0.85),|University Wire; Carlsbad | 2016-11-02,
out_of_scope,"correctly extracted; the venue is not in this spine. A scope decision, not a correction","No venue_id match. Barnard took over management of the store from Aramark in May 2016. This is a college merchandise store, not a traditional stadium/arena concessions venue — reviewers should confirm relevance to the contract tracking scope.",event,ev_115d769ac117964a,Barnard Store,Barnard,self_op on 2016-05-01 (confidence 0.75),|University Wire; Carlsbad | 2016-10-06,
out_of_scope,"correctly extracted; the venue is not in this spine. A scope decision, not a correction",No venue_id match. Board of Trustees approved Aramark; transition originally July 1 but moved to May 13. 15-year contract. The venue is Temple University campus dining (Student Center and other locations).,event,ev_82303a72f0ac0128,Temple University,Aramark,won on 2017-05-13 (confidence 0.92),|University Wire; Carlsbad | 2017-01-17,
out_of_scope,"correctly extracted; the venue is not in this spine. A scope decision, not a correction",No venue_id match. Board of Trustees approved the switch in October (2016). Aramark replaces Sodexo effective May 2017.,event,ev_14dd6c82c54ef417,Temple University,Aramark,won on 2017-05-01 (confidence 0.9),|University Wire; Carlsbad | 2017-01-17,
out_of_scope,"correctly extracted; the venue is not in this spine. A scope decision, not a correction","No venue_id match. Mayo plans to transition food service to Morrison Healthcare over 12-18 months as part of a 10-year contract. Article describes this as a plan/transition rather than a completed award, but Mayo has confirmed the deal and is already in bargaining sessions about the transition. Covers 20 facilities across the country including Rochester, Austin, Albert Lea, Owatonna, Mankato, Fairmont. Confidence lower because transition is described as planned/upcoming rather than fully executed.",event,ev_56c9d453881a20b6,Mayo Clinic,Compass,won on ? (confidence 0.75),"|Post - Bulletin; Rochester, Minn. | 2016-08-31",
out_of_scope,"correctly extracted; the venue is not in this spine. A scope decision, not a correction",No venue_id match. Sodexo is the incumbent being replaced by Aramark effective May 2017. Board of Trustees approved the switch in October 2016.,event,ev_48562a06ad6d72c9,Temple University,Sodexo,lost on 2017-05-01 (confidence 0.9),|University Wire; Carlsbad | 2017-01-17,
out_of_scope,"correctly extracted; the venue is not in this spine. A scope decision, not a correction",No venue_id match. Sodexo is the incumbent being replaced by Morrison Healthcare at Mayo Clinic's 20 facilities. The transition is described as planned over the next 12-18 months. Confidence lower because transition is not yet completed but Mayo has confirmed the decision and is actively negotiating the changeover.,event,ev_2b58fac4742e2720,Mayo Clinic,Sodexo,lost on ? (confidence 0.72),"|Post - Bulletin; Rochester, Minn. | 2016-08-31",
out_of_scope,"correctly extracted; the venue is not in this spine. A scope decision, not a correction","No venue_id match. Sodexo served Temple for 28 years and is being replaced by Aramark. Transition date May 13, 2017.",event,ev_fc526f07acd7b9b6,Temple University,Sodexo,lost on 2017-05-13 (confidence 0.9),|University Wire; Carlsbad | 2017-01-17,
out_of_scope,"correctly extracted; the venue is not in this spine. A scope decision, not a correction","No venue_id match. This is about management of the Barnard Store (college merchandise store in the Diana Center), not a traditional concessions/catering venue. Aramark's management of the store ended May 2016 when the store manager left and Barnard took over. Aramark remains the college's food service provider; only the store management portion transitioned. Reviewers should assess whether this qualifies as a concessions contract event.",event,ev_9312d1e68a008296,Barnard Store,Aramark,lost on 2016-05-01 (confidence 0.75),|University Wire; Carlsbad | 2016-10-06,
out_of_scope,"correctly extracted; the venue is not in this spine. A scope decision, not a correction","No venue_id matched. Board of trustees approved letter of intent on Sept. 12 to finalize the deal; article says 6 years added to 4 years remaining, making total remaining ~10 years. Contract expected to generate ~$23M over next decade. Aramark guaranteed minimum $12.1M, plus $5M+ in dining site investment, $4.2M equipment, $1.5M up-front discretionary dollars. No competitive bids were sought. Article describes this as a letter of intent to 'finalize' the new deal — the board approved the LOI but the deal may not be fully executed yet. Confidence slightly reduced for this reason.",event,ev_27d4954e8c27323d,University of Toledo,Aramark,renewed on 2016-09-12 (confidence 0.85),|TCA Regional News; Chicago | 2016-09-17,
out_of_scope,"correctly extracted; the venue is not in this spine. A scope decision, not a correction",No venue_id matched. Sodexo Inc. had been on the North Philadelphia campus for 28 years per a Temple News article. Lost to Aramark effective July 1 (likely 2017).,event,ev_031fc2394d4f02ae,Temple University,Sodexo,lost on 2017-07-01 (confidence 0.9),|TCA Regional News; Chicago | 2016-10-11,
out_of_scope,"correctly extracted; the venue is not in this spine. A scope decision, not a correction","No venue_id matched. The contract starts July 1 — since the article is from Oct 2016, that likely means July 1, 2017. Board of trustees approved selection. Four competitors total but only Sodexo is named. This is a university dining services contract, not necessarily a stadium/arena concession.",event,ev_533e8e79627058b1,Temple University,Aramark,won on 2017-07-01 (confidence 0.92),|TCA Regional News; Chicago | 2016-10-11,
out_of_scope,"correctly extracted; the venue is not in this spine. A scope decision, not a correction","Opening of Fresh Food Company dining hall as part of $96M Core Campus project. Broke ground in 2014; article published Dec 2016 describing facility as operational. Exact opening date not stated. No venue ID match — this is a campus dining facility, not a stadium.",event,ev_84ef7e515261dada,Clemson,Aramark,initiative on 2016-01-01 (confidence 0.8),|Food Management; Cleveland | 2016-12-01,
out_of_scope,"correctly extracted; the venue is not in this spine. A scope decision, not a correction","Post-Chartwells takeover inspections on May 19, May 24, June 2, June 3, June 9, and July 7 included unsatisfactory results. Earliest post-takeover failure date used. No matching candidate venue.",event,ev_be5ff4112ef162d4,The Perch,Compass,violation on 2016-05-19 (confidence 0.7),|University Wire; Carlsbad | 2016-10-06,
out_of_scope,"correctly extracted; the venue is not in this spine. A scope decision, not a correction","Prison food services contract, not a stadium/arena/convention center. No matching venue in candidate list. Article says department 'plans to award' contract to Aramark with expected start date October 1, 2016. The incumbent TRICOR (Tennessee Rehabilitative Initiative in Correction) was a state-based provider, not a commercial operator on the known list. Article is partially obscured/OCR-damaged.",event,ev_5d292bc1ea22c613,Tennessee Department of Correction,Aramark,won on 2016-10-01 (confidence 0.8),|The Tennessean (1972-); Nashville | 2016-08-08,"After opting to end its relationship with a troubled state-based food provider, the Tennessee Department of Correction chose a company with its own history of issues as its replacement. The department plans to award its food services contract to Aramark, a mas…"
out_of_scope,"correctly extracted; the venue is not in this spine. A scope decision, not a correction",Sodexo had been with Temple for 28 years and was replaced by Aramark. No specific venue named—university-wide dining. Venue ID left null as no candidate venue matches.,event,ev_7984a6913c9c631d,Temple,Sodexo,lost on 2016-10-01 (confidence 0.85),|University Wire; Carlsbad | 2016-12-29,
out_of_scope,"correctly extracted; the venue is not in this spine. A scope decision, not a correction","TRICOR (Tennessee Rehabilitative Initiative in Correction) is the named incumbent losing the prison food contract to Aramark. TRICOR is a state-based program, not a commercial food service operator on the known list. No matching venue in candidate list. This is a prison food services contract, not a stadium/arena/convention center.",event,ev_e251a31037c3dd58,Tennessee Department of Correction,TRICOR,lost on 2016-10-01 (confidence 0.75),|The Tennessean (1972-); Nashville | 2016-08-08,"After opting to end its relationship with a troubled state-based food provider, the Tennessee Department of Correction chose a company with its own history of issues as its replacement. The department plans to award its food services contract to Aramark, a mas…"
out_of_scope,"correctly extracted; the venue is not in this spine. A scope decision, not a correction","TRICOR is not a standard food-service operator; it is a state rehabilitation program that ran a cook-chill food program for TN prisons. This is a prison contract, not a stadium/arena/convention center venue. No venue_id match. The contract end is announced but Aramark contract not yet finalized.",event,ev_535c9491784104c8,Tennessee Department of Correction,TRICOR,lost on 2016-10-01 (confidence 0.55),"|The Daily News Journal; Murfreesboro, Tenn. | 2016-08-08",
out_of_scope,"correctly extracted; the venue is not in this spine. A scope decision, not a correction","TRICOR losing Tennessee DOC food service contract to Aramark. TRICOR is a state rehabilitation program, not a typical food service operator. This is a prison food service contract, not a stadium/arena/convention center. No matching venue_id among candidates.",event,ev_ada9e2f7fda170b0,the department,TRICOR,lost on ? (confidence 0.55),|The Tennessean (1972-); Nashville | 2016-08-08,
out_of_scope,"correctly extracted; the venue is not in this spine. A scope decision, not a correction","This is a state prison food services contract, not a stadium/arena/convention center contract. No matching venue in candidate list. The article says the department 'plans to award' the contract to Aramark with expected start date October 1, 2016. The incumbent TRICOR (Tennessee Rehabilitative Initiative in Correction) lost the contract. Venue is a state corrections system, not a traditional venue.",event,ev_3fa52d81a0d88e57,Tennessee Department of Correction,Aramark,won on 2016-10-01 (confidence 0.75),"|The Leaf-Chronicle (1979-); Clarksville, Tennessee | 2016-08-08",
out_of_scope,"correctly extracted; the venue is not in this spine. A scope decision, not a correction","Trinity employee caught with suspected drugs at Cotton Correctional Facility on Thursday (likely Sept 1, 2016). No candidate venue matches. This is a correctional facility, not a stadium/arena/convention center.",event,ev_5b17059ccc583b50,Cotton Correctional Facility,Trinity Food Services,violation on 2016-09-01 (confidence 0.75),"|Detroit Free Press; Detroit, Mich. | 2016-09-07",
out_of_scope,"correctly extracted; the venue is not in this spine. A scope decision, not a correction","Two Aramark Correctional Services food service workers arrested for improper sexual relationships with inmates. Cases submitted to grand jury. No candidate venue matches Tom Green County Jail. This is a correctional facility, not a stadium/arena.",event,ev_a493acde83f2b7cf,Tom Green County Jail,Aramark Correctional Services,violation on 2016-08-02 (confidence 0.85),|Standard Times; San Angelo | 2016-09-12,
out_of_scope,"correctly extracted; the venue is not in this spine. A scope decision, not a correction","Venue is David Ross Sports Village at the University of Nottingham (UK), not a US venue. No candidate venue matches. Contract value is £5 million (GBP), not USD, so left null. Article says venue is 'set to open this month' (November 2016).",event,ev_6b08126afa853bbc,David Ross Sports Village,Sodexo,won on 2016-11-01 (confidence 0.85),|Nottingham Evening Post; Nottingham (UK) | 2016-11-08,
out_of_scope,"correctly extracted; the venue is not in this spine. A scope decision, not a correction","overlaps another operator at this venue (prime vs sub-contract, or a bad pairing)",tenure,sp-9221ba4d94,Barnard Store,Barnard,? to 2016-05-01 [ended/self_op_conversion],|University Wire; Carlsbad | 2016-10-06,
out_of_scope,"correctly extracted; the venue is not in this spine. A scope decision, not a correction","overlaps another operator at this venue (prime vs sub-contract, or a bad pairing)",tenure,sp-aabde55cd8,Barnard Store,Aramark,? to 2016-05-01 [ended/lost_bid],|University Wire; Carlsbad | 2016-10-06,
out_of_scope,"correctly extracted; the venue is not in this spine. A scope decision, not a correction","overlaps another operator at this venue (prime vs sub-contract, or a bad pairing)",tenure,sp-6683442c97,Lafayette General Medical Center,Aramark Healthcare Services,? to 2016-12-12 [ended/lost_bid],"|The Daily Advertiser; Lafayette, La. | 2016-10-15",
out_of_scope,"correctly extracted; the venue is not in this spine. A scope decision, not a correction","overlaps another operator at this venue (prime vs sub-contract, or a bad pairing)",tenure,sp-abdeccb848,Lafayette General Medical Center,Lafayette General Medical Center,? to 2016-12-12 [ended/self_op_conversion],"|The Daily Advertiser; Lafayette, La. | 2016-10-15",
out_of_scope,"correctly extracted; the venue is not in this spine. A scope decision, not a correction","overlaps another operator at this venue (prime vs sub-contract, or a bad pairing)",tenure,sp-3d1fe964b9,Michigan Department of Corrections,Aramark Correctional Services,? to 2015-09-01 [ended/other],|Crain's Detroit Business; Detroit | 2017-01-30,
out_of_scope,"correctly extracted; the venue is not in this spine. A scope decision, not a correction","overlaps another operator at this venue (prime vs sub-contract, or a bad pairing)",tenure,sp-81701bee59,Michigan Department of Corrections,Aramark,? to 2015-01-01 [ended/lost_bid],"|The Tennessean; Nashville, Tenn. | 2016-08-08; |News Sentinel; Knoxville, Tenn. | 2016-08-05",
out_of_scope,"correctly extracted; the venue is not in this spine. A scope decision, not a correction","overlaps another operator at this venue (prime vs sub-contract, or a bad pairing)",tenure,sp-f2a4e6e182,Michigan Department of Corrections,Aramark,? to 2015-01-01 [ended/other],"|The Daily News Journal; Murfreesboro, Tenn. | 2016-08-08",
out_of_scope,"correctly extracted; the venue is not in this spine. A scope decision, not a correction","overlaps another operator at this venue (prime vs sub-contract, or a bad pairing)",tenure,sp-7eaafd180d,Temple,Sodexo,? to 2017-06-30 [ended/lost_bid],|University Wire; Carlsbad | 2016-10-25; |University Wire; Carlsbad | 2016-10-18; |Philadelphia Inquirer (1969-); Philadelphia | 2016-10-12,
out_of_scope,"correctly extracted; the venue is not in this spine. A scope decision, not a correction","overlaps another operator at this venue (prime vs sub-contract, or a bad pairing)",tenure,sp-d6e26ad663,Temple,Aramark,2016-10-01 to ? [unknown],|University Wire; Carlsbad | 2016-12-29; |University Wire; Carlsbad | 2016-10-25; |University Wire; Carlsbad | 2016-10-18; |Philadelphia Inquirer (1969-); Philadelphia | 2016-10-12,
out_of_scope,"correctly extracted; the venue is not in this spine. A scope decision, not a correction","overlaps another operator at this venue (prime vs sub-contract, or a bad pairing)",tenure,sp-d73773d53b,Temple,Sodexo,? to 2017-06-01 [ended/other],|University Wire; Carlsbad | 2016-09-13,
out_of_scope,"correctly extracted; the venue is not in this spine. A scope decision, not a correction","overlaps another operator at this venue (prime vs sub-contract, or a bad pairing)",tenure,sp-3241352e3e,Temple University,Aramark,2016-01-01 to ? [unknown],"|Fair Disclosure Wire; Linthicum | 2016-11-15; |MENA Report; Camden | 2016-10-14; |University Wire; Carlsbad | 2016-10-11; |University Wire; Carlsbad | 2017-01-17; |University Wire; Carlsbad | 2016-10-21; |US Fed News Service, Including US State News; Washington, D.C. | 2016-10-12; |TCA Regional News; Chicago | 2016-10-11; |Philadelphia Inquirer (1969-); Philadelphia | 2016-10-12",
out_of_scope,"correctly extracted; the venue is not in this spine. A scope decision, not a correction","overlaps another operator at this venue (prime vs sub-contract, or a bad pairing)",tenure,sp-362dc0ad6e,Temple University,Sodexo,? to 2017-05-13 [ended/lost_bid],|University Wire; Carlsbad | 2017-01-17,
out_of_scope,"correctly extracted; the venue is not in this spine. A scope decision, not a correction","overlaps another operator at this venue (prime vs sub-contract, or a bad pairing)",tenure,sp-6e60c2985f,Temple University,Sodexo,? to 2016-07-01 [ended/lost_bid],|MENA Report; Camden | 2016-10-14,
out_of_scope,"correctly extracted; the venue is not in this spine. A scope decision, not a correction","overlaps another operator at this venue (prime vs sub-contract, or a bad pairing)",tenure,sp-b40c9cc1ae,Temple University,Sodexo,? to 2017-07-01 [ended/lost_bid],"|University Wire; Carlsbad | 2016-10-21; |University Wire; Carlsbad | 2016-10-11; |TCA Regional News; Chicago | 2016-10-11; |Philadelphia Inquirer (1969-); Philadelphia | 2016-10-12; |Philadelphia Inquirer; Philadelphia, Pa. | 2016-11-01",
out_of_scope,"correctly extracted; the venue is not in this spine. A scope decision, not a correction","overlaps another operator at this venue (prime vs sub-contract, or a bad pairing)",tenure,sp-baaa5a1d9c,University of Toronto,University of Toronto,? to 2016-01-01 [ended/self_op_conversion],|Maclean's; Toronto | 2016-11-07,
out_of_scope,"correctly extracted; the venue is not in this spine. A scope decision, not a correction","overlaps another operator at this venue (prime vs sub-contract, or a bad pairing)",tenure,sp-c915fdc455,University of Toronto,Aramark,? to 2016-01-01 [ended/lost_bid],|Maclean's; Toronto | 2016-11-07,
out_of_scope,"correctly extracted; the venue is not in this spine. A scope decision, not a correction","presence only (strike) — operator was here, but no award was reported",tenure,sp-15f0ba88cc,Harvard,Harvard University Dining Services,? to ? [unknown],|University Wire; Carlsbad | 2016-10-26,
out_of_scope,"correctly extracted; the venue is not in this spine. A scope decision, not a correction","presence only (violation) — operator was here, but no award was reported",tenure,sp-25d8d56851,Charles Egeler Reception and Guidance Center,Trinity Services Group,? to ? [unknown],"|Detroit Free Press (1923-), General edition; Detroit | 2016-09-09",
out_of_scope,"correctly extracted; the venue is not in this spine. A scope decision, not a correction","presence only (violation) — operator was here, but no award was reported",tenure,sp-608ca00da2,Ionia Correctional Facility,Trinity Food Services,? to ? [unknown],"|Lansing State Journal; Lansing, Mich. | 2016-09-07",
out_of_scope,"correctly extracted; the venue is not in this spine. A scope decision, not a correction","presence only (violation) — operator was here, but no award was reported",tenure,sp-0d78889d61,Neil Armstrong Elementary,Aramark,? to ? [unknown],"|The Times - Tribune; Scranton, Pa. | 2016-11-10; |TCA Regional News; Chicago | 2016-11-10",
out_of_scope,"correctly extracted; the venue is not in this spine. A scope decision, not a correction","presence only (violation) — operator was here, but no award was reported",tenure,sp-01159e2c55,The Perch,Aramark,? to 2016-05-01 [ended/lost_bid],|University Wire; Carlsbad | 2016-10-06,
out_of_scope,"correctly extracted; the venue is not in this spine. A scope decision, not a correction",re-awarded with no reported end to the previous run,tenure,sp-d6e26ad663,Temple,Aramark,2016-10-01 to ? [unknown],|University Wire; Carlsbad | 2016-12-29; |University Wire; Carlsbad | 2016-10-25; |University Wire; Carlsbad | 2016-10-18; |Philadelphia Inquirer (1969-); Philadelphia | 2016-10-12,
out_of_scope,"correctly extracted; the venue is not in this spine. A scope decision, not a correction",re-awarded with no reported end to the previous run,tenure,sp-3241352e3e,Temple University,Aramark,2016-01-01 to ? [unknown],"|Fair Disclosure Wire; Linthicum | 2016-11-15; |MENA Report; Camden | 2016-10-14; |University Wire; Carlsbad | 2016-10-11; |University Wire; Carlsbad | 2017-01-17; |University Wire; Carlsbad | 2016-10-21; |US Fed News Service, Including US State News; Washington, D.C. | 2016-10-12; |TCA Regional News; Chicago | 2016-10-11; |Philadelphia Inquirer (1969-); Philadelphia | 2016-10-12",
out_of_scope,"correctly extracted; the venue is not in this spine. A scope decision, not a correction",renewal with no award ever reported — start unknown,tenure,sp-4dec4c4ff7,Georgetown,Aramark,? to ? [unknown],|University Wire; Carlsbad | 2016-11-04,
out_of_scope,"correctly extracted; the venue is not in this spine. A scope decision, not a correction",renewal with no award ever reported — start unknown,tenure,sp-8a22a8f700,Georgetown University,Aramark,? to ? [unknown],|University Wire; Carlsbad | 2016-11-04,
out_of_scope,"correctly extracted; the venue is not in this spine. A scope decision, not a correction",renewal with no award ever reported — start unknown,tenure,sp-b42e58d358,Leo O'Donovan dining hall,Aramark,? to ? [unknown],|University Wire; Carlsbad | 2016-12-12,
out_of_scope,"correctly extracted; the venue is not in this spine. A scope decision, not a correction",renewal with no award ever reported — start unknown,tenure,sp-c79a97a977,Tom Green County Jail,Aramark Correctional Services,? to ? [unknown],"|Standard Times; San Angelo | 2016-09-12; |Standard Times (1928-); San Angelo, Texas | 2016-09-12",
out_of_scope,"correctly extracted; the venue is not in this spine. A scope decision, not a correction",renewal with no award ever reported — start unknown,tenure,sp-0f1a1f4f84,University of Toledo,Aramark,? to ? [unknown],"|The Blade; Toledo, Ohio | 2016-09-17; |TCA Regional News; Chicago | 2016-09-17; |US Fed News Service, Including US State News; Washington, D.C. | 2016-09-25",
out_of_scope,"correctly extracted; the venue is not in this spine. A scope decision, not a correction",renewal with no award ever reported — start unknown,tenure,sp-69033994eb,the university,Aramark,? to ? [unknown],|MENA Report; Camden | 2016-11-09,
out_of_scope,"correctly extracted; the venue is not in this spine. A scope decision, not a correction",run ends with no award ever reported — start unknown,tenure,sp-9221ba4d94,Barnard Store,Barnard,? to 2016-05-01 [ended/self_op_conversion],|University Wire; Carlsbad | 2016-10-06,
out_of_scope,"correctly extracted; the venue is not in this spine. A scope decision, not a correction",run ends with no award ever reported — start unknown,tenure,sp-aabde55cd8,Barnard Store,Aramark,? to 2016-05-01 [ended/lost_bid],|University Wire; Carlsbad | 2016-10-06,
out_of_scope,"correctly extracted; the venue is not in this spine. A scope decision, not a correction",run ends with no award ever reported — start unknown,tenure,sp-8f58456704,Bartlett Dining Hall,Aramark,? to 2016-07-01 [ended/lost_bid],|University Wire; Carlsbad | 2016-09-16,
out_of_scope,"correctly extracted; the venue is not in this spine. A scope decision, not a correction",run ends with no award ever reported — start unknown,tenure,sp-75759012f0,Brandeis,Aramark,? to 2013-01-01 [ended/lost_bid],|University Wire; Carlsbad | 2016-11-14,
out_of_scope,"correctly extracted; the venue is not in this spine. A scope decision, not a correction",run ends with no award ever reported — start unknown,tenure,sp-cee73f1eeb,Cotton Correctional Facility,Aramark Correctional Services,? to 2015-09-01 [ended/lost_bid],"|Lansing State Journal (1980-); Lansing, Michigan | 2016-09-07",
out_of_scope,"correctly extracted; the venue is not in this spine. A scope decision, not a correction",run ends with no award ever reported — start unknown,tenure,sp-423dc621d5,El Paso County Criminal Justice Center,Aramark Correctional Services LLC,? to 2016-08-31 [ended/lost_bid],|Colorado Springs Independent; Colorado Springs | 2017-02-07,
out_of_scope,"correctly extracted; the venue is not in this spine. A scope decision, not a correction",run ends with no award ever reported — start unknown,tenure,sp-bc45b6dc9c,FSU,Aramark Food Services,? to 2018-07-01 [ended/other],"|Tallahassee Democrat; Tallahassee, Fla. | 2016-12-12",
out_of_scope,"correctly extracted; the venue is not in this spine. A scope decision, not a correction",run ends with no award ever reported — start unknown,tenure,sp-162fa874a2,Lafayette General Health,Aramark,? to 2016-12-12 [ended/self_op_conversion],"|The Daily Advertiser; Lafayette, La. | 2016-10-11",
out_of_scope,"correctly extracted; the venue is not in this spine. A scope decision, not a correction",run ends with no award ever reported — start unknown,tenure,sp-6683442c97,Lafayette General Medical Center,Aramark Healthcare Services,? to 2016-12-12 [ended/lost_bid],"|The Daily Advertiser; Lafayette, La. | 2016-10-15",
out_of_scope,"correctly extracted; the venue is not in this spine. A scope decision, not a correction",run ends with no award ever reported — start unknown,tenure,sp-abdeccb848,Lafayette General Medical Center,Lafayette General Medical Center,? to 2016-12-12 [ended/self_op_conversion],"|The Daily Advertiser; Lafayette, La. | 2016-10-15",
out_of_scope,"correctly extracted; the venue is not in this spine. A scope decision, not a correction",run ends with no award ever reported — start unknown,tenure,sp-7ab5699f8b,Lafayette Medical Center,Aramark Healthcare Services,? to 2016-12-12 [ended/other],"|US Fed News Service, Including US State News; Washington, D.C. | 2016-10-15",
out_of_scope,"correctly extracted; the venue is not in this spine. A scope decision, not a correction",run ends with no award ever reported — start unknown,tenure,sp-9c6565cd36,MDOC facilities,Aramark,? to 2015-01-01 [ended/lost_bid],|The Tennessean (1972-); Nashville | 2016-08-08,
out_of_scope,"correctly extracted; the venue is not in this spine. A scope decision, not a correction",run ends with no award ever reported — start unknown,tenure,sp-3d1fe964b9,Michigan Department of Corrections,Aramark Correctional Services,? to 2015-09-01 [ended/other],|Crain's Detroit Business; Detroit | 2017-01-30,
out_of_scope,"correctly extracted; the venue is not in this spine. A scope decision, not a correction",run ends with no award ever reported — start unknown,tenure,sp-81701bee59,Michigan Department of Corrections,Aramark,? to 2015-01-01 [ended/lost_bid],"|The Tennessean; Nashville, Tenn. | 2016-08-08; |News Sentinel; Knoxville, Tenn. | 2016-08-05",
out_of_scope,"correctly extracted; the venue is not in this spine. A scope decision, not a correction",run ends with no award ever reported — start unknown,tenure,sp-f2a4e6e182,Michigan Department of Corrections,Aramark,? to 2015-01-01 [ended/other],"|The Daily News Journal; Murfreesboro, Tenn. | 2016-08-08",
out_of_scope,"correctly extracted; the venue is not in this spine. A scope decision, not a correction",run ends with no award ever reported — start unknown,tenure,sp-ffe32747aa,Michigan prison food service,Aramark Correctional Services,? to 2015-09-01 [ended/lost_bid],"|Detroit Free Press; Detroit, Mich. | 2016-09-07",
out_of_scope,"correctly extracted; the venue is not in this spine. A scope decision, not a correction",run ends with no award ever reported — start unknown,tenure,sp-eb8b843d8f,Michigan prisons,Aramark Correctional Services,? to 2015-08-01 [ended/lost_bid],"|Livingston County Daily Press & Argus; Howell, Mich. | 2016-09-09",
out_of_scope,"correctly extracted; the venue is not in this spine. A scope decision, not a correction",run ends with no award ever reported — start unknown,tenure,sp-1f323bcd34,Michigan's prison,Aramark Correctional Services,? to 2015-09-01 [ended/lost_bid],"|Lansing State Journal (1980-); Lansing, Michigan | 2017-01-21",
out_of_scope,"correctly extracted; the venue is not in this spine. A scope decision, not a correction",run ends with no award ever reported — start unknown,tenure,sp-9bbabb5b6f,Northwest Missouri State University,Aramark,? to 2017-04-03 [ended/lost_bid],|University Wire; Carlsbad | 2017-01-18,
out_of_scope,"correctly extracted; the venue is not in this spine. A scope decision, not a correction",run ends with no award ever reported — start unknown,tenure,sp-acb504f28c,Northwest Missouri State University,Aramark,? to 2017-04-03 [ended/self_op_conversion],|University Wire; Carlsbad | 2017-01-18,
out_of_scope,"correctly extracted; the venue is not in this spine. A scope decision, not a correction",run ends with no award ever reported — start unknown,tenure,sp-7cb512c57e,Rio Tinto,ISS,? to 2016-01-01 [ended/lost_bid],|The Australian Financial Review; Melbourne | 2016-12-03,
out_of_scope,"correctly extracted; the venue is not in this spine. A scope decision, not a correction",run ends with no award ever reported — start unknown,tenure,sp-82397566f3,Rutgers University – Newark,Aramark,? to 2016-07-29 [ended/lost_bid],|University Wire; Carlsbad | 2016-09-27,
out_of_scope,"correctly extracted; the venue is not in this spine. A scope decision, not a correction",run ends with no award ever reported — start unknown,tenure,sp-97484db6ef,SMSU,Aramark,? to 2016-07-01 [ended/lost_bid],|University Wire; Carlsbad | 2016-09-08,
out_of_scope,"correctly extracted; the venue is not in this spine. A scope decision, not a correction",run ends with no award ever reported — start unknown,tenure,sp-4811e10f87,Saint Leo University,Sodexo,? to 2016-09-29 [ended/lost_bid],"|Tampa Bay Times (2012-); Tampa Bay, Florida | 2016-08-17","Imagine never being able to go out to eat in your own city. That's the reality for Jewish residents who keep kosher strictly, as the second largest city in New England has no kosher-certified restaurants. While that's not a complete surprise, given a decline i…"
out_of_scope,"correctly extracted; the venue is not in this spine. A scope decision, not a correction",run ends with no award ever reported — start unknown,tenure,sp-04eaebe0a5,St. Cloud State University,Sodexo,? to 2016-07-01 [ended/lost_bid],"|St. Cloud Times (1988-); St Cloud, Minnesota | 2016-07-31","Imagine never being able to go out to eat in your own city. That's the reality for Jewish residents who keep kosher strictly, as the second largest city in New England has no kosher-certified restaurants. While that's not a complete surprise, given a decline i…"
out_of_scope,"correctly extracted; the venue is not in this spine. A scope decision, not a correction",run ends with no award ever reported — start unknown,tenure,sp-430cc2d251,St. Cloud State University's Garvey Commons,Sodexo,? to 2016-07-01 [ended/lost_bid],"|St. Cloud Times; St. Cloud, Minn. | 2016-07-31",
out_of_scope,"correctly extracted; the venue is not in this spine. A scope decision, not a correction",run ends with no award ever reported — start unknown,tenure,sp-854dfd9b65,St. Cloud State University's Garvey Commons,Sodexo,? to 2016-07-01 [ended/other],|Star Tribune (1987-); Minneapolis | 2016-08-07,"Imagine never being able to go out to eat in your own city. That's the reality for Jewish residents who keep kosher strictly, as the second largest city in New England has no kosher-certified restaurants. While that's not a complete surprise, given a decline i…"
out_of_scope,"correctly extracted; the venue is not in this spine. A scope decision, not a correction",run ends with no award ever reported — start unknown,tenure,sp-64ad77d639,State of Michigan,Aramark,? to 2005-01-01 [ended/lost_bid],"|The Daily News-Journal (1931-); Murfreesboro, Tennessee | 2016-08-08",
out_of_scope,"correctly extracted; the venue is not in this spine. A scope decision, not a correction",run ends with no award ever reported — start unknown,tenure,sp-63618ace5a,Temple,Sodexo,? to 2016-10-01 [ended/lost_bid],|University Wire; Carlsbad | 2016-12-29,
out_of_scope,"correctly extracted; the venue is not in this spine. A scope decision, not a correction",run ends with no award ever reported — start unknown,tenure,sp-7eaafd180d,Temple,Sodexo,? to 2017-06-30 [ended/lost_bid],|University Wire; Carlsbad | 2016-10-25; |University Wire; Carlsbad | 2016-10-18; |Philadelphia Inquirer (1969-); Philadelphia | 2016-10-12,
out_of_scope,"correctly extracted; the venue is not in this spine. A scope decision, not a correction",run ends with no award ever reported — start unknown,tenure,sp-d73773d53b,Temple,Sodexo,? to 2017-06-01 [ended/other],|University Wire; Carlsbad | 2016-09-13,
out_of_scope,"correctly extracted; the venue is not in this spine. A scope decision, not a correction",run ends with no award ever reported — start unknown,tenure,sp-362dc0ad6e,Temple University,Sodexo,? to 2017-05-13 [ended/lost_bid],|University Wire; Carlsbad | 2017-01-17,
out_of_scope,"correctly extracted; the venue is not in this spine. A scope decision, not a correction",run ends with no award ever reported — start unknown,tenure,sp-6e60c2985f,Temple University,Sodexo,? to 2016-07-01 [ended/lost_bid],|MENA Report; Camden | 2016-10-14,
out_of_scope,"correctly extracted; the venue is not in this spine. A scope decision, not a correction",run ends with no award ever reported — start unknown,tenure,sp-b40c9cc1ae,Temple University,Sodexo,? to 2017-07-01 [ended/lost_bid],"|University Wire; Carlsbad | 2016-10-21; |University Wire; Carlsbad | 2016-10-11; |TCA Regional News; Chicago | 2016-10-11; |Philadelphia Inquirer (1969-); Philadelphia | 2016-10-12; |Philadelphia Inquirer; Philadelphia, Pa. | 2016-11-01",
out_of_scope,"correctly extracted; the venue is not in this spine. A scope decision, not a correction",run ends with no award ever reported — start unknown,tenure,sp-0b7a063aca,Tennessee Department of Correction,TRICOR,? to 2016-10-01 [ended/lost_bid],"|The Daily News Journal; Murfreesboro, Tenn. | 2016-08-08; |The Tennessean; Nashville, Tenn. | 2016-08-08; |The Tennessean (1972-); Nashville | 2016-08-08",
out_of_scope,"correctly extracted; the venue is not in this spine. A scope decision, not a correction",run ends with no award ever reported — start unknown,tenure,sp-f937662379,University of Chicago,Aramark,? to 2016-09-01 [ended/lost_bid],|University Wire; Carlsbad | 2016-10-26,
out_of_scope,"correctly extracted; the venue is not in this spine. A scope decision, not a correction",run ends with no award ever reported — start unknown,tenure,sp-5f97fcec32,University of Maine System,Aramark,? to 2016-01-01 [ended/lost_bid],"|Portland Press Herald; Portland, Me. | 2016-10-23",
out_of_scope,"correctly extracted; the venue is not in this spine. A scope decision, not a correction",run ends with no award ever reported — start unknown,tenure,sp-baaa5a1d9c,University of Toronto,University of Toronto,? to 2016-01-01 [ended/self_op_conversion],|Maclean's; Toronto | 2016-11-07,
out_of_scope,"correctly extracted; the venue is not in this spine. A scope decision, not a correction",run ends with no award ever reported — start unknown,tenure,sp-c915fdc455,University of Toronto,Aramark,? to 2016-01-01 [ended/lost_bid],|Maclean's; Toronto | 2016-11-07,
out_of_scope,"correctly extracted; the venue is not in this spine. A scope decision, not a correction",run ends with no award ever reported — start unknown,tenure,sp-43d5b1ead7,Vassar,Aramark,? to 2017-09-01 [ended/lost_bid],|University Wire; Carlsbad | 2016-10-26,
out_of_scope,"correctly extracted; the venue is not in this spine. A scope decision, not a correction",run ends with no award ever reported — start unknown,tenure,sp-1e382aabbc,Ville Grill,Sodexo,? to 2016-08-01 [ended/lost_bid],|University Wire; Carlsbad | 2016-09-03,
out_of_scope,"correctly extracted; the venue is not in this spine. A scope decision, not a correction",run ends with no award ever reported — start unknown,tenure,sp-465b90cf97,state prison,Aramark Correctional Services,? to 2015-08-01 [ended/lost_bid],"|Lansing State Journal (1980-); Lansing, Michigan | 2016-09-09",
out_of_scope,"correctly extracted; the venue is not in this spine. A scope decision, not a correction",run ends with no award ever reported — start unknown,tenure,sp-83d0427cad,the Deece,Aramark,? to 2017-01-01 [ended/lost_bid],|University Wire; Carlsbad | 2016-11-30,
out_of_scope,"correctly extracted; the venue is not in this spine. A scope decision, not a correction",start_date unknown,tenure,sp-c8eb0aef90,An Bhialann,Sodexo,? to ? [unknown],|The Daily Mirror; London (UK) | 2016-11-03,
out_of_scope,"correctly extracted; the venue is not in this spine. A scope decision, not a correction",start_date unknown,tenure,sp-9221ba4d94,Barnard Store,Barnard,? to 2016-05-01 [ended/self_op_conversion],|University Wire; Carlsbad | 2016-10-06,
out_of_scope,"correctly extracted; the venue is not in this spine. A scope decision, not a correction",start_date unknown,tenure,sp-aabde55cd8,Barnard Store,Aramark,? to 2016-05-01 [ended/lost_bid],|University Wire; Carlsbad | 2016-10-06,
out_of_scope,"correctly extracted; the venue is not in this spine. A scope decision, not a correction",start_date unknown,tenure,sp-8f58456704,Bartlett Dining Hall,Aramark,? to 2016-07-01 [ended/lost_bid],|University Wire; Carlsbad | 2016-09-16,
out_of_scope,"correctly extracted; the venue is not in this spine. A scope decision, not a correction",start_date unknown,tenure,sp-75759012f0,Brandeis,Aramark,? to 2013-01-01 [ended/lost_bid],|University Wire; Carlsbad | 2016-11-14,
out_of_scope,"correctly extracted; the venue is not in this spine. A scope decision, not a correction",start_date unknown,tenure,sp-25d8d56851,Charles Egeler Reception and Guidance Center,Trinity Services Group,? to ? [unknown],"|Detroit Free Press (1923-), General edition; Detroit | 2016-09-09",
out_of_scope,"correctly extracted; the venue is not in this spine. A scope decision, not a correction",start_date unknown,tenure,sp-cee73f1eeb,Cotton Correctional Facility,Aramark Correctional Services,? to 2015-09-01 [ended/lost_bid],"|Lansing State Journal (1980-); Lansing, Michigan | 2016-09-07",
out_of_scope,"correctly extracted; the venue is not in this spine. A scope decision, not a correction",start_date unknown,tenure,sp-423dc621d5,El Paso County Criminal Justice Center,Aramark Correctional Services LLC,? to 2016-08-31 [ended/lost_bid],|Colorado Springs Independent; Colorado Springs | 2017-02-07,
out_of_scope,"correctly extracted; the venue is not in this spine. A scope decision, not a correction",start_date unknown,tenure,sp-0f3163fcef,FGCU,Compass,? to ? [unknown],"|The News Press; Fort Myers, Fla. | 2016-08-17; |Fort Myers News-Press (1931-); Fort Myers, Florida | 2016-08-17",
out_of_scope,"correctly extracted; the venue is not in this spine. A scope decision, not a correction",start_date unknown,tenure,sp-4b8ea03742,FGCU,Aramark,? to ? [unknown],"|The News Press; Fort Myers, Fla. | 2016-08-17; |Fort Myers News-Press (1931-); Fort Myers, Florida | 2016-08-17",
out_of_scope,"correctly extracted; the venue is not in this spine. A scope decision, not a correction",start_date unknown,tenure,sp-bc45b6dc9c,FSU,Aramark Food Services,? to 2018-07-01 [ended/other],"|Tallahassee Democrat; Tallahassee, Fla. | 2016-12-12",
out_of_scope,"correctly extracted; the venue is not in this spine. A scope decision, not a correction",start_date unknown,tenure,sp-4dec4c4ff7,Georgetown,Aramark,? to ? [unknown],|University Wire; Carlsbad | 2016-11-04,
out_of_scope,"correctly extracted; the venue is not in this spine. A scope decision, not a correction",start_date unknown,tenure,sp-8a22a8f700,Georgetown University,Aramark,? to ? [unknown],|University Wire; Carlsbad | 2016-11-04,
out_of_scope,"correctly extracted; the venue is not in this spine. A scope decision, not a correction",start_date unknown,tenure,sp-15f0ba88cc,Harvard,Harvard University Dining Services,? to ? [unknown],|University Wire; Carlsbad | 2016-10-26,
out_of_scope,"correctly extracted; the venue is not in this spine. A scope decision, not a correction",start_date unknown,tenure,sp-9d2c03dd3b,Huron Lodge,Aramark,? to ? [unknown],"|Windsor Star (1959-); Windsor, Ontario | 2017-01-18",
out_of_scope,"correctly extracted; the venue is not in this spine. A scope decision, not a correction",start_date unknown,tenure,sp-9a51aea640,ICA,Sodexo,? to ? [unknown],|London Evening Standard (2011-2018); London (UK) | 2016-10-19,"…tensive and require caution and precision. For that reason, a variety of kosher certification agencies exist to inspect food service establishments and manufacturers, assuring Jews that proper preparations were taken. Rabbi Zalman Krems is the kashrus administ…"
out_of_scope,"correctly extracted; the venue is not in this spine. A scope decision, not a correction",start_date unknown,tenure,sp-608ca00da2,Ionia Correctional Facility,Trinity Food Services,? to ? [unknown],"|Lansing State Journal; Lansing, Mich. | 2016-09-07",
out_of_scope,"correctly extracted; the venue is not in this spine. A scope decision, not a correction",start_date unknown,tenure,sp-162fa874a2,Lafayette General Health,Aramark,? to 2016-12-12 [ended/self_op_conversion],"|The Daily Advertiser; Lafayette, La. | 2016-10-11",
out_of_scope,"correctly extracted; the venue is not in this spine. A scope decision, not a correction",start_date unknown,tenure,sp-6683442c97,Lafayette General Medical Center,Aramark Healthcare Services,? to 2016-12-12 [ended/lost_bid],"|The Daily Advertiser; Lafayette, La. | 2016-10-15",
out_of_scope,"correctly extracted; the venue is not in this spine. A scope decision, not a correction",start_date unknown,tenure,sp-abdeccb848,Lafayette General Medical Center,Lafayette General Medical Center,? to 2016-12-12 [ended/self_op_conversion],"|The Daily Advertiser; Lafayette, La. | 2016-10-15",
out_of_scope,"correctly extracted; the venue is not in this spine. A scope decision, not a correction",start_date unknown,tenure,sp-7ab5699f8b,Lafayette Medical Center,Aramark Healthcare Services,? to 2016-12-12 [ended/other],"|US Fed News Service, Including US State News; Washington, D.C. | 2016-10-15",
out_of_scope,"correctly extracted; the venue is not in this spine. A scope decision, not a correction",start_date unknown,tenure,sp-b42e58d358,Leo O'Donovan dining hall,Aramark,? to ? [unknown],|University Wire; Carlsbad | 2016-12-12,
out_of_scope,"correctly extracted; the venue is not in this spine. A scope decision, not a correction",start_date unknown,tenure,sp-9c6565cd36,MDOC facilities,Aramark,? to 2015-01-01 [ended/lost_bid],|The Tennessean (1972-); Nashville | 2016-08-08,
out_of_scope,"correctly extracted; the venue is not in this spine. A scope decision, not a correction",start_date unknown,tenure,sp-2bc706d5d0,MPEC,city of Wichita Falls,? to ? [unknown],"|Times Record News (1987-); Wichita Falls, Texas | 2016-11-06",
out_of_scope,"correctly extracted; the venue is not in this spine. A scope decision, not a correction",start_date unknown,tenure,sp-7a2a8b0198,Mayo Clinic,Compass,? to ? [unknown],"|Post - Bulletin; Rochester, Minn. | 2016-08-31; |Post - Bulletin; Rochester, Minn. | 2016-08-20",
out_of_scope,"correctly extracted; the venue is not in this spine. A scope decision, not a correction",start_date unknown,tenure,sp-7e50ce51b9,Mayo Clinic,Sodexo,? to ? [unknown],"|Post - Bulletin; Rochester, Minn. | 2016-08-31; |Post - Bulletin; Rochester, Minn. | 2016-08-20",
out_of_scope,"correctly extracted; the venue is not in this spine. A scope decision, not a correction",start_date unknown,tenure,sp-77c80aed1b,Michigan,Aramark Correctional Services,? to ? [unknown],"|Kennebec Journal; Augusta, Me. | 2016-10-25; |Morning Sentinel; Waterville, Me. | 2016-10-25",
out_of_scope,"correctly extracted; the venue is not in this spine. A scope decision, not a correction",start_date unknown,tenure,sp-3d1fe964b9,Michigan Department of Corrections,Aramark Correctional Services,? to 2015-09-01 [ended/other],|Crain's Detroit Business; Detroit | 2017-01-30,
out_of_scope,"correctly extracted; the venue is not in this spine. A scope decision, not a correction",start_date unknown,tenure,sp-81701bee59,Michigan Department of Corrections,Aramark,? to 2015-01-01 [ended/lost_bid],"|The Tennessean; Nashville, Tenn. | 2016-08-08; |News Sentinel; Knoxville, Tenn. | 2016-08-05",
out_of_scope,"correctly extracted; the venue is not in this spine. A scope decision, not a correction",start_date unknown,tenure,sp-f2a4e6e182,Michigan Department of Corrections,Aramark,? to 2015-01-01 [ended/other],"|The Daily News Journal; Murfreesboro, Tenn. | 2016-08-08",
out_of_scope,"correctly extracted; the venue is not in this spine. A scope decision, not a correction",start_date unknown,tenure,sp-ffe32747aa,Michigan prison food service,Aramark Correctional Services,? to 2015-09-01 [ended/lost_bid],"|Detroit Free Press; Detroit, Mich. | 2016-09-07",
out_of_scope,"correctly extracted; the venue is not in this spine. A scope decision, not a correction",start_date unknown,tenure,sp-eb8b843d8f,Michigan prisons,Aramark Correctional Services,? to 2015-08-01 [ended/lost_bid],"|Livingston County Daily Press & Argus; Howell, Mich. | 2016-09-09",
out_of_scope,"correctly extracted; the venue is not in this spine. A scope decision, not a correction",start_date unknown,tenure,sp-1f323bcd34,Michigan's prison,Aramark Correctional Services,? to 2015-09-01 [ended/lost_bid],"|Lansing State Journal (1980-); Lansing, Michigan | 2017-01-21",
out_of_scope,"correctly extracted; the venue is not in this spine. A scope decision, not a correction",start_date unknown,tenure,sp-0d78889d61,Neil Armstrong Elementary,Aramark,? to ? [unknown],"|The Times - Tribune; Scranton, Pa. | 2016-11-10; |TCA Regional News; Chicago | 2016-11-10",
out_of_scope,"correctly extracted; the venue is not in this spine. A scope decision, not a correction",start_date unknown,tenure,sp-9bbabb5b6f,Northwest Missouri State University,Aramark,? to 2017-04-03 [ended/lost_bid],|University Wire; Carlsbad | 2017-01-18,
out_of_scope,"correctly extracted; the venue is not in this spine. A scope decision, not a correction",start_date unknown,tenure,sp-acb504f28c,Northwest Missouri State University,Aramark,? to 2017-04-03 [ended/self_op_conversion],|University Wire; Carlsbad | 2017-01-18,
out_of_scope,"correctly extracted; the venue is not in this spine. A scope decision, not a correction",start_date unknown,tenure,sp-c115bf1de2,Ramsey County correctional facility,Minnesota,? to ? [unknown],|The Guardian (Online); London (UK) | 2016-09-30,
out_of_scope,"correctly extracted; the venue is not in this spine. A scope decision, not a correction",start_date unknown,tenure,sp-7cb512c57e,Rio Tinto,ISS,? to 2016-01-01 [ended/lost_bid],|The Australian Financial Review; Melbourne | 2016-12-03,
out_of_scope,"correctly extracted; the venue is not in this spine. A scope decision, not a correction",start_date unknown,tenure,sp-6930b3a8e3,Rock and Roll Hall of Fame,Aramark,? to ? [unknown],|Fair Disclosure Wire; Linthicum | 2016-08-10,
out_of_scope,"correctly extracted; the venue is not in this spine. A scope decision, not a correction",start_date unknown,tenure,sp-82397566f3,Rutgers University – Newark,Aramark,? to 2016-07-29 [ended/lost_bid],|University Wire; Carlsbad | 2016-09-27,
out_of_scope,"correctly extracted; the venue is not in this spine. A scope decision, not a correction",start_date unknown,tenure,sp-1b1d922502,SHSU,"ARAMARK Educational Services of Texas, Inc.",? to ? [unknown],"|US Fed News Service, Including US State News; Washington, D.C. | 2016-08-20",
out_of_scope,"correctly extracted; the venue is not in this spine. A scope decision, not a correction",start_date unknown,tenure,sp-97484db6ef,SMSU,Aramark,? to 2016-07-01 [ended/lost_bid],|University Wire; Carlsbad | 2016-09-08,
out_of_scope,"correctly extracted; the venue is not in this spine. A scope decision, not a correction",start_date unknown,tenure,sp-d9cda0e85b,SMSU campus,Compass,? to ? [unknown],|University Wire; Carlsbad | 2016-09-08,
out_of_scope,"correctly extracted; the venue is not in this spine. A scope decision, not a correction",start_date unknown,tenure,sp-e269b3b965,SMSU campus,Aramark,? to ? [unknown],|University Wire; Carlsbad | 2016-09-08,
out_of_scope,"correctly extracted; the venue is not in this spine. A scope decision, not a correction",start_date unknown,tenure,sp-4811e10f87,Saint Leo University,Sodexo,? to 2016-09-29 [ended/lost_bid],"|Tampa Bay Times (2012-); Tampa Bay, Florida | 2016-08-17","Imagine never being able to go out to eat in your own city. That's the reality for Jewish residents who keep kosher strictly, as the second largest city in New England has no kosher-certified restaurants. While that's not a complete surprise, given a decline i…"
out_of_scope,"correctly extracted; the venue is not in this spine. A scope decision, not a correction",start_date unknown,tenure,sp-04eaebe0a5,St. Cloud State University,Sodexo,? to 2016-07-01 [ended/lost_bid],"|St. Cloud Times (1988-); St Cloud, Minnesota | 2016-07-31","Imagine never being able to go out to eat in your own city. That's the reality for Jewish residents who keep kosher strictly, as the second largest city in New England has no kosher-certified restaurants. While that's not a complete surprise, given a decline i…"
out_of_scope,"correctly extracted; the venue is not in this spine. A scope decision, not a correction",start_date unknown,tenure,sp-430cc2d251,St. Cloud State University's Garvey Commons,Sodexo,? to 2016-07-01 [ended/lost_bid],"|St. Cloud Times; St. Cloud, Minn. | 2016-07-31",
out_of_scope,"correctly extracted; the venue is not in this spine. A scope decision, not a correction",start_date unknown,tenure,sp-854dfd9b65,St. Cloud State University's Garvey Commons,Sodexo,? to 2016-07-01 [ended/other],|Star Tribune (1987-); Minneapolis | 2016-08-07,"Imagine never being able to go out to eat in your own city. That's the reality for Jewish residents who keep kosher strictly, as the second largest city in New England has no kosher-certified restaurants. While that's not a complete surprise, given a decline i…"
out_of_scope,"correctly extracted; the venue is not in this spine. A scope decision, not a correction",start_date unknown,tenure,sp-64ad77d639,State of Michigan,Aramark,? to 2005-01-01 [ended/lost_bid],"|The Daily News-Journal (1931-); Murfreesboro, Tennessee | 2016-08-08",
out_of_scope,"correctly extracted; the venue is not in this spine. A scope decision, not a correction",start_date unknown,tenure,sp-63618ace5a,Temple,Sodexo,? to 2016-10-01 [ended/lost_bid],|University Wire; Carlsbad | 2016-12-29,
out_of_scope,"correctly extracted; the venue is not in this spine. A scope decision, not a correction",start_date unknown,tenure,sp-7eaafd180d,Temple,Sodexo,? to 2017-06-30 [ended/lost_bid],|University Wire; Carlsbad | 2016-10-25; |University Wire; Carlsbad | 2016-10-18; |Philadelphia Inquirer (1969-); Philadelphia | 2016-10-12,
out_of_scope,"correctly extracted; the venue is not in this spine. A scope decision, not a correction",start_date unknown,tenure,sp-d73773d53b,Temple,Sodexo,? to 2017-06-01 [ended/other],|University Wire; Carlsbad | 2016-09-13,
out_of_scope,"correctly extracted; the venue is not in this spine. A scope decision, not a correction",start_date unknown,tenure,sp-362dc0ad6e,Temple University,Sodexo,? to 2017-05-13 [ended/lost_bid],|University Wire; Carlsbad | 2017-01-17,
out_of_scope,"correctly extracted; the venue is not in this spine. A scope decision, not a correction",start_date unknown,tenure,sp-6e60c2985f,Temple University,Sodexo,? to 2016-07-01 [ended/lost_bid],|MENA Report; Camden | 2016-10-14,
out_of_scope,"correctly extracted; the venue is not in this spine. A scope decision, not a correction",start_date unknown,tenure,sp-b40c9cc1ae,Temple University,Sodexo,? to 2017-07-01 [ended/lost_bid],"|University Wire; Carlsbad | 2016-10-21; |University Wire; Carlsbad | 2016-10-11; |TCA Regional News; Chicago | 2016-10-11; |Philadelphia Inquirer (1969-); Philadelphia | 2016-10-12; |Philadelphia Inquirer; Philadelphia, Pa. | 2016-11-01",
out_of_scope,"correctly extracted; the venue is not in this spine. A scope decision, not a correction",start_date unknown,tenure,sp-0b7a063aca,Tennessee Department of Correction,TRICOR,? to 2016-10-01 [ended/lost_bid],"|The Daily News Journal; Murfreesboro, Tenn. | 2016-08-08; |The Tennessean; Nashville, Tenn. | 2016-08-08; |The Tennessean (1972-); Nashville | 2016-08-08",
out_of_scope,"correctly extracted; the venue is not in this spine. A scope decision, not a correction",start_date unknown,tenure,sp-01159e2c55,The Perch,Aramark,? to 2016-05-01 [ended/lost_bid],|University Wire; Carlsbad | 2016-10-06,
out_of_scope,"correctly extracted; the venue is not in this spine. A scope decision, not a correction",start_date unknown,tenure,sp-c79a97a977,Tom Green County Jail,Aramark Correctional Services,? to ? [unknown],"|Standard Times; San Angelo | 2016-09-12; |Standard Times (1928-); San Angelo, Texas | 2016-09-12",
out_of_scope,"correctly extracted; the venue is not in this spine. A scope decision, not a correction",start_date unknown,tenure,sp-ec7fc6bc5c,U of L,Sodexo,? to ? [unknown],|University Wire; Carlsbad | 2016-09-08,
out_of_scope,"correctly extracted; the venue is not in this spine. A scope decision, not a correction",start_date unknown,tenure,sp-030e9be7e6,UChicago Dining,Compass,? to ? [unknown],|University Wire; Carlsbad | 2016-10-18,
out_of_scope,"correctly extracted; the venue is not in this spine. A scope decision, not a correction",start_date unknown,tenure,sp-c283a0a42a,UChicago Dining,Aramark,? to ? [unknown],|University Wire; Carlsbad | 2016-10-18,
out_of_scope,"correctly extracted; the venue is not in this spine. A scope decision, not a correction",start_date unknown,tenure,sp-f937662379,University of Chicago,Aramark,? to 2016-09-01 [ended/lost_bid],|University Wire; Carlsbad | 2016-10-26,
out_of_scope,"correctly extracted; the venue is not in this spine. A scope decision, not a correction",start_date unknown,tenure,sp-5f97fcec32,University of Maine System,Aramark,? to 2016-01-01 [ended/lost_bid],"|Portland Press Herald; Portland, Me. | 2016-10-23",
out_of_scope,"correctly extracted; the venue is not in this spine. A scope decision, not a correction",start_date unknown,tenure,sp-466064802c,University of Maine at Farmington,Sodexo,? to ? [unknown],"|TCA Regional News; Chicago | 2016-08-26; |Sun Journal; Lewiston, Me. | 2016-08-25",
out_of_scope,"correctly extracted; the venue is not in this spine. A scope decision, not a correction",start_date unknown,tenure,sp-63a5025d7e,University of Maine at Farmington,Aramark,? to ? [unknown],"|TCA Regional News; Chicago | 2016-08-26; |Sun Journal; Lewiston, Me. | 2016-08-25",
out_of_scope,"correctly extracted; the venue is not in this spine. A scope decision, not a correction",start_date unknown,tenure,sp-0f1a1f4f84,University of Toledo,Aramark,? to ? [unknown],"|The Blade; Toledo, Ohio | 2016-09-17; |TCA Regional News; Chicago | 2016-09-17; |US Fed News Service, Including US State News; Washington, D.C. | 2016-09-25",
out_of_scope,"correctly extracted; the venue is not in this spine. A scope decision, not a correction",start_date unknown,tenure,sp-baaa5a1d9c,University of Toronto,University of Toronto,? to 2016-01-01 [ended/self_op_conversion],|Maclean's; Toronto | 2016-11-07,
out_of_scope,"correctly extracted; the venue is not in this spine. A scope decision, not a correction",start_date unknown,tenure,sp-c915fdc455,University of Toronto,Aramark,? to 2016-01-01 [ended/lost_bid],|Maclean's; Toronto | 2016-11-07,
out_of_scope,"correctly extracted; the venue is not in this spine. A scope decision, not a correction",start_date unknown,tenure,sp-43d5b1ead7,Vassar,Aramark,? to 2017-09-01 [ended/lost_bid],|University Wire; Carlsbad | 2016-10-26,
out_of_scope,"correctly extracted; the venue is not in this spine. A scope decision, not a correction",start_date unknown,tenure,sp-1e382aabbc,Ville Grill,Sodexo,? to 2016-08-01 [ended/lost_bid],|University Wire; Carlsbad | 2016-09-03,
out_of_scope,"correctly extracted; the venue is not in this spine. A scope decision, not a correction",start_date unknown,tenure,sp-8e2acc5ed1,Yosemite National Park,Aramark,? to ? [unknown],|Fair Disclosure Wire; Linthicum | 2016-08-10,
out_of_scope,"correctly extracted; the venue is not in this spine. A scope decision, not a correction",start_date unknown,tenure,sp-465b90cf97,state prison,Aramark Correctional Services,? to 2015-08-01 [ended/lost_bid],"|Lansing State Journal (1980-); Lansing, Michigan | 2016-09-09",
out_of_scope,"correctly extracted; the venue is not in this spine. A scope decision, not a correction",start_date unknown,tenure,sp-83d0427cad,the Deece,Aramark,? to 2017-01-01 [ended/lost_bid],|University Wire; Carlsbad | 2016-11-30,
out_of_scope,"correctly extracted; the venue is not in this spine. A scope decision, not a correction",start_date unknown,tenure,sp-af2aa847be,the department,Aramark,? to ? [unknown],|The Tennessean (1972-); Nashville | 2016-08-08,
out_of_scope,"correctly extracted; the venue is not in this spine. A scope decision, not a correction",start_date unknown,tenure,sp-ddc534c181,the department,TRICOR,? to ? [unknown],|The Tennessean (1972-); Nashville | 2016-08-08,
out_of_scope,"correctly extracted; the venue is not in this spine. A scope decision, not a correction",start_date unknown,tenure,sp-69033994eb,the university,Aramark,? to ? [unknown],|MENA Report; Camden | 2016-11-09,
out_of_scope,"correctly extracted; the venue is not in this spine. A scope decision, not a correction",venue never matched the spine — not mappable,tenure,sp-c8eb0aef90,An Bhialann,Sodexo,? to ? [unknown],|The Daily Mirror; London (UK) | 2016-11-03,
out_of_scope,"correctly extracted; the venue is not in this spine. A scope decision, not a correction",venue never matched the spine — not mappable,tenure,sp-9221ba4d94,Barnard Store,Barnard,? to 2016-05-01 [ended/self_op_conversion],|University Wire; Carlsbad | 2016-10-06,
out_of_scope,"correctly extracted; the venue is not in this spine. A scope decision, not a correction",venue never matched the spine — not mappable,tenure,sp-aabde55cd8,Barnard Store,Aramark,? to 2016-05-01 [ended/lost_bid],|University Wire; Carlsbad | 2016-10-06,
out_of_scope,"correctly extracted; the venue is not in this spine. A scope decision, not a correction",venue never matched the spine — not mappable,tenure,sp-8f58456704,Bartlett Dining Hall,Aramark,? to 2016-07-01 [ended/lost_bid],|University Wire; Carlsbad | 2016-09-16,
out_of_scope,"correctly extracted; the venue is not in this spine. A scope decision, not a correction",venue never matched the spine — not mappable,tenure,sp-b9bf93696b,Bartlett Dining Hall,Compass,2016-07-01 to ? [unknown],|University Wire; Carlsbad | 2016-09-16,
out_of_scope,"correctly extracted; the venue is not in this spine. A scope decision, not a correction",venue never matched the spine — not mappable,tenure,sp-75759012f0,Brandeis,Aramark,? to 2013-01-01 [ended/lost_bid],|University Wire; Carlsbad | 2016-11-14,
out_of_scope,"correctly extracted; the venue is not in this spine. A scope decision, not a correction",venue never matched the spine — not mappable,tenure,sp-de10f3e022,Brandeis,Sodexo,2013-01-01 to ? [unknown],|University Wire; Carlsbad | 2016-11-14,
out_of_scope,"correctly extracted; the venue is not in this spine. A scope decision, not a correction",venue never matched the spine — not mappable,tenure,sp-25d8d56851,Charles Egeler Reception and Guidance Center,Trinity Services Group,? to ? [unknown],"|Detroit Free Press (1923-), General edition; Detroit | 2016-09-09",
out_of_scope,"correctly extracted; the venue is not in this spine. A scope decision, not a correction",venue never matched the spine — not mappable,tenure,sp-3a13a82a20,Clemson,Aramark,1969-01-01 to ? [unknown],|Food Management; Cleveland | 2016-12-01,
out_of_scope,"correctly extracted; the venue is not in this spine. A scope decision, not a correction",venue never matched the spine — not mappable,tenure,sp-7e1ed4c8b1,Cotton Correctional Facility,Trinity Food Services,2015-09-01 to ? [unknown],"|Lansing State Journal (1980-); Lansing, Michigan | 2016-09-07; |Detroit Free Press; Detroit, Mich. | 2016-09-07; |Lansing State Journal; Lansing, Mich. | 2016-09-07",
out_of_scope,"correctly extracted; the venue is not in this spine. A scope decision, not a correction",venue never matched the spine — not mappable,tenure,sp-cee73f1eeb,Cotton Correctional Facility,Aramark Correctional Services,? to 2015-09-01 [ended/lost_bid],"|Lansing State Journal (1980-); Lansing, Michigan | 2016-09-07",
out_of_scope,"correctly extracted; the venue is not in this spine. A scope decision, not a correction",venue never matched the spine — not mappable,tenure,sp-53ceb594d2,David Ross Sports Village,Sodexo,2016-11-01 to ? [unknown],|Nottingham Evening Post; Nottingham (UK) | 2016-11-08,
out_of_scope,"correctly extracted; the venue is not in this spine. A scope decision, not a correction",venue never matched the spine — not mappable,tenure,sp-11146b558f,El Paso County Criminal Justice Center,Trinity Services Group,2016-09-01 to ? [unknown],|Colorado Springs Independent; Colorado Springs | 2017-02-07,
out_of_scope,"correctly extracted; the venue is not in this spine. A scope decision, not a correction",venue never matched the spine — not mappable,tenure,sp-423dc621d5,El Paso County Criminal Justice Center,Aramark Correctional Services LLC,? to 2016-08-31 [ended/lost_bid],|Colorado Springs Independent; Colorado Springs | 2017-02-07,
out_of_scope,"correctly extracted; the venue is not in this spine. A scope decision, not a correction",venue never matched the spine — not mappable,tenure,sp-ccc7becec3,El Paso County jail,Aramark Correctional Services,2016-11-22 to ? [unknown],"|El Paso Times (1921-); El Paso, Texas | 2016-11-22",
out_of_scope,"correctly extracted; the venue is not in this spine. A scope decision, not a correction",venue never matched the spine — not mappable,tenure,sp-0f3163fcef,FGCU,Compass,? to ? [unknown],"|The News Press; Fort Myers, Fla. | 2016-08-17; |Fort Myers News-Press (1931-); Fort Myers, Florida | 2016-08-17",
out_of_scope,"correctly extracted; the venue is not in this spine. A scope decision, not a correction",venue never matched the spine — not mappable,tenure,sp-4b8ea03742,FGCU,Aramark,? to ? [unknown],"|The News Press; Fort Myers, Fla. | 2016-08-17; |Fort Myers News-Press (1931-); Fort Myers, Florida | 2016-08-17",
out_of_scope,"correctly extracted; the venue is not in this spine. A scope decision, not a correction",venue never matched the spine — not mappable,tenure,sp-bc45b6dc9c,FSU,Aramark Food Services,? to 2018-07-01 [ended/other],"|Tallahassee Democrat; Tallahassee, Fla. | 2016-12-12",
out_of_scope,"correctly extracted; the venue is not in this spine. A scope decision, not a correction",venue never matched the spine — not mappable,tenure,sp-4dec4c4ff7,Georgetown,Aramark,? to ? [unknown],|University Wire; Carlsbad | 2016-11-04,
out_of_scope,"correctly extracted; the venue is not in this spine. A scope decision, not a correction",venue never matched the spine — not mappable,tenure,sp-8a22a8f700,Georgetown University,Aramark,? to ? [unknown],|University Wire; Carlsbad | 2016-11-04,
out_of_scope,"correctly extracted; the venue is not in this spine. A scope decision, not a correction",venue never matched the spine — not mappable,tenure,sp-15f0ba88cc,Harvard,Harvard University Dining Services,? to ? [unknown],|University Wire; Carlsbad | 2016-10-26,
out_of_scope,"correctly extracted; the venue is not in this spine. A scope decision, not a correction",venue never matched the spine — not mappable,tenure,sp-9d2c03dd3b,Huron Lodge,Aramark,? to ? [unknown],"|Windsor Star (1959-); Windsor, Ontario | 2017-01-18",
out_of_scope,"correctly extracted; the venue is not in this spine. A scope decision, not a correction",venue never matched the spine — not mappable,tenure,sp-9a51aea640,ICA,Sodexo,? to ? [unknown],|London Evening Standard (2011-2018); London (UK) | 2016-10-19,"…tensive and require caution and precision. For that reason, a variety of kosher certification agencies exist to inspect food service establishments and manufacturers, assuring Jews that proper preparations were taken. Rabbi Zalman Krems is the kashrus administ…"
out_of_scope,"correctly extracted; the venue is not in this spine. A scope decision, not a correction",venue never matched the spine — not mappable,tenure,sp-608ca00da2,Ionia Correctional Facility,Trinity Food Services,? to ? [unknown],"|Lansing State Journal; Lansing, Mich. | 2016-09-07",
out_of_scope,"correctly extracted; the venue is not in this spine. A scope decision, not a correction",venue never matched the spine — not mappable,tenure,sp-352ca57ab4,JMU Dining Services,Aramark,2000-01-01 to ? [unknown],|University Wire; Carlsbad | 2016-11-03; |University Wire; Carlsbad | 2016-11-02,
out_of_scope,"correctly extracted; the venue is not in this spine. A scope decision, not a correction",venue never matched the spine — not mappable,tenure,sp-162fa874a2,Lafayette General Health,Aramark,? to 2016-12-12 [ended/self_op_conversion],"|The Daily Advertiser; Lafayette, La. | 2016-10-11",
out_of_scope,"correctly extracted; the venue is not in this spine. A scope decision, not a correction",venue never matched the spine — not mappable,tenure,sp-6683442c97,Lafayette General Medical Center,Aramark Healthcare Services,? to 2016-12-12 [ended/lost_bid],"|The Daily Advertiser; Lafayette, La. | 2016-10-15",
out_of_scope,"correctly extracted; the venue is not in this spine. A scope decision, not a correction",venue never matched the spine — not mappable,tenure,sp-abdeccb848,Lafayette General Medical Center,Lafayette General Medical Center,? to 2016-12-12 [ended/self_op_conversion],"|The Daily Advertiser; Lafayette, La. | 2016-10-15",
out_of_scope,"correctly extracted; the venue is not in this spine. A scope decision, not a correction",venue never matched the spine — not mappable,tenure,sp-7ab5699f8b,Lafayette Medical Center,Aramark Healthcare Services,? to 2016-12-12 [ended/other],"|US Fed News Service, Including US State News; Washington, D.C. | 2016-10-15",
out_of_scope,"correctly extracted; the venue is not in this spine. A scope decision, not a correction",venue never matched the spine — not mappable,tenure,sp-b42e58d358,Leo O'Donovan dining hall,Aramark,? to ? [unknown],|University Wire; Carlsbad | 2016-12-12,
out_of_scope,"correctly extracted; the venue is not in this spine. A scope decision, not a correction",venue never matched the spine — not mappable,tenure,sp-c6fac648f1,Leo's,Aramark,2016-11-01 to ? [unknown],|University Wire; Carlsbad | 2016-11-08,
out_of_scope,"correctly extracted; the venue is not in this spine. A scope decision, not a correction",venue never matched the spine — not mappable,tenure,sp-9c6565cd36,MDOC facilities,Aramark,? to 2015-01-01 [ended/lost_bid],|The Tennessean (1972-); Nashville | 2016-08-08,
out_of_scope,"correctly extracted; the venue is not in this spine. A scope decision, not a correction",venue never matched the spine — not mappable,tenure,sp-2bc706d5d0,MPEC,city of Wichita Falls,? to ? [unknown],"|Times Record News (1987-); Wichita Falls, Texas | 2016-11-06",
out_of_scope,"correctly extracted; the venue is not in this spine. A scope decision, not a correction",venue never matched the spine — not mappable,tenure,sp-834dc44505,MPEC,Spectra,2016-10-01 to ? [unknown],"|Times Record News (1987-); Wichita Falls, Texas | 2016-12-28; |Times Record News (1987-); Wichita Falls, Texas | 2016-11-06",
out_of_scope,"correctly extracted; the venue is not in this spine. A scope decision, not a correction",venue never matched the spine — not mappable,tenure,sp-7a2a8b0198,Mayo Clinic,Compass,? to ? [unknown],"|Post - Bulletin; Rochester, Minn. | 2016-08-31; |Post - Bulletin; Rochester, Minn. | 2016-08-20",
out_of_scope,"correctly extracted; the venue is not in this spine. A scope decision, not a correction",venue never matched the spine — not mappable,tenure,sp-7e50ce51b9,Mayo Clinic,Sodexo,? to ? [unknown],"|Post - Bulletin; Rochester, Minn. | 2016-08-31; |Post - Bulletin; Rochester, Minn. | 2016-08-20",
out_of_scope,"correctly extracted; the venue is not in this spine. A scope decision, not a correction",venue never matched the spine — not mappable,tenure,sp-77c80aed1b,Michigan,Aramark Correctional Services,? to ? [unknown],"|Kennebec Journal; Augusta, Me. | 2016-10-25; |Morning Sentinel; Waterville, Me. | 2016-10-25",
out_of_scope,"correctly extracted; the venue is not in this spine. A scope decision, not a correction",venue never matched the spine — not mappable,tenure,sp-3d1fe964b9,Michigan Department of Corrections,Aramark Correctional Services,? to 2015-09-01 [ended/other],|Crain's Detroit Business; Detroit | 2017-01-30,
out_of_scope,"correctly extracted; the venue is not in this spine. A scope decision, not a correction",venue never matched the spine — not mappable,tenure,sp-81701bee59,Michigan Department of Corrections,Aramark,? to 2015-01-01 [ended/lost_bid],"|The Tennessean; Nashville, Tenn. | 2016-08-08; |News Sentinel; Knoxville, Tenn. | 2016-08-05",
out_of_scope,"correctly extracted; the venue is not in this spine. A scope decision, not a correction",venue never matched the spine — not mappable,tenure,sp-a94ad7a317,Michigan Department of Corrections,Trinity Services Group,2015-09-01 to ? [unknown],|Crain's Detroit Business; Detroit | 2017-01-30,
out_of_scope,"correctly extracted; the venue is not in this spine. A scope decision, not a correction",venue never matched the spine — not mappable,tenure,sp-f2a4e6e182,Michigan Department of Corrections,Aramark,? to 2015-01-01 [ended/other],"|The Daily News Journal; Murfreesboro, Tenn. | 2016-08-08",
out_of_scope,"correctly extracted; the venue is not in this spine. A scope decision, not a correction",venue never matched the spine — not mappable,tenure,sp-5b799f6940,Michigan prison food service,Trinity Food Services,2015-09-01 to ? [unknown],"|Detroit Free Press; Detroit, Mich. | 2016-09-07",
out_of_scope,"correctly extracted; the venue is not in this spine. A scope decision, not a correction",venue never matched the spine — not mappable,tenure,sp-ffe32747aa,Michigan prison food service,Aramark Correctional Services,? to 2015-09-01 [ended/lost_bid],"|Detroit Free Press; Detroit, Mich. | 2016-09-07",
out_of_scope,"correctly extracted; the venue is not in this spine. A scope decision, not a correction",venue never matched the spine — not mappable,tenure,sp-bb4bdba725,Michigan prisons,Trinity Services Group,2015-08-01 to ? [unknown],"|Livingston County Daily Press & Argus; Howell, Mich. | 2016-09-09",
out_of_scope,"correctly extracted; the venue is not in this spine. A scope decision, not a correction",venue never matched the spine — not mappable,tenure,sp-eb8b843d8f,Michigan prisons,Aramark Correctional Services,? to 2015-08-01 [ended/lost_bid],"|Livingston County Daily Press & Argus; Howell, Mich. | 2016-09-09",
out_of_scope,"correctly extracted; the venue is not in this spine. A scope decision, not a correction",venue never matched the spine — not mappable,tenure,sp-00c0c179e1,Michigan state prisons,Aramark Correctional Services,2013-12-01 to 2015-08-01 [ended/lost_bid],"|Detroit Free Press (1923-), General edition; Detroit | 2016-09-09",
out_of_scope,"correctly extracted; the venue is not in this spine. A scope decision, not a correction",venue never matched the spine — not mappable,tenure,sp-801a05dfb4,Michigan state prisons,Trinity Services Group,2015-08-01 to ? [unknown],"|Detroit Free Press (1923-), General edition; Detroit | 2016-09-09",
out_of_scope,"correctly extracted; the venue is not in this spine. A scope decision, not a correction",venue never matched the spine — not mappable,tenure,sp-1f323bcd34,Michigan's prison,Aramark Correctional Services,? to 2015-09-01 [ended/lost_bid],"|Lansing State Journal (1980-); Lansing, Michigan | 2017-01-21",
out_of_scope,"correctly extracted; the venue is not in this spine. A scope decision, not a correction",venue never matched the spine — not mappable,tenure,sp-db221d4749,Michigan's prison,Trinity Services Group,2015-09-01 to ? [unknown],"|Lansing State Journal (1980-); Lansing, Michigan | 2017-01-21",
out_of_scope,"correctly extracted; the venue is not in this spine. A scope decision, not a correction",venue never matched the spine — not mappable,tenure,sp-11c3a2283f,NCH,Sodexo,2012-01-01 to ? [unknown],"|The Naples Daily News (1970-); Naples, Florida | 2016-08-27","Imagine never being able to go out to eat in your own city. That's the reality for Jewish residents who keep kosher strictly, as the second largest city in New England has no kosher-certified restaurants. While that's not a complete surprise, given a decline i…"
out_of_scope,"correctly extracted; the venue is not in this spine. A scope decision, not a correction",venue never matched the spine — not mappable,tenure,sp-8ede7be3f5,NCH Healthcare System,Sodexo,2012-01-01 to ? [unknown],"|The News Press; Fort Myers, Fla. | 2016-08-27; |Fort Myers News-Press (1931-); Fort Myers, Florida | 2016-08-27",
out_of_scope,"correctly extracted; the venue is not in this spine. A scope decision, not a correction",venue never matched the spine — not mappable,tenure,sp-0d78889d61,Neil Armstrong Elementary,Aramark,? to ? [unknown],"|The Times - Tribune; Scranton, Pa. | 2016-11-10; |TCA Regional News; Chicago | 2016-11-10",
out_of_scope,"correctly extracted; the venue is not in this spine. A scope decision, not a correction",venue never matched the spine — not mappable,tenure,sp-9bbabb5b6f,Northwest Missouri State University,Aramark,? to 2017-04-03 [ended/lost_bid],|University Wire; Carlsbad | 2017-01-18,
out_of_scope,"correctly extracted; the venue is not in this spine. A scope decision, not a correction",venue never matched the spine — not mappable,tenure,sp-acb504f28c,Northwest Missouri State University,Aramark,? to 2017-04-03 [ended/self_op_conversion],|University Wire; Carlsbad | 2017-01-18,
out_of_scope,"correctly extracted; the venue is not in this spine. A scope decision, not a correction",venue never matched the spine — not mappable,tenure,sp-c115bf1de2,Ramsey County correctional facility,Minnesota,? to ? [unknown],|The Guardian (Online); London (UK) | 2016-09-30,
out_of_scope,"correctly extracted; the venue is not in this spine. A scope decision, not a correction",venue never matched the spine — not mappable,tenure,sp-7cb512c57e,Rio Tinto,ISS,? to 2016-01-01 [ended/lost_bid],|The Australian Financial Review; Melbourne | 2016-12-03,
out_of_scope,"correctly extracted; the venue is not in this spine. A scope decision, not a correction",venue never matched the spine — not mappable,tenure,sp-6930b3a8e3,Rock and Roll Hall of Fame,Aramark,? to ? [unknown],|Fair Disclosure Wire; Linthicum | 2016-08-10,
out_of_scope,"correctly extracted; the venue is not in this spine. A scope decision, not a correction",venue never matched the spine — not mappable,tenure,sp-2f7d9a2860,Rutgers University – Newark,Gourmet Dining Services,2016-07-29 to ? [unknown],|University Wire; Carlsbad | 2016-09-27,
out_of_scope,"correctly extracted; the venue is not in this spine. A scope decision, not a correction",venue never matched the spine — not mappable,tenure,sp-82397566f3,Rutgers University – Newark,Aramark,? to 2016-07-29 [ended/lost_bid],|University Wire; Carlsbad | 2016-09-27,
out_of_scope,"correctly extracted; the venue is not in this spine. A scope decision, not a correction",venue never matched the spine — not mappable,tenure,sp-1b1d922502,SHSU,"ARAMARK Educational Services of Texas, Inc.",? to ? [unknown],"|US Fed News Service, Including US State News; Washington, D.C. | 2016-08-20",
out_of_scope,"correctly extracted; the venue is not in this spine. A scope decision, not a correction",venue never matched the spine — not mappable,tenure,sp-84197ee2b6,SMSU,Compass,2016-07-01 to ? [unknown],|University Wire; Carlsbad | 2016-09-08,
out_of_scope,"correctly extracted; the venue is not in this spine. A scope decision, not a correction",venue never matched the spine — not mappable,tenure,sp-97484db6ef,SMSU,Aramark,? to 2016-07-01 [ended/lost_bid],|University Wire; Carlsbad | 2016-09-08,
out_of_scope,"correctly extracted; the venue is not in this spine. A scope decision, not a correction",venue never matched the spine — not mappable,tenure,sp-d9cda0e85b,SMSU campus,Compass,? to ? [unknown],|University Wire; Carlsbad | 2016-09-08,
out_of_scope,"correctly extracted; the venue is not in this spine. A scope decision, not a correction",venue never matched the spine — not mappable,tenure,sp-e269b3b965,SMSU campus,Aramark,? to ? [unknown],|University Wire; Carlsbad | 2016-09-08,
out_of_scope,"correctly extracted; the venue is not in this spine. A scope decision, not a correction",venue never matched the spine — not mappable,tenure,sp-4811e10f87,Saint Leo University,Sodexo,? to 2016-09-29 [ended/lost_bid],"|Tampa Bay Times (2012-); Tampa Bay, Florida | 2016-08-17","Imagine never being able to go out to eat in your own city. That's the reality for Jewish residents who keep kosher strictly, as the second largest city in New England has no kosher-certified restaurants. While that's not a complete surprise, given a decline i…"
out_of_scope,"correctly extracted; the venue is not in this spine. A scope decision, not a correction",venue never matched the spine — not mappable,tenure,sp-04eaebe0a5,St. Cloud State University,Sodexo,? to 2016-07-01 [ended/lost_bid],"|St. Cloud Times (1988-); St Cloud, Minnesota | 2016-07-31","Imagine never being able to go out to eat in your own city. That's the reality for Jewish residents who keep kosher strictly, as the second largest city in New England has no kosher-certified restaurants. While that's not a complete surprise, given a decline i…"
out_of_scope,"correctly extracted; the venue is not in this spine. A scope decision, not a correction",venue never matched the spine — not mappable,tenure,sp-438156e24d,St. Cloud State University,Compass,2016-07-01 to ? [unknown],"|St. Cloud Times (1988-); St Cloud, Minnesota | 2016-07-31","Imagine never being able to go out to eat in your own city. That's the reality for Jewish residents who keep kosher strictly, as the second largest city in New England has no kosher-certified restaurants. While that's not a complete surprise, given a decline i…"
out_of_scope,"correctly extracted; the venue is not in this spine. A scope decision, not a correction",venue never matched the spine — not mappable,tenure,sp-430cc2d251,St. Cloud State University's Garvey Commons,Sodexo,? to 2016-07-01 [ended/lost_bid],"|St. Cloud Times; St. Cloud, Minn. | 2016-07-31",
out_of_scope,"correctly extracted; the venue is not in this spine. A scope decision, not a correction",venue never matched the spine — not mappable,tenure,sp-7ed39b11fd,St. Cloud State University's Garvey Commons,Compass,2016-07-01 to ? [unknown],"|St. Cloud Times; St. Cloud, Minn. | 2016-07-31; |Star Tribune (1987-); Minneapolis | 2016-08-07",
out_of_scope,"correctly extracted; the venue is not in this spine. A scope decision, not a correction",venue never matched the spine — not mappable,tenure,sp-854dfd9b65,St. Cloud State University's Garvey Commons,Sodexo,? to 2016-07-01 [ended/other],|Star Tribune (1987-); Minneapolis | 2016-08-07,"Imagine never being able to go out to eat in your own city. That's the reality for Jewish residents who keep kosher strictly, as the second largest city in New England has no kosher-certified restaurants. While that's not a complete surprise, given a decline i…"
out_of_scope,"correctly extracted; the venue is not in this spine. A scope decision, not a correction",venue never matched the spine — not mappable,tenure,sp-64ad77d639,State of Michigan,Aramark,? to 2005-01-01 [ended/lost_bid],"|The Daily News-Journal (1931-); Murfreesboro, Tennessee | 2016-08-08",
out_of_scope,"correctly extracted; the venue is not in this spine. A scope decision, not a correction",venue never matched the spine — not mappable,tenure,sp-63618ace5a,Temple,Sodexo,? to 2016-10-01 [ended/lost_bid],|University Wire; Carlsbad | 2016-12-29,
out_of_scope,"correctly extracted; the venue is not in this spine. A scope decision, not a correction",venue never matched the spine — not mappable,tenure,sp-7eaafd180d,Temple,Sodexo,? to 2017-06-30 [ended/lost_bid],|University Wire; Carlsbad | 2016-10-25; |University Wire; Carlsbad | 2016-10-18; |Philadelphia Inquirer (1969-); Philadelphia | 2016-10-12,
out_of_scope,"correctly extracted; the venue is not in this spine. A scope decision, not a correction",venue never matched the spine — not mappable,tenure,sp-d6e26ad663,Temple,Aramark,2016-10-01 to ? [unknown],|University Wire; Carlsbad | 2016-12-29; |University Wire; Carlsbad | 2016-10-25; |University Wire; Carlsbad | 2016-10-18; |Philadelphia Inquirer (1969-); Philadelphia | 2016-10-12,
out_of_scope,"correctly extracted; the venue is not in this spine. A scope decision, not a correction",venue never matched the spine — not mappable,tenure,sp-d73773d53b,Temple,Sodexo,? to 2017-06-01 [ended/other],|University Wire; Carlsbad | 2016-09-13,
out_of_scope,"correctly extracted; the venue is not in this spine. A scope decision, not a correction",venue never matched the spine — not mappable,tenure,sp-3241352e3e,Temple University,Aramark,2016-01-01 to ? [unknown],"|Fair Disclosure Wire; Linthicum | 2016-11-15; |MENA Report; Camden | 2016-10-14; |University Wire; Carlsbad | 2016-10-11; |University Wire; Carlsbad | 2017-01-17; |University Wire; Carlsbad | 2016-10-21; |US Fed News Service, Including US State News; Washington, D.C. | 2016-10-12; |TCA Regional News; Chicago | 2016-10-11; |Philadelphia Inquirer (1969-); Philadelphia | 2016-10-12",
out_of_scope,"correctly extracted; the venue is not in this spine. A scope decision, not a correction",venue never matched the spine — not mappable,tenure,sp-362dc0ad6e,Temple University,Sodexo,? to 2017-05-13 [ended/lost_bid],|University Wire; Carlsbad | 2017-01-17,
out_of_scope,"correctly extracted; the venue is not in this spine. A scope decision, not a correction",venue never matched the spine — not mappable,tenure,sp-6e60c2985f,Temple University,Sodexo,? to 2016-07-01 [ended/lost_bid],|MENA Report; Camden | 2016-10-14,
out_of_scope,"correctly extracted; the venue is not in this spine. A scope decision, not a correction",venue never matched the spine — not mappable,tenure,sp-b40c9cc1ae,Temple University,Sodexo,? to 2017-07-01 [ended/lost_bid],"|University Wire; Carlsbad | 2016-10-21; |University Wire; Carlsbad | 2016-10-11; |TCA Regional News; Chicago | 2016-10-11; |Philadelphia Inquirer (1969-); Philadelphia | 2016-10-12; |Philadelphia Inquirer; Philadelphia, Pa. | 2016-11-01",
out_of_scope,"correctly extracted; the venue is not in this spine. A scope decision, not a correction",venue never matched the spine — not mappable,tenure,sp-0b7a063aca,Tennessee Department of Correction,TRICOR,? to 2016-10-01 [ended/lost_bid],"|The Daily News Journal; Murfreesboro, Tenn. | 2016-08-08; |The Tennessean; Nashville, Tenn. | 2016-08-08; |The Tennessean (1972-); Nashville | 2016-08-08",
out_of_scope,"correctly extracted; the venue is not in this spine. A scope decision, not a correction",venue never matched the spine — not mappable,tenure,sp-8bbe3b87a8,Tennessee Department of Correction,Aramark,2016-10-01 to ? [unknown],"|The Daily News Journal; Murfreesboro, Tenn. | 2016-08-08; |The Tennessean; Nashville, Tenn. | 2016-08-08; |News Sentinel; Knoxville, Tenn. | 2016-08-05; |The Leaf-Chronicle (1979-); Clarksville, Tennessee | 2016-08-08; |The Daily News-Journal (1931-); Murfreesboro, Tennessee | 2016-08-08; |The Tennessean (1972-); Nashville | 2016-08-08",
out_of_scope,"correctly extracted; the venue is not in this spine. A scope decision, not a correction",venue never matched the spine — not mappable,tenure,sp-01159e2c55,The Perch,Aramark,? to 2016-05-01 [ended/lost_bid],|University Wire; Carlsbad | 2016-10-06,
out_of_scope,"correctly extracted; the venue is not in this spine. A scope decision, not a correction",venue never matched the spine — not mappable,tenure,sp-1eec7daa4e,The Perch,Compass,2016-05-01 to ? [unknown],|University Wire; Carlsbad | 2016-10-06,
out_of_scope,"correctly extracted; the venue is not in this spine. A scope decision, not a correction",venue never matched the spine — not mappable,tenure,sp-c79a97a977,Tom Green County Jail,Aramark Correctional Services,? to ? [unknown],"|Standard Times; San Angelo | 2016-09-12; |Standard Times (1928-); San Angelo, Texas | 2016-09-12",
out_of_scope,"correctly extracted; the venue is not in this spine. A scope decision, not a correction",venue never matched the spine — not mappable,tenure,sp-4e73938c79,U of L,Aramark,2016-08-01 to ? [unknown],|University Wire; Carlsbad | 2016-09-03; |University Wire; Carlsbad | 2016-09-08,
out_of_scope,"correctly extracted; the venue is not in this spine. A scope decision, not a correction",venue never matched the spine — not mappable,tenure,sp-ec7fc6bc5c,U of L,Sodexo,? to ? [unknown],|University Wire; Carlsbad | 2016-09-08,
out_of_scope,"correctly extracted; the venue is not in this spine. A scope decision, not a correction",venue never matched the spine — not mappable,tenure,sp-030e9be7e6,UChicago Dining,Compass,? to ? [unknown],|University Wire; Carlsbad | 2016-10-18,
out_of_scope,"correctly extracted; the venue is not in this spine. A scope decision, not a correction",venue never matched the spine — not mappable,tenure,sp-c283a0a42a,UChicago Dining,Aramark,? to ? [unknown],|University Wire; Carlsbad | 2016-10-18,
out_of_scope,"correctly extracted; the venue is not in this spine. A scope decision, not a correction",venue never matched the spine — not mappable,tenure,sp-dd0f62a573,UK,Aramark,2014-01-01 to ? [unknown],"|University Wire; Carlsbad | 2016-10-05; |Courier - Journal; Louisville, Ky. | 2016-09-21; |The Courier-Journal (1923-); Louisville | 2016-09-21",
out_of_scope,"correctly extracted; the venue is not in this spine. A scope decision, not a correction",venue never matched the spine — not mappable,tenure,sp-4f2dacdf27,USCG Academy,Aramark,2016-09-15 to ? [unknown],"|Targeted News Service; Washington, D.C. | 2016-09-15",
out_of_scope,"correctly extracted; the venue is not in this spine. A scope decision, not a correction",venue never matched the spine — not mappable,tenure,sp-9c94113394,University of Chicago,Compass,2016-09-01 to ? [unknown],|University Wire; Carlsbad | 2016-10-26,
out_of_scope,"correctly extracted; the venue is not in this spine. A scope decision, not a correction",venue never matched the spine — not mappable,tenure,sp-f937662379,University of Chicago,Aramark,? to 2016-09-01 [ended/lost_bid],|University Wire; Carlsbad | 2016-10-26,
out_of_scope,"correctly extracted; the venue is not in this spine. A scope decision, not a correction",venue never matched the spine — not mappable,tenure,sp-336ee271ac,University of Maine System,Sodexo,2016-01-01 to ? [unknown],"|Portland Press Herald; Portland, Me. | 2016-10-23",
out_of_scope,"correctly extracted; the venue is not in this spine. A scope decision, not a correction",venue never matched the spine — not mappable,tenure,sp-5f97fcec32,University of Maine System,Aramark,? to 2016-01-01 [ended/lost_bid],"|Portland Press Herald; Portland, Me. | 2016-10-23",
out_of_scope,"correctly extracted; the venue is not in this spine. A scope decision, not a correction",venue never matched the spine — not mappable,tenure,sp-466064802c,University of Maine at Farmington,Sodexo,? to ? [unknown],"|TCA Regional News; Chicago | 2016-08-26; |Sun Journal; Lewiston, Me. | 2016-08-25",
out_of_scope,"correctly extracted; the venue is not in this spine. A scope decision, not a correction",venue never matched the spine — not mappable,tenure,sp-63a5025d7e,University of Maine at Farmington,Aramark,? to ? [unknown],"|TCA Regional News; Chicago | 2016-08-26; |Sun Journal; Lewiston, Me. | 2016-08-25",
out_of_scope,"correctly extracted; the venue is not in this spine. A scope decision, not a correction",venue never matched the spine — not mappable,tenure,sp-a2c0a068a7,University of New Orleans,Aramark,1999-01-01 to ? [unknown],|University Wire; Carlsbad | 2016-09-21,
out_of_scope,"correctly extracted; the venue is not in this spine. A scope decision, not a correction",venue never matched the spine — not mappable,tenure,sp-0f1a1f4f84,University of Toledo,Aramark,? to ? [unknown],"|The Blade; Toledo, Ohio | 2016-09-17; |TCA Regional News; Chicago | 2016-09-17; |US Fed News Service, Including US State News; Washington, D.C. | 2016-09-25",
out_of_scope,"correctly extracted; the venue is not in this spine. A scope decision, not a correction",venue never matched the spine — not mappable,tenure,sp-baaa5a1d9c,University of Toronto,University of Toronto,? to 2016-01-01 [ended/self_op_conversion],|Maclean's; Toronto | 2016-11-07,
out_of_scope,"correctly extracted; the venue is not in this spine. A scope decision, not a correction",venue never matched the spine — not mappable,tenure,sp-c915fdc455,University of Toronto,Aramark,? to 2016-01-01 [ended/lost_bid],|Maclean's; Toronto | 2016-11-07,
out_of_scope,"correctly extracted; the venue is not in this spine. A scope decision, not a correction",venue never matched the spine — not mappable,tenure,sp-43d5b1ead7,Vassar,Aramark,? to 2017-09-01 [ended/lost_bid],|University Wire; Carlsbad | 2016-10-26,
out_of_scope,"correctly extracted; the venue is not in this spine. A scope decision, not a correction",venue never matched the spine — not mappable,tenure,sp-6c383b6eb2,Vassar,Compass,2017-09-01 to ? [unknown],|University Wire; Carlsbad | 2016-10-26,
out_of_scope,"correctly extracted; the venue is not in this spine. A scope decision, not a correction",venue never matched the spine — not mappable,tenure,sp-1e382aabbc,Ville Grill,Sodexo,? to 2016-08-01 [ended/lost_bid],|University Wire; Carlsbad | 2016-09-03,
out_of_scope,"correctly extracted; the venue is not in this spine. A scope decision, not a correction",venue never matched the spine — not mappable,tenure,sp-8e2acc5ed1,Yosemite National Park,Aramark,? to ? [unknown],|Fair Disclosure Wire; Linthicum | 2016-08-10,
out_of_scope,"correctly extracted; the venue is not in this spine. A scope decision, not a correction",venue never matched the spine — not mappable,tenure,sp-465b90cf97,state prison,Aramark Correctional Services,? to 2015-08-01 [ended/lost_bid],"|Lansing State Journal (1980-); Lansing, Michigan | 2016-09-09",
out_of_scope,"correctly extracted; the venue is not in this spine. A scope decision, not a correction",venue never matched the spine — not mappable,tenure,sp-9be0178625,state prison,Trinity Services Group,2015-08-01 to ? [unknown],"|Lansing State Journal (1980-); Lansing, Michigan | 2016-09-09",
out_of_scope,"correctly extracted; the venue is not in this spine. A scope decision, not a correction",venue never matched the spine — not mappable,tenure,sp-851e0b233f,state prison properties,Trinity Services Group,2015-08-01 to ? [unknown],"|Lansing State Journal; Lansing, Mich. | 2016-09-09",
out_of_scope,"correctly extracted; the venue is not in this spine. A scope decision, not a correction",venue never matched the spine — not mappable,tenure,sp-bc7c796325,state prison properties,Aramark Correctional Services,2013-12-01 to 2015-08-01 [ended/lost_bid],"|Lansing State Journal; Lansing, Mich. | 2016-09-09",
out_of_scope,"correctly extracted; the venue is not in this spine. A scope decision, not a correction",venue never matched the spine — not mappable,tenure,sp-83d0427cad,the Deece,Aramark,? to 2017-01-01 [ended/lost_bid],|University Wire; Carlsbad | 2016-11-30,
out_of_scope,"correctly extracted; the venue is not in this spine. A scope decision, not a correction",venue never matched the spine — not mappable,tenure,sp-8d00ce937c,the Deece,Compass,2017-01-01 to ? [unknown],|University Wire; Carlsbad | 2016-11-30,
out_of_scope,"correctly extracted; the venue is not in this spine. A scope decision, not a correction",venue never matched the spine — not mappable,tenure,sp-af2aa847be,the department,Aramark,? to ? [unknown],|The Tennessean (1972-); Nashville | 2016-08-08,
out_of_scope,"correctly extracted; the venue is not in this spine. A scope decision, not a correction",venue never matched the spine — not mappable,tenure,sp-ddc534c181,the department,TRICOR,? to ? [unknown],|The Tennessean (1972-); Nashville | 2016-08-08,
out_of_scope,"correctly extracted; the venue is not in this spine. A scope decision, not a correction",venue never matched the spine — not mappable,tenure,sp-69033994eb,the university,Aramark,? to ? [unknown],|MENA Report; Camden | 2016-11-09,
corpus,"the source document is defective. Needs a better export or OCR, not a reviewer","article unusable: citation only: export declared a full-text section and supplied none (page scan — text is in an image, needs OCR)",article,articles/raw/usb-sept-2026/Aramark/ProQuestDocuments-2026-07-29 (1).rtf@0,,,"|Boston Globe (2008-); Boston, Massachusetts | / 2017-02-01 / ?",articles/raw/usb-sept-2026/Aramark/ProQuestDocuments-2026-07-29 (1).rtf,
corpus,"the source document is defective. Needs a better export or OCR, not a reviewer","article unusable: citation only: export declared a full-text section and supplied none (page scan — text is in an image, needs OCR)",article,articles/raw/usb-sept-2026/Aramark/ProQuestDocuments-2026-07-29 (1).rtf@1021002,,,|Chicago Tribune (2008-); Chicago | / 2016-12-05 / ?,articles/raw/usb-sept-2026/Aramark/ProQuestDocuments-2026-07-29 (1).rtf,
corpus,"the source document is defective. Needs a better export or OCR, not a reviewer","article unusable: citation only: export declared a full-text section and supplied none (page scan — text is in an image, needs OCR)",article,articles/raw/usb-sept-2026/Aramark/ProQuestDocuments-2026-07-29 (1).rtf@1046337,,,"|Des Moines Register (1871-); Des Moines, Iowa | / 2016-12-02 / ?",articles/raw/usb-sept-2026/Aramark/ProQuestDocuments-2026-07-29 (1).rtf,
corpus,"the source document is defective. Needs a better export or OCR, not a reviewer","article unusable: citation only: export declared a full-text section and supplied none (page scan — text is in an image, needs OCR)",article,articles/raw/usb-sept-2026/Aramark/ProQuestDocuments-2026-07-29 (1).rtf@1047279,,,"|Des Moines Register (1871-); Des Moines, Iowa | / 2016-12-02 / ?",articles/raw/usb-sept-2026/Aramark/ProQuestDocuments-2026-07-29 (1).rtf,
corpus,"the source document is defective. Needs a better export or OCR, not a reviewer","article unusable: citation only: export declared a full-text section and supplied none (page scan — text is in an image, needs OCR)",article,articles/raw/usb-sept-2026/Aramark/ProQuestDocuments-2026-07-29 (1).rtf@1066999,,,"|Boston Globe (2008-); Boston, Massachusetts | / 2016-11-29 / ?",articles/raw/usb-sept-2026/Aramark/ProQuestDocuments-2026-07-29 (1).rtf,
corpus,"the source document is defective. Needs a better export or OCR, not a reviewer","article unusable: citation only: export declared a full-text section and supplied none (page scan — text is in an image, needs OCR)",article,articles/raw/usb-sept-2026/Aramark/ProQuestDocuments-2026-07-29 (1).rtf@1075555,,,"|St. Lucie News Tribune (2009-); Fort Pierce, Florida | / 2016-11-28 / ?",articles/raw/usb-sept-2026/Aramark/ProQuestDocuments-2026-07-29 (1).rtf,
corpus,"the source document is defective. Needs a better export or OCR, not a reviewer","article unusable: citation only: export declared a full-text section and supplied none (page scan — text is in an image, needs OCR)",article,articles/raw/usb-sept-2026/Aramark/ProQuestDocuments-2026-07-29 (1).rtf@1076477,,,"|The Stuart News (1938-); Stuart, Florida | / 2016-11-28 / ?",articles/raw/usb-sept-2026/Aramark/ProQuestDocuments-2026-07-29 (1).rtf,
corpus,"the source document is defective. Needs a better export or OCR, not a reviewer","article unusable: citation only: export declared a full-text section and supplied none (page scan — text is in an image, needs OCR)",article,articles/raw/usb-sept-2026/Aramark/ProQuestDocuments-2026-07-29 (1).rtf@1077401,,,"|Indian River Press Journal (1991-); Vero Beach, Florida | / 2016-11-28 / ?",articles/raw/usb-sept-2026/Aramark/ProQuestDocuments-2026-07-29 (1).rtf,
corpus,"the source document is defective. Needs a better export or OCR, not a reviewer","article unusable: citation only: export declared a full-text section and supplied none (page scan — text is in an image, needs OCR)",article,articles/raw/usb-sept-2026/Aramark/ProQuestDocuments-2026-07-29 (1).rtf@1078338,,,|Chicago Tribune (2008-); Chicago | / 2016-11-28 / ?,articles/raw/usb-sept-2026/Aramark/ProQuestDocuments-2026-07-29 (1).rtf,
corpus,"the source document is defective. Needs a better export or OCR, not a reviewer","article unusable: citation only: export declared a full-text section and supplied none (page scan — text is in an image, needs OCR)",article,articles/raw/usb-sept-2026/Aramark/ProQuestDocuments-2026-07-29 (1).rtf@1087147,,,"|The Greenville News (1920-); Greenville, South Carolina | / 2016-11-27 / ?",articles/raw/usb-sept-2026/Aramark/ProQuestDocuments-2026-07-29 (1).rtf,
corpus,"the source document is defective. Needs a better export or OCR, not a reviewer","article unusable: citation only: export declared a full-text section and supplied none (page scan — text is in an image, needs OCR)",article,articles/raw/usb-sept-2026/Aramark/ProQuestDocuments-2026-07-29 (1).rtf@1088086,,,"|Green Bay Press Gazette (1915-); Green Bay, Wisconsin | / 2016-11-27 / ?",articles/raw/usb-sept-2026/Aramark/ProQuestDocuments-2026-07-29 (1).rtf,
corpus,"the source document is defective. Needs a better export or OCR, not a reviewer","article unusable: citation only: export declared a full-text section and supplied none (page scan — text is in an image, needs OCR)",article,articles/raw/usb-sept-2026/Aramark/ProQuestDocuments-2026-07-29 (1).rtf@1089033,,,"|Des Moines Register (1871-); Des Moines, Iowa | / 2016-11-23 / ?",articles/raw/usb-sept-2026/Aramark/ProQuestDocuments-2026-07-29 (1).rtf,
corpus,"the source document is defective. Needs a better export or OCR, not a reviewer","article unusable: citation only: export declared a full-text section and supplied none (page scan — text is in an image, needs OCR)",article,articles/raw/usb-sept-2026/Aramark/ProQuestDocuments-2026-07-29 (1).rtf@1089970,,,"|Des Moines Register (1871-); Des Moines, Iowa | / 2016-11-23 / ?",articles/raw/usb-sept-2026/Aramark/ProQuestDocuments-2026-07-29 (1).rtf,
corpus,"the source document is defective. Needs a better export or OCR, not a reviewer","article unusable: citation only: export declared a full-text section and supplied none (page scan — text is in an image, needs OCR)",article,articles/raw/usb-sept-2026/Aramark/ProQuestDocuments-2026-07-29 (1).rtf@1090904,,,"|El Paso Times (1921-); El Paso, Texas | / 2016-11-22 / ?",articles/raw/usb-sept-2026/Aramark/ProQuestDocuments-2026-07-29 (1).rtf,
corpus,"the source document is defective. Needs a better export or OCR, not a reviewer","article unusable: citation only: export declared a full-text section and supplied none (page scan — text is in an image, needs OCR)",article,articles/raw/usb-sept-2026/Aramark/ProQuestDocuments-2026-07-29 (1).rtf@1102968,,,"|Des Moines Register (1871-); Des Moines, Iowa | / 2016-11-18 / ?",articles/raw/usb-sept-2026/Aramark/ProQuestDocuments-2026-07-29 (1).rtf,
corpus,"the source document is defective. Needs a better export or OCR, not a reviewer","article unusable: citation only: export declared a full-text section and supplied none (page scan — text is in an image, needs OCR)",article,articles/raw/usb-sept-2026/Aramark/ProQuestDocuments-2026-07-29 (1).rtf@1103914,,,"|Des Moines Register (1871-); Des Moines, Iowa | / 2016-11-18 / ?",articles/raw/usb-sept-2026/Aramark/ProQuestDocuments-2026-07-29 (1).rtf,
corpus,"the source document is defective. Needs a better export or OCR, not a reviewer","article unusable: citation only: export declared a full-text section and supplied none (page scan — text is in an image, needs OCR)",article,articles/raw/usb-sept-2026/Aramark/ProQuestDocuments-2026-07-29 (1).rtf@1116906,,,"|Albuquerque Journal (1926-); Albuquerque, New Mexico | / 2016-11-17 / ?",articles/raw/usb-sept-2026/Aramark/ProQuestDocuments-2026-07-29 (1).rtf,
corpus,"the source document is defective. Needs a better export or OCR, not a reviewer","article unusable: citation only: export declared a full-text section and supplied none (page scan — text is in an image, needs OCR)",article,articles/raw/usb-sept-2026/Aramark/ProQuestDocuments-2026-07-29 (1).rtf@1124060,,,"|The News-Star (2001-); Monroe, Louisiana | / 2016-11-16 / ?",articles/raw/usb-sept-2026/Aramark/ProQuestDocuments-2026-07-29 (1).rtf,
corpus,"the source document is defective. Needs a better export or OCR, not a reviewer","article unusable: citation only: export declared a full-text section and supplied none (page scan — text is in an image, needs OCR)",article,articles/raw/usb-sept-2026/Aramark/ProQuestDocuments-2026-07-29 (1).rtf@1125009,,,"|The Knoxville News-Sentinel (1926-); Knoxville, Tennessee | / 2016-11-16 / ?",articles/raw/usb-sept-2026/Aramark/ProQuestDocuments-2026-07-29 (1).rtf,
corpus,"the source document is defective. Needs a better export or OCR, not a reviewer","article unusable: citation only: export declared a full-text section and supplied none (page scan — text is in an image, needs OCR)",article,articles/raw/usb-sept-2026/Aramark/ProQuestDocuments-2026-07-29 (1).rtf@1125959,,,|Philadelphia Inquirer (1969-); Philadelphia | / 2016-11-16 / ?,articles/raw/usb-sept-2026/Aramark/ProQuestDocuments-2026-07-29 (1).rtf,
corpus,"the source document is defective. Needs a better export or OCR, not a reviewer","article unusable: citation only: export declared a full-text section and supplied none (page scan — text is in an image, needs OCR)",article,articles/raw/usb-sept-2026/Aramark/ProQuestDocuments-2026-07-29 (1).rtf@123993,,,"|Albuquerque Journal (1926-); Albuquerque, New Mexico | / 2017-01-26 / ?",articles/raw/usb-sept-2026/Aramark/ProQuestDocuments-2026-07-29 (1).rtf,
corpus,"the source document is defective. Needs a better export or OCR, not a reviewer","article unusable: citation only: export declared a full-text section and supplied none (page scan — text is in an image, needs OCR)",article,articles/raw/usb-sept-2026/Aramark/ProQuestDocuments-2026-07-29 (1).rtf@1244013,,,"|Fort Myers News-Press (1931-); Fort Myers, Florida | / 2016-11-14 / ?",articles/raw/usb-sept-2026/Aramark/ProQuestDocuments-2026-07-29 (1).rtf,
corpus,"the source document is defective. Needs a better export or OCR, not a reviewer","article unusable: citation only: export declared a full-text section and supplied none (page scan — text is in an image, needs OCR)",article,articles/raw/usb-sept-2026/Aramark/ProQuestDocuments-2026-07-29 (1).rtf@1263381,,,|Philadelphia Inquirer (1969-); Philadelphia | / 2016-11-13 / ?,articles/raw/usb-sept-2026/Aramark/ProQuestDocuments-2026-07-29 (1).rtf,
corpus,"the source document is defective. Needs a better export or OCR, not a reviewer","article unusable: citation only: export declared a full-text section and supplied none (page scan — text is in an image, needs OCR)",article,articles/raw/usb-sept-2026/Aramark/ProQuestDocuments-2026-07-29 (1).rtf@1270824,,,"|The Knoxville News-Sentinel (1926-); Knoxville, Tennessee | / 2016-11-11 / ?",articles/raw/usb-sept-2026/Aramark/ProQuestDocuments-2026-07-29 (1).rtf,
corpus,"the source document is defective. Needs a better export or OCR, not a reviewer","article unusable: citation only: export declared a full-text section and supplied none (page scan — text is in an image, needs OCR)",article,articles/raw/usb-sept-2026/Aramark/ProQuestDocuments-2026-07-29 (1).rtf@127885,,,"|Des Moines Register (1871-); Des Moines, Iowa | / 2017-01-25 / ?",articles/raw/usb-sept-2026/Aramark/ProQuestDocuments-2026-07-29 (1).rtf,
corpus,"the source document is defective. Needs a better export or OCR, not a reviewer","article unusable: citation only: export declared a full-text section and supplied none (page scan — text is in an image, needs OCR)",article,articles/raw/usb-sept-2026/Aramark/ProQuestDocuments-2026-07-29 (1).rtf@1295640,,,"|The Knoxville News-Sentinel (1926-); Knoxville, Tennessee | / 2016-11-09 / ?",articles/raw/usb-sept-2026/Aramark/ProQuestDocuments-2026-07-29 (1).rtf,
corpus,"the source document is defective. Needs a better export or OCR, not a reviewer","article unusable: citation only: export declared a full-text section and supplied none (page scan — text is in an image, needs OCR)",article,articles/raw/usb-sept-2026/Aramark/ProQuestDocuments-2026-07-29 (1).rtf@1306000,,,|Philadelphia Inquirer (1969-); Philadelphia | / 2016-11-07 / ?,articles/raw/usb-sept-2026/Aramark/ProQuestDocuments-2026-07-29 (1).rtf,
corpus,"the source document is defective. Needs a better export or OCR, not a reviewer","article unusable: citation only: export declared a full-text section and supplied none (page scan — text is in an image, needs OCR)",article,articles/raw/usb-sept-2026/Aramark/ProQuestDocuments-2026-07-29 (1).rtf@1306973,,,|Philadelphia Inquirer (1969-); Philadelphia | / 2016-11-07 / ?,articles/raw/usb-sept-2026/Aramark/ProQuestDocuments-2026-07-29 (1).rtf,
corpus,"the source document is defective. Needs a better export or OCR, not a reviewer","article unusable: citation only: export declared a full-text section and supplied none (page scan — text is in an image, needs OCR)",article,articles/raw/usb-sept-2026/Aramark/ProQuestDocuments-2026-07-29 (1).rtf@1320496,,,"|Times Record News (1987-); Wichita Falls, Texas | / 2016-11-06 / ?",articles/raw/usb-sept-2026/Aramark/ProQuestDocuments-2026-07-29 (1).rtf,
corpus,"the source document is defective. Needs a better export or OCR, not a reviewer","article unusable: citation only: export declared a full-text section and supplied none (page scan — text is in an image, needs OCR)",article,articles/raw/usb-sept-2026/Aramark/ProQuestDocuments-2026-07-29 (1).rtf@1321444,,,"|The Knoxville News-Sentinel (1926-); Knoxville, Tennessee | / 2016-11-04 / ?",articles/raw/usb-sept-2026/Aramark/ProQuestDocuments-2026-07-29 (1).rtf,
corpus,"the source document is defective. Needs a better export or OCR, not a reviewer","article unusable: citation only: export declared a full-text section and supplied none (page scan — text is in an image, needs OCR)",article,articles/raw/usb-sept-2026/Aramark/ProQuestDocuments-2026-07-29 (1).rtf@1322390,,,"|The Knoxville News-Sentinel (1926-); Knoxville, Tennessee | / 2016-11-04 / ?",articles/raw/usb-sept-2026/Aramark/ProQuestDocuments-2026-07-29 (1).rtf,
corpus,"the source document is defective. Needs a better export or OCR, not a reviewer","article unusable: citation only: export declared a full-text section and supplied none (page scan — text is in an image, needs OCR)",article,articles/raw/usb-sept-2026/Aramark/ProQuestDocuments-2026-07-29 (1).rtf@1323336,,,"|Des Moines Register (1871-); Des Moines, Iowa | / 2016-11-04 / ?",articles/raw/usb-sept-2026/Aramark/ProQuestDocuments-2026-07-29 (1).rtf,
corpus,"the source document is defective. Needs a better export or OCR, not a reviewer","article unusable: citation only: export declared a full-text section and supplied none (page scan — text is in an image, needs OCR)",article,articles/raw/usb-sept-2026/Aramark/ProQuestDocuments-2026-07-29 (1).rtf@1350161,,,"|Philadelphia Daily News (1960-); Philadelphia, Pennsylvania | / 2016-11-03 / ?",articles/raw/usb-sept-2026/Aramark/ProQuestDocuments-2026-07-29 (1).rtf,
corpus,"the source document is defective. Needs a better export or OCR, not a reviewer","article unusable: citation only: export declared a full-text section and supplied none (page scan — text is in an image, needs OCR)",article,articles/raw/usb-sept-2026/Aramark/ProQuestDocuments-2026-07-29 (1).rtf@1351140,,,"|The Hartford Courant (2008-); Hartford, Connecticut | / 2016-11-03 / ?",articles/raw/usb-sept-2026/Aramark/ProQuestDocuments-2026-07-29 (1).rtf,
corpus,"the source document is defective. Needs a better export or OCR, not a reviewer","article unusable: citation only: export declared a full-text section and supplied none (page scan — text is in an image, needs OCR)",article,articles/raw/usb-sept-2026/Aramark/ProQuestDocuments-2026-07-29 (1).rtf@1352107,,,"|The Hartford Courant (2008-); Hartford, Connecticut | / 2016-11-03 / ?",articles/raw/usb-sept-2026/Aramark/ProQuestDocuments-2026-07-29 (1).rtf,
corpus,"the source document is defective. Needs a better export or OCR, not a reviewer","article unusable: citation only: export declared a full-text section and supplied none (page scan — text is in an image, needs OCR)",article,articles/raw/usb-sept-2026/Aramark/ProQuestDocuments-2026-07-29 (1).rtf@1353078,,,|Star Tribune (1987-); Minneapolis | / 2016-11-03 / ?,articles/raw/usb-sept-2026/Aramark/ProQuestDocuments-2026-07-29 (1).rtf,
corpus,"the source document is defective. Needs a better export or OCR, not a reviewer","article unusable: citation only: export declared a full-text section and supplied none (page scan — text is in an image, needs OCR)",article,articles/raw/usb-sept-2026/Aramark/ProQuestDocuments-2026-07-29 (1).rtf@1416189,,,|Star Tribune (1987-); Minneapolis | / 2016-11-02 / ?,articles/raw/usb-sept-2026/Aramark/ProQuestDocuments-2026-07-29 (1).rtf,
corpus,"the source document is defective. Needs a better export or OCR, not a reviewer","article unusable: citation only: export declared a full-text section and supplied none (page scan — text is in an image, needs OCR)",article,articles/raw/usb-sept-2026/Aramark/ProQuestDocuments-2026-07-29 (1).rtf@1496281,,,|Philadelphia Inquirer (1969-); Philadelphia | / 2016-11-01 / ?,articles/raw/usb-sept-2026/Aramark/ProQuestDocuments-2026-07-29 (1).rtf,
corpus,"the source document is defective. Needs a better export or OCR, not a reviewer","article unusable: citation only: export declared a full-text section and supplied none (page scan — text is in an image, needs OCR)",article,articles/raw/usb-sept-2026/Aramark/ProQuestDocuments-2026-07-29 (1).rtf@1527431,,,"|The Knoxville News-Sentinel (1926-); Knoxville, Tennessee | / 2016-10-29 / ?",articles/raw/usb-sept-2026/Aramark/ProQuestDocuments-2026-07-29 (1).rtf,
corpus,"the source document is defective. Needs a better export or OCR, not a reviewer","article unusable: citation only: export declared a full-text section and supplied none (page scan — text is in an image, needs OCR)",article,articles/raw/usb-sept-2026/Aramark/ProQuestDocuments-2026-07-29 (1).rtf@1564094,,,"|The Gleaner (2012-); Henderson, Kentucky | / 2016-10-25 / ?",articles/raw/usb-sept-2026/Aramark/ProQuestDocuments-2026-07-29 (1).rtf,
corpus,"the source document is defective. Needs a better export or OCR, not a reviewer","article unusable: citation only: export declared a full-text section and supplied none (page scan — text is in an image, needs OCR)",article,articles/raw/usb-sept-2026/Aramark/ProQuestDocuments-2026-07-29 (1).rtf@1656192,,,"|Philadelphia Daily News (1960-); Philadelphia, Pennsylvania | / 2016-10-20 / ?",articles/raw/usb-sept-2026/Aramark/ProQuestDocuments-2026-07-29 (1).rtf,
corpus,"the source document is defective. Needs a better export or OCR, not a reviewer","article unusable: citation only: export declared a full-text section and supplied none (page scan — text is in an image, needs OCR)",article,articles/raw/usb-sept-2026/Aramark/ProQuestDocuments-2026-07-29 (1).rtf@167228,,,|Battle Creek Enquirer (1983-); Battle Creek. Michigan | / 2017-01-22 / ?,articles/raw/usb-sept-2026/Aramark/ProQuestDocuments-2026-07-29 (1).rtf,
corpus,"the source document is defective. Needs a better export or OCR, not a reviewer","article unusable: citation only: export declared a full-text section and supplied none (page scan — text is in an image, needs OCR)",article,articles/raw/usb-sept-2026/Aramark/ProQuestDocuments-2026-07-29 (1).rtf@168175,,,"|The Times Herald (1970-); Port Huron, Michigan | / 2017-01-21 / ?",articles/raw/usb-sept-2026/Aramark/ProQuestDocuments-2026-07-29 (1).rtf,
corpus,"the source document is defective. Needs a better export or OCR, not a reviewer","article unusable: citation only: export declared a full-text section and supplied none (page scan — text is in an image, needs OCR)",article,articles/raw/usb-sept-2026/Aramark/ProQuestDocuments-2026-07-29 (1).rtf@169112,,,"|Lansing State Journal (1980-); Lansing, Michigan | / 2017-01-21 / ?",articles/raw/usb-sept-2026/Aramark/ProQuestDocuments-2026-07-29 (1).rtf,
corpus,"the source document is defective. Needs a better export or OCR, not a reviewer","article unusable: citation only: export declared a full-text section and supplied none (page scan — text is in an image, needs OCR)",article,articles/raw/usb-sept-2026/Aramark/ProQuestDocuments-2026-07-29 (1).rtf@170068,,,"|Lansing State Journal (1980-); Lansing, Michigan | / 2017-01-21 / ?",articles/raw/usb-sept-2026/Aramark/ProQuestDocuments-2026-07-29 (1).rtf,
corpus,"the source document is defective. Needs a better export or OCR, not a reviewer","article unusable: citation only: export declared a full-text section and supplied none (page scan — text is in an image, needs OCR)",article,articles/raw/usb-sept-2026/Aramark/ProQuestDocuments-2026-07-29 (1).rtf@171024,,,"|Detroit Free Press (1923-), General edition; Detroit | / 2017-01-21 / ?",articles/raw/usb-sept-2026/Aramark/ProQuestDocuments-2026-07-29 (1).rtf,
corpus,"the source document is defective. Needs a better export or OCR, not a reviewer","article unusable: citation only: export declared a full-text section and supplied none (page scan — text is in an image, needs OCR)",article,articles/raw/usb-sept-2026/Aramark/ProQuestDocuments-2026-07-29 (1).rtf@1716142,,,"|The Reporter (1977-); Fond du Lac, Wisconsin | / 2016-10-16 / ?",articles/raw/usb-sept-2026/Aramark/ProQuestDocuments-2026-07-29 (1).rtf,
corpus,"the source document is defective. Needs a better export or OCR, not a reviewer","article unusable: citation only: export declared a full-text section and supplied none (page scan — text is in an image, needs OCR)",article,articles/raw/usb-sept-2026/Aramark/ProQuestDocuments-2026-07-29 (1).rtf@1728556,,,"|The Daily Advertiser (1914-); Lafayette, Louisiana | / 2016-10-15 / ?",articles/raw/usb-sept-2026/Aramark/ProQuestDocuments-2026-07-29 (1).rtf,
corpus,"the source document is defective. Needs a better export or OCR, not a reviewer","article unusable: citation only: export declared a full-text section and supplied none (page scan — text is in an image, needs OCR)",article,articles/raw/usb-sept-2026/Aramark/ProQuestDocuments-2026-07-29 (1).rtf@1729465,,,"|The Daily Advertiser (1914-); Lafayette, Louisiana | / 2016-10-15 / ?",articles/raw/usb-sept-2026/Aramark/ProQuestDocuments-2026-07-29 (1).rtf,
corpus,"the source document is defective. Needs a better export or OCR, not a reviewer","article unusable: citation only: export declared a full-text section and supplied none (page scan — text is in an image, needs OCR)",article,articles/raw/usb-sept-2026/Aramark/ProQuestDocuments-2026-07-29 (1).rtf@1730374,,,"|The Knoxville News-Sentinel (1926-); Knoxville, Tennessee | / 2016-10-15 / ?",articles/raw/usb-sept-2026/Aramark/ProQuestDocuments-2026-07-29 (1).rtf,
corpus,"the source document is defective. Needs a better export or OCR, not a reviewer","article unusable: citation only: export declared a full-text section and supplied none (page scan — text is in an image, needs OCR)",article,articles/raw/usb-sept-2026/Aramark/ProQuestDocuments-2026-07-29 (1).rtf@1741608,,,"|The Knoxville News-Sentinel (1926-); Knoxville, Tennessee | / 2016-10-14 / ?",articles/raw/usb-sept-2026/Aramark/ProQuestDocuments-2026-07-29 (1).rtf,
corpus,"the source document is defective. Needs a better export or OCR, not a reviewer","article unusable: citation only: export declared a full-text section and supplied none (page scan — text is in an image, needs OCR)",article,articles/raw/usb-sept-2026/Aramark/ProQuestDocuments-2026-07-29 (1).rtf@176571,,,"|Chillicothe Gazette (1940-); Chillicothe, Ohio | / 2017-01-19 / ?",articles/raw/usb-sept-2026/Aramark/ProQuestDocuments-2026-07-29 (1).rtf,
corpus,"the source document is defective. Needs a better export or OCR, not a reviewer","article unusable: citation only: export declared a full-text section and supplied none (page scan — text is in an image, needs OCR)",article,articles/raw/usb-sept-2026/Aramark/ProQuestDocuments-2026-07-29 (1).rtf@182579,,,"|Windsor Star (1959-); Windsor, Ontario | / 2017-01-18 / ?",articles/raw/usb-sept-2026/Aramark/ProQuestDocuments-2026-07-29 (1).rtf,
corpus,"the source document is defective. Needs a better export or OCR, not a reviewer","article unusable: citation only: export declared a full-text section and supplied none (page scan — text is in an image, needs OCR)",article,articles/raw/usb-sept-2026/Aramark/ProQuestDocuments-2026-07-29 (1).rtf@1854549,,,|Philadelphia Inquirer (1969-); Philadelphia | / 2016-10-12 / ?,articles/raw/usb-sept-2026/Aramark/ProQuestDocuments-2026-07-29 (1).rtf,
corpus,"the source document is defective. Needs a better export or OCR, not a reviewer","article unusable: citation only: export declared a full-text section and supplied none (page scan — text is in an image, needs OCR)",article,articles/raw/usb-sept-2026/Aramark/ProQuestDocuments-2026-07-29 (1).rtf@1857547,,,"|The Daily Advertiser (1914-); Lafayette, Louisiana | / 2016-10-11 / ?",articles/raw/usb-sept-2026/Aramark/ProQuestDocuments-2026-07-29 (1).rtf,
corpus,"the source document is defective. Needs a better export or OCR, not a reviewer","article unusable: citation only: export declared a full-text section and supplied none (page scan — text is in an image, needs OCR)",article,articles/raw/usb-sept-2026/Aramark/ProQuestDocuments-2026-07-29 (1).rtf@1881186,,,|Indianapolis Star (1923-); Indianapolis | / 2016-10-08 / ?,articles/raw/usb-sept-2026/Aramark/ProQuestDocuments-2026-07-29 (1).rtf,
corpus,"the source document is defective. Needs a better export or OCR, not a reviewer","article unusable: citation only: export declared a full-text section and supplied none (page scan — text is in an image, needs OCR)",article,articles/raw/usb-sept-2026/Aramark/ProQuestDocuments-2026-07-29 (1).rtf@1882138,,,"|Newsday (2010-), Nassau ed.; Long Island, New York | / 2016-10-07 / ?",articles/raw/usb-sept-2026/Aramark/ProQuestDocuments-2026-07-29 (1).rtf,
corpus,"the source document is defective. Needs a better export or OCR, not a reviewer","article unusable: citation only: export declared a full-text section and supplied none (page scan — text is in an image, needs OCR)",article,articles/raw/usb-sept-2026/Aramark/ProQuestDocuments-2026-07-29 (1).rtf@188767,,,"|Windsor Star (1959-); Windsor, Ontario | / 2017-01-17 / ?",articles/raw/usb-sept-2026/Aramark/ProQuestDocuments-2026-07-29 (1).rtf,
corpus,"the source document is defective. Needs a better export or OCR, not a reviewer","article unusable: citation only: export declared a full-text section and supplied none (page scan — text is in an image, needs OCR)",article,articles/raw/usb-sept-2026/Aramark/ProQuestDocuments-2026-07-29 (1).rtf@1932797,,,"|Honolulu Star-Advertiser (2010-2025); Honolulu, Hawaii | / 2016-10-05 / ?",articles/raw/usb-sept-2026/Aramark/ProQuestDocuments-2026-07-29 (1).rtf,
corpus,"the source document is defective. Needs a better export or OCR, not a reviewer","article unusable: citation only: export declared a full-text section and supplied none (page scan — text is in an image, needs OCR)",article,articles/raw/usb-sept-2026/Aramark/ProQuestDocuments-2026-07-29 (1).rtf@1958789,,,"|Edmonton Journal (1911-); Edmonton, Canada | / 2016-10-03 / ?",articles/raw/usb-sept-2026/Aramark/ProQuestDocuments-2026-07-29 (1).rtf,
corpus,"the source document is defective. Needs a better export or OCR, not a reviewer","article unusable: citation only: export declared a full-text section and supplied none (page scan — text is in an image, needs OCR)",article,articles/raw/usb-sept-2026/Aramark/ProQuestDocuments-2026-07-29 (1).rtf@1976894,,,|The Tennessean (1972-); Nashville | / 2016-10-02 / ?,articles/raw/usb-sept-2026/Aramark/ProQuestDocuments-2026-07-29 (1).rtf,
corpus,"the source document is defective. Needs a better export or OCR, not a reviewer","article unusable: citation only: export declared a full-text section and supplied none (page scan — text is in an image, needs OCR)",article,articles/raw/usb-sept-2026/Aramark/ProQuestDocuments-2026-07-29 (1).rtf@1980697,,,"|Des Moines Register (1871-); Des Moines, Iowa | / 2016-10-01 / ?",articles/raw/usb-sept-2026/Aramark/ProQuestDocuments-2026-07-29 (1).rtf,
corpus,"the source document is defective. Needs a better export or OCR, not a reviewer","article unusable: citation only: export declared a full-text section and supplied none (page scan — text is in an image, needs OCR)",article,articles/raw/usb-sept-2026/Aramark/ProQuestDocuments-2026-07-29 (1).rtf@1989595,,,"|Des Moines Register (1871-); Des Moines, Iowa | / 2016-09-30 / ?",articles/raw/usb-sept-2026/Aramark/ProQuestDocuments-2026-07-29 (1).rtf,
corpus,"the source document is defective. Needs a better export or OCR, not a reviewer","article unusable: citation only: export declared a full-text section and supplied none (page scan — text is in an image, needs OCR)",article,articles/raw/usb-sept-2026/Aramark/ProQuestDocuments-2026-07-29 (1).rtf@1990539,,,"|Des Moines Register (1871-); Des Moines, Iowa | / 2016-09-30 / ?",articles/raw/usb-sept-2026/Aramark/ProQuestDocuments-2026-07-29 (1).rtf,
corpus,"the source document is defective. Needs a better export or OCR, not a reviewer","article unusable: citation only: export declared a full-text section and supplied none (page scan — text is in an image, needs OCR)",article,articles/raw/usb-sept-2026/Aramark/ProQuestDocuments-2026-07-29 (1).rtf@1991486,,,|Star Tribune (1987-); Minneapolis | / 2016-09-30 / ?,articles/raw/usb-sept-2026/Aramark/ProQuestDocuments-2026-07-29 (1).rtf,
corpus,"the source document is defective. Needs a better export or OCR, not a reviewer","article unusable: citation only: export declared a full-text section and supplied none (page scan — text is in an image, needs OCR)",article,articles/raw/usb-sept-2026/Aramark/ProQuestDocuments-2026-07-29 (1).rtf@1992436,,,|Courier - Post (1949-); Cherry Hill | / 2016-09-29 / ?,articles/raw/usb-sept-2026/Aramark/ProQuestDocuments-2026-07-29 (1).rtf,
corpus,"the source document is defective. Needs a better export or OCR, not a reviewer","article unusable: citation only: export declared a full-text section and supplied none (page scan — text is in an image, needs OCR)",article,articles/raw/usb-sept-2026/Aramark/ProQuestDocuments-2026-07-29 (1).rtf@1997877,,,|Philadelphia Inquirer (1969-); Philadelphia | / 2016-09-28 / ?,articles/raw/usb-sept-2026/Aramark/ProQuestDocuments-2026-07-29 (1).rtf,
corpus,"the source document is defective. Needs a better export or OCR, not a reviewer","article unusable: citation only: export declared a full-text section and supplied none (page scan — text is in an image, needs OCR)",article,articles/raw/usb-sept-2026/Aramark/ProQuestDocuments-2026-07-29 (1).rtf@2032234,,,"|The Springfield News-Leader (1991-); Springfield, Missouri | / 2016-09-25 / ?",articles/raw/usb-sept-2026/Aramark/ProQuestDocuments-2026-07-29 (1).rtf,
corpus,"the source document is defective. Needs a better export or OCR, not a reviewer","article unusable: citation only: export declared a full-text section and supplied none (page scan — text is in an image, needs OCR)",article,articles/raw/usb-sept-2026/Aramark/ProQuestDocuments-2026-07-29 (1).rtf@205468,,,|Courier - Post (1949-); Cherry Hill | / 2017-01-16 / ?,articles/raw/usb-sept-2026/Aramark/ProQuestDocuments-2026-07-29 (1).rtf,
corpus,"the source document is defective. Needs a better export or OCR, not a reviewer","article unusable: citation only: export declared a full-text section and supplied none (page scan — text is in an image, needs OCR)",article,articles/raw/usb-sept-2026/Aramark/ProQuestDocuments-2026-07-29 (1).rtf@206405,,,|Philadelphia Inquirer (1969-); Philadelphia | / 2017-01-16 / ?,articles/raw/usb-sept-2026/Aramark/ProQuestDocuments-2026-07-29 (1).rtf,
corpus,"the source document is defective. Needs a better export or OCR, not a reviewer","article unusable: citation only: export declared a full-text section and supplied none (page scan — text is in an image, needs OCR)",article,articles/raw/usb-sept-2026/Aramark/ProQuestDocuments-2026-07-29 (1).rtf@2070101,,,"|Des Moines Register (1871-); Des Moines, Iowa | / 2016-09-21 / ?",articles/raw/usb-sept-2026/Aramark/ProQuestDocuments-2026-07-29 (1).rtf,
corpus,"the source document is defective. Needs a better export or OCR, not a reviewer","article unusable: citation only: export declared a full-text section and supplied none (page scan — text is in an image, needs OCR)",article,articles/raw/usb-sept-2026/Aramark/ProQuestDocuments-2026-07-29 (1).rtf@2071039,,,|The Courier-Journal (1923-); Louisville | / 2016-09-21 / ?,articles/raw/usb-sept-2026/Aramark/ProQuestDocuments-2026-07-29 (1).rtf,
corpus,"the source document is defective. Needs a better export or OCR, not a reviewer","article unusable: citation only: export declared a full-text section and supplied none (page scan — text is in an image, needs OCR)",article,articles/raw/usb-sept-2026/Aramark/ProQuestDocuments-2026-07-29 (1).rtf@2071961,,,"|Wall Street Journal (2008-), Eastern Edition; New York | / 2016-09-21 / ?",articles/raw/usb-sept-2026/Aramark/ProQuestDocuments-2026-07-29 (1).rtf,
corpus,"the source document is defective. Needs a better export or OCR, not a reviewer","article unusable: citation only: export declared a full-text section and supplied none (page scan — text is in an image, needs OCR)",article,articles/raw/usb-sept-2026/Aramark/ProQuestDocuments-2026-07-29 (1).rtf@207379,,,|Philadelphia Inquirer (1969-); Philadelphia | / 2017-01-16 / ?,articles/raw/usb-sept-2026/Aramark/ProQuestDocuments-2026-07-29 (1).rtf,
corpus,"the source document is defective. Needs a better export or OCR, not a reviewer","article unusable: citation only: export declared a full-text section and supplied none (page scan — text is in an image, needs OCR)",article,articles/raw/usb-sept-2026/Aramark/ProQuestDocuments-2026-07-29 (1).rtf@208351,,,"|Windsor Star (1959-); Windsor, Ontario | / 2017-01-14 / ?",articles/raw/usb-sept-2026/Aramark/ProQuestDocuments-2026-07-29 (1).rtf,
corpus,"the source document is defective. Needs a better export or OCR, not a reviewer","article unusable: citation only: export declared a full-text section and supplied none (page scan — text is in an image, needs OCR)",article,articles/raw/usb-sept-2026/Aramark/ProQuestDocuments-2026-07-29 (1).rtf@209267,,,"|Windsor Star (1959-); Windsor, Ontario | / 2017-01-13 / ?",articles/raw/usb-sept-2026/Aramark/ProQuestDocuments-2026-07-29 (1).rtf,
corpus,"the source document is defective. Needs a better export or OCR, not a reviewer","article unusable: citation only: export declared a full-text section and supplied none (page scan — text is in an image, needs OCR)",article,articles/raw/usb-sept-2026/Aramark/ProQuestDocuments-2026-07-29 (1).rtf@210183,,,"|Windsor Star (1959-); Windsor, Ontario | / 2017-01-13 / ?",articles/raw/usb-sept-2026/Aramark/ProQuestDocuments-2026-07-29 (1).rtf,
corpus,"the source document is defective. Needs a better export or OCR, not a reviewer","article unusable: citation only: export declared a full-text section and supplied none (page scan — text is in an image, needs OCR)",article,articles/raw/usb-sept-2026/Aramark/ProQuestDocuments-2026-07-29 (1).rtf@2122879,,,|The Tennessean (1972-); Nashville | / 2016-09-18 / ?,articles/raw/usb-sept-2026/Aramark/ProQuestDocuments-2026-07-29 (1).rtf,
corpus,"the source document is defective. Needs a better export or OCR, not a reviewer","article unusable: citation only: export declared a full-text section and supplied none (page scan — text is in an image, needs OCR)",article,articles/raw/usb-sept-2026/Aramark/ProQuestDocuments-2026-07-29 (1).rtf@2123816,,,"|The Knoxville News-Sentinel (1926-); Knoxville, Tennessee | / 2016-09-17 / ?",articles/raw/usb-sept-2026/Aramark/ProQuestDocuments-2026-07-29 (1).rtf,
corpus,"the source document is defective. Needs a better export or OCR, not a reviewer","article unusable: citation only: export declared a full-text section and supplied none (page scan — text is in an image, needs OCR)",article,articles/raw/usb-sept-2026/Aramark/ProQuestDocuments-2026-07-29 (1).rtf@2137037,,,"|The Knoxville News-Sentinel (1926-); Knoxville, Tennessee | / 2016-09-16 / ?",articles/raw/usb-sept-2026/Aramark/ProQuestDocuments-2026-07-29 (1).rtf,
corpus,"the source document is defective. Needs a better export or OCR, not a reviewer","article unusable: citation only: export declared a full-text section and supplied none (page scan — text is in an image, needs OCR)",article,articles/raw/usb-sept-2026/Aramark/ProQuestDocuments-2026-07-29 (1).rtf@2137981,,,|Pittsburgh Post-Gazette (1927-); Pittsburgh | / 2016-09-16 / ?,articles/raw/usb-sept-2026/Aramark/ProQuestDocuments-2026-07-29 (1).rtf,
corpus,"the source document is defective. Needs a better export or OCR, not a reviewer","article unusable: citation only: export declared a full-text section and supplied none (page scan — text is in an image, needs OCR)",article,articles/raw/usb-sept-2026/Aramark/ProQuestDocuments-2026-07-29 (1).rtf@217618,,,"|The Record (1960-); Hackensack, New Jersey | / 2017-01-12 / ?",articles/raw/usb-sept-2026/Aramark/ProQuestDocuments-2026-07-29 (1).rtf,
corpus,"the source document is defective. Needs a better export or OCR, not a reviewer","article unusable: citation only: export declared a full-text section and supplied none (page scan — text is in an image, needs OCR)",article,articles/raw/usb-sept-2026/Aramark/ProQuestDocuments-2026-07-29 (1).rtf@218554,,,"|The Record (1960-); Hackensack, New Jersey | / 2017-01-12 / ?",articles/raw/usb-sept-2026/Aramark/ProQuestDocuments-2026-07-29 (1).rtf,
corpus,"the source document is defective. Needs a better export or OCR, not a reviewer","article unusable: citation only: export declared a full-text section and supplied none (page scan — text is in an image, needs OCR)",article,articles/raw/usb-sept-2026/Aramark/ProQuestDocuments-2026-07-29 (1).rtf@219502,,,"|The North Jersey Herald & News (1987-); Passaic, New Jersey | / 2017-01-12 / ?",articles/raw/usb-sept-2026/Aramark/ProQuestDocuments-2026-07-29 (1).rtf,
corpus,"the source document is defective. Needs a better export or OCR, not a reviewer","article unusable: citation only: export declared a full-text section and supplied none (page scan — text is in an image, needs OCR)",article,articles/raw/usb-sept-2026/Aramark/ProQuestDocuments-2026-07-29 (1).rtf@2230985,,,"|The Daily Journal (1988-); Millville, New Jersey | / 2016-09-14 / ?",articles/raw/usb-sept-2026/Aramark/ProQuestDocuments-2026-07-29 (1).rtf,
corpus,"the source document is defective. Needs a better export or OCR, not a reviewer","article unusable: citation only: export declared a full-text section and supplied none (page scan — text is in an image, needs OCR)",article,articles/raw/usb-sept-2026/Aramark/ProQuestDocuments-2026-07-29 (1).rtf@2231930,,,|Courier - Post (1949-); Cherry Hill | / 2016-09-14 / ?,articles/raw/usb-sept-2026/Aramark/ProQuestDocuments-2026-07-29 (1).rtf,
corpus,"the source document is defective. Needs a better export or OCR, not a reviewer","article unusable: citation only: export declared a full-text section and supplied none (page scan — text is in an image, needs OCR)",article,articles/raw/usb-sept-2026/Aramark/ProQuestDocuments-2026-07-29 (1).rtf@2232871,,,|Philadelphia Inquirer (1969-); Philadelphia | / 2016-09-14 / ?,articles/raw/usb-sept-2026/Aramark/ProQuestDocuments-2026-07-29 (1).rtf,
corpus,"the source document is defective. Needs a better export or OCR, not a reviewer","article unusable: citation only: export declared a full-text section and supplied none (page scan — text is in an image, needs OCR)",article,articles/raw/usb-sept-2026/Aramark/ProQuestDocuments-2026-07-29 (1).rtf@2253204,,,"|Standard Times (1928-); San Angelo, Texas | / 2016-09-12 / ?",articles/raw/usb-sept-2026/Aramark/ProQuestDocuments-2026-07-29 (1).rtf,
corpus,"the source document is defective. Needs a better export or OCR, not a reviewer","article unusable: citation only: export declared a full-text section and supplied none (page scan — text is in an image, needs OCR)",article,articles/raw/usb-sept-2026/Aramark/ProQuestDocuments-2026-07-29 (1).rtf@2274232,,,|Arizona Republic (1930-); Phoenix | / 2016-09-11 / ?,articles/raw/usb-sept-2026/Aramark/ProQuestDocuments-2026-07-29 (1).rtf,
corpus,"the source document is defective. Needs a better export or OCR, not a reviewer","article unusable: citation only: export declared a full-text section and supplied none (page scan — text is in an image, needs OCR)",article,articles/raw/usb-sept-2026/Aramark/ProQuestDocuments-2026-07-29 (1).rtf@2275171,,,"|The Times Recorder (1965-); Zanesville, Ohio | / 2016-09-11 / ?",articles/raw/usb-sept-2026/Aramark/ProQuestDocuments-2026-07-29 (1).rtf,
corpus,"the source document is defective. Needs a better export or OCR, not a reviewer","article unusable: citation only: export declared a full-text section and supplied none (page scan — text is in an image, needs OCR)",article,articles/raw/usb-sept-2026/Aramark/ProQuestDocuments-2026-07-29 (1).rtf@2276127,,,"|The Knoxville News-Sentinel (1926-); Knoxville, Tennessee | / 2016-09-11 / ?",articles/raw/usb-sept-2026/Aramark/ProQuestDocuments-2026-07-29 (1).rtf,
corpus,"the source document is defective. Needs a better export or OCR, not a reviewer","article unusable: citation only: export declared a full-text section and supplied none (page scan — text is in an image, needs OCR)",article,articles/raw/usb-sept-2026/Aramark/ProQuestDocuments-2026-07-29 (1).rtf@2277068,,,"|The Morning Call (1939-); Allentown, Pennsylvania | / 2016-09-11 / ?",articles/raw/usb-sept-2026/Aramark/ProQuestDocuments-2026-07-29 (1).rtf,
corpus,"the source document is defective. Needs a better export or OCR, not a reviewer","article unusable: citation only: export declared a full-text section and supplied none (page scan — text is in an image, needs OCR)",article,articles/raw/usb-sept-2026/Aramark/ProQuestDocuments-2026-07-29 (1).rtf@2278056,,,"|Home News Tribune (2010-); East Brunswick, New Jersey | / 2016-09-11 / ?",articles/raw/usb-sept-2026/Aramark/ProQuestDocuments-2026-07-29 (1).rtf,
corpus,"the source document is defective. Needs a better export or OCR, not a reviewer","article unusable: citation only: export declared a full-text section and supplied none (page scan — text is in an image, needs OCR)",article,articles/raw/usb-sept-2026/Aramark/ProQuestDocuments-2026-07-29 (1).rtf@2302674,,,"|The Times Recorder (1965-); Zanesville, Ohio | / 2016-09-10 / ?",articles/raw/usb-sept-2026/Aramark/ProQuestDocuments-2026-07-29 (1).rtf,
corpus,"the source document is defective. Needs a better export or OCR, not a reviewer","article unusable: citation only: export declared a full-text section and supplied none (page scan — text is in an image, needs OCR)",article,articles/raw/usb-sept-2026/Aramark/ProQuestDocuments-2026-07-29 (1).rtf@2303630,,,"|The Atlanta Journal - Constitution (2010-); Atlanta, Georgia | / 2016-09-10 / ?",articles/raw/usb-sept-2026/Aramark/ProQuestDocuments-2026-07-29 (1).rtf,
corpus,"the source document is defective. Needs a better export or OCR, not a reviewer","article unusable: citation only: export declared a full-text section and supplied none (page scan — text is in an image, needs OCR)",article,articles/raw/usb-sept-2026/Aramark/ProQuestDocuments-2026-07-29 (1).rtf@2304665,,,"|Lansing State Journal (1980-); Lansing, Michigan | / 2016-09-09 / ?",articles/raw/usb-sept-2026/Aramark/ProQuestDocuments-2026-07-29 (1).rtf,
corpus,"the source document is defective. Needs a better export or OCR, not a reviewer","article unusable: citation only: export declared a full-text section and supplied none (page scan — text is in an image, needs OCR)",article,articles/raw/usb-sept-2026/Aramark/ProQuestDocuments-2026-07-29 (1).rtf@2305621,,,"|Lansing State Journal (1980-); Lansing, Michigan | / 2016-09-09 / ?",articles/raw/usb-sept-2026/Aramark/ProQuestDocuments-2026-07-29 (1).rtf,
corpus,"the source document is defective. Needs a better export or OCR, not a reviewer","article unusable: citation only: export declared a full-text section and supplied none (page scan — text is in an image, needs OCR)",article,articles/raw/usb-sept-2026/Aramark/ProQuestDocuments-2026-07-29 (1).rtf@2306577,,,"|Detroit Free Press (1923-), General edition; Detroit | / 2016-09-09 / ?",articles/raw/usb-sept-2026/Aramark/ProQuestDocuments-2026-07-29 (1).rtf,
corpus,"the source document is defective. Needs a better export or OCR, not a reviewer","article unusable: citation only: export declared a full-text section and supplied none (page scan — text is in an image, needs OCR)",article,articles/raw/usb-sept-2026/Aramark/ProQuestDocuments-2026-07-29 (1).rtf@234526,,,|Philadelphia Inquirer (1969-); Philadelphia | / 2017-01-12 / ?,articles/raw/usb-sept-2026/Aramark/ProQuestDocuments-2026-07-29 (1).rtf,
corpus,"the source document is defective. Needs a better export or OCR, not a reviewer","article unusable: citation only: export declared a full-text section and supplied none (page scan — text is in an image, needs OCR)",article,articles/raw/usb-sept-2026/Aramark/ProQuestDocuments-2026-07-29 (1).rtf@2353289,,,"|Lansing State Journal (1980-); Lansing, Michigan | / 2016-09-07 / ?",articles/raw/usb-sept-2026/Aramark/ProQuestDocuments-2026-07-29 (1).rtf,
corpus,"the source document is defective. Needs a better export or OCR, not a reviewer","article unusable: citation only: export declared a full-text section and supplied none (page scan — text is in an image, needs OCR)",article,articles/raw/usb-sept-2026/Aramark/ProQuestDocuments-2026-07-29 (1).rtf@2358394,,,"|Edmonton Journal (1911-); Edmonton, Canada | / 2016-09-07 / ?",articles/raw/usb-sept-2026/Aramark/ProQuestDocuments-2026-07-29 (1).rtf,
corpus,"the source document is defective. Needs a better export or OCR, not a reviewer","article unusable: citation only: export declared a full-text section and supplied none (page scan — text is in an image, needs OCR)",article,articles/raw/usb-sept-2026/Aramark/ProQuestDocuments-2026-07-29 (1).rtf@2359314,,,"|Detroit Free Press (1923-), General edition; Detroit | / 2016-09-07 / ?",articles/raw/usb-sept-2026/Aramark/ProQuestDocuments-2026-07-29 (1).rtf,
corpus,"the source document is defective. Needs a better export or OCR, not a reviewer","article unusable: citation only: export declared a full-text section and supplied none (page scan — text is in an image, needs OCR)",article,articles/raw/usb-sept-2026/Aramark/ProQuestDocuments-2026-07-29 (1).rtf@2360286,,,"|Wall Street Journal (2008-), Eastern Edition; New York | / 2016-09-07 / ?",articles/raw/usb-sept-2026/Aramark/ProQuestDocuments-2026-07-29 (1).rtf,
corpus,"the source document is defective. Needs a better export or OCR, not a reviewer","article unusable: citation only: export declared a full-text section and supplied none (page scan — text is in an image, needs OCR)",article,articles/raw/usb-sept-2026/Aramark/ProQuestDocuments-2026-07-29 (1).rtf@242818,,,"|Daily Record (1974-); Morristown, New Jersey | / 2017-01-08 / ?",articles/raw/usb-sept-2026/Aramark/ProQuestDocuments-2026-07-29 (1).rtf,
corpus,"the source document is defective. Needs a better export or OCR, not a reviewer","article unusable: citation only: export declared a full-text section and supplied none (page scan — text is in an image, needs OCR)",article,articles/raw/usb-sept-2026/Aramark/ProQuestDocuments-2026-07-29 (1).rtf@243750,,,"|Argus Leader (1977-); Sioux Falls, South Dakota | / 2017-01-07 / ?",articles/raw/usb-sept-2026/Aramark/ProQuestDocuments-2026-07-29 (1).rtf,
corpus,"the source document is defective. Needs a better export or OCR, not a reviewer","article unusable: citation only: export declared a full-text section and supplied none (page scan — text is in an image, needs OCR)",article,articles/raw/usb-sept-2026/Aramark/ProQuestDocuments-2026-07-29 (1).rtf@2444135,,,"|The Post-Crescent (1965-); Appleton, Wisconsin | / 2016-09-06 / ?",articles/raw/usb-sept-2026/Aramark/ProQuestDocuments-2026-07-29 (1).rtf,
corpus,"the source document is defective. Needs a better export or OCR, not a reviewer","article unusable: citation only: export declared a full-text section and supplied none (page scan — text is in an image, needs OCR)",article,articles/raw/usb-sept-2026/Aramark/ProQuestDocuments-2026-07-29 (1).rtf@2485089,,,|Barron's (2008-); New York | / 2016-09-05 / ?,articles/raw/usb-sept-2026/Aramark/ProQuestDocuments-2026-07-29 (1).rtf,
corpus,"the source document is defective. Needs a better export or OCR, not a reviewer","article unusable: citation only: export declared a full-text section and supplied none (page scan — text is in an image, needs OCR)",article,articles/raw/usb-sept-2026/Aramark/ProQuestDocuments-2026-07-29 (1).rtf@2500856,,,"|Wausau Daily Herald (1985-); Wausau, Wisconsin | / 2016-09-04 / ?",articles/raw/usb-sept-2026/Aramark/ProQuestDocuments-2026-07-29 (1).rtf,
corpus,"the source document is defective. Needs a better export or OCR, not a reviewer","article unusable: citation only: export declared a full-text section and supplied none (page scan — text is in an image, needs OCR)",article,articles/raw/usb-sept-2026/Aramark/ProQuestDocuments-2026-07-29 (1).rtf@2501811,,,"|The Sheboygan Press (1924-); Sheboygan, Wisconsin | / 2016-09-04 / ?",articles/raw/usb-sept-2026/Aramark/ProQuestDocuments-2026-07-29 (1).rtf,
corpus,"the source document is defective. Needs a better export or OCR, not a reviewer","article unusable: citation only: export declared a full-text section and supplied none (page scan — text is in an image, needs OCR)",article,articles/raw/usb-sept-2026/Aramark/ProQuestDocuments-2026-07-29 (1).rtf@2502772,,,"|Herald Times Reporter (1973-); Manitowoc, Wisconsin | / 2016-09-04 / ?",articles/raw/usb-sept-2026/Aramark/ProQuestDocuments-2026-07-29 (1).rtf,
corpus,"the source document is defective. Needs a better export or OCR, not a reviewer","article unusable: citation only: export declared a full-text section and supplied none (page scan — text is in an image, needs OCR)",article,articles/raw/usb-sept-2026/Aramark/ProQuestDocuments-2026-07-29 (1).rtf@2503714,,,"|Green Bay Press Gazette (1915-); Green Bay, Wisconsin | / 2016-09-04 / ?",articles/raw/usb-sept-2026/Aramark/ProQuestDocuments-2026-07-29 (1).rtf,
corpus,"the source document is defective. Needs a better export or OCR, not a reviewer","article unusable: citation only: export declared a full-text section and supplied none (page scan — text is in an image, needs OCR)",article,articles/raw/usb-sept-2026/Aramark/ProQuestDocuments-2026-07-29 (1).rtf@253619,,,"|Albuquerque Journal (1926-); Albuquerque, New Mexico | / 2017-01-05 / ?",articles/raw/usb-sept-2026/Aramark/ProQuestDocuments-2026-07-29 (1).rtf,
corpus,"the source document is defective. Needs a better export or OCR, not a reviewer","article unusable: citation only: export declared a full-text section and supplied none (page scan — text is in an image, needs OCR)",article,articles/raw/usb-sept-2026/Aramark/ProQuestDocuments-2026-07-29 (1).rtf@2569708,,,"|The Knoxville News-Sentinel (1926-); Knoxville, Tennessee | / 2016-09-01 / ?",articles/raw/usb-sept-2026/Aramark/ProQuestDocuments-2026-07-29 (1).rtf,
corpus,"the source document is defective. Needs a better export or OCR, not a reviewer","article unusable: citation only: export declared a full-text section and supplied none (page scan — text is in an image, needs OCR)",article,articles/raw/usb-sept-2026/Aramark/ProQuestDocuments-2026-07-29 (1).rtf@2596442,,,"|The Knoxville News-Sentinel (1926-); Knoxville, Tennessee | / 2016-08-31 / ?",articles/raw/usb-sept-2026/Aramark/ProQuestDocuments-2026-07-29 (1).rtf,
corpus,"the source document is defective. Needs a better export or OCR, not a reviewer","article unusable: citation only: export declared a full-text section and supplied none (page scan — text is in an image, needs OCR)",article,articles/raw/usb-sept-2026/Aramark/ProQuestDocuments-2026-07-29 (1).rtf@2597376,,,|Cincinnati Enquirer (1923-); Cincinnati | / 2016-08-31 / ?,articles/raw/usb-sept-2026/Aramark/ProQuestDocuments-2026-07-29 (1).rtf,
corpus,"the source document is defective. Needs a better export or OCR, not a reviewer","article unusable: citation only: export declared a full-text section and supplied none (page scan — text is in an image, needs OCR)",article,articles/raw/usb-sept-2026/Aramark/ProQuestDocuments-2026-07-29 (1).rtf@260036,,,"|Windsor Star (1959-); Windsor, Ontario | / 2017-01-05 / ?",articles/raw/usb-sept-2026/Aramark/ProQuestDocuments-2026-07-29 (1).rtf,
corpus,"the source document is defective. Needs a better export or OCR, not a reviewer","article unusable: citation only: export declared a full-text section and supplied none (page scan — text is in an image, needs OCR)",article,articles/raw/usb-sept-2026/Aramark/ProQuestDocuments-2026-07-29 (1).rtf@2616388,,,"|The Atlanta Journal - Constitution (2010-); Atlanta, Georgia | / 2016-08-29 / ?",articles/raw/usb-sept-2026/Aramark/ProQuestDocuments-2026-07-29 (1).rtf,
corpus,"the source document is defective. Needs a better export or OCR, not a reviewer","article unusable: citation only: export declared a full-text section and supplied none (page scan — text is in an image, needs OCR)",article,articles/raw/usb-sept-2026/Aramark/ProQuestDocuments-2026-07-29 (1).rtf@26278,,,"|St. Cloud Times (1988-); St Cloud, Minnesota | / 2017-01-31 / ?",articles/raw/usb-sept-2026/Aramark/ProQuestDocuments-2026-07-29 (1).rtf,
corpus,"the source document is defective. Needs a better export or OCR, not a reviewer","article unusable: citation only: export declared a full-text section and supplied none (page scan — text is in an image, needs OCR)",article,articles/raw/usb-sept-2026/Aramark/ProQuestDocuments-2026-07-29 (1).rtf@2631939,,,"|The Gleaner (2012-); Henderson, Kentucky | / 2016-08-28 / ?",articles/raw/usb-sept-2026/Aramark/ProQuestDocuments-2026-07-29 (1).rtf,
corpus,"the source document is defective. Needs a better export or OCR, not a reviewer","article unusable: citation only: export declared a full-text section and supplied none (page scan — text is in an image, needs OCR)",article,articles/raw/usb-sept-2026/Aramark/ProQuestDocuments-2026-07-29 (1).rtf@2632841,,,"|Argus Leader (1977-); Sioux Falls, South Dakota | / 2016-08-26 / ?",articles/raw/usb-sept-2026/Aramark/ProQuestDocuments-2026-07-29 (1).rtf,
corpus,"the source document is defective. Needs a better export or OCR, not a reviewer","article unusable: citation only: export declared a full-text section and supplied none (page scan — text is in an image, needs OCR)",article,articles/raw/usb-sept-2026/Aramark/ProQuestDocuments-2026-07-29 (1).rtf@2654566,,,"|The Record (1960-); Hackensack, New Jersey | / 2016-08-24 / ?",articles/raw/usb-sept-2026/Aramark/ProQuestDocuments-2026-07-29 (1).rtf,
corpus,"the source document is defective. Needs a better export or OCR, not a reviewer","article unusable: citation only: export declared a full-text section and supplied none (page scan — text is in an image, needs OCR)",article,articles/raw/usb-sept-2026/Aramark/ProQuestDocuments-2026-07-29 (1).rtf@2655502,,,"|The North Jersey Herald & News (1987-); Passaic, New Jersey | / 2016-08-24 / ?",articles/raw/usb-sept-2026/Aramark/ProQuestDocuments-2026-07-29 (1).rtf,
corpus,"the source document is defective. Needs a better export or OCR, not a reviewer","article unusable: citation only: export declared a full-text section and supplied none (page scan — text is in an image, needs OCR)",article,articles/raw/usb-sept-2026/Aramark/ProQuestDocuments-2026-07-29 (1).rtf@2656470,,,"|Des Moines Register (1871-); Des Moines, Iowa | / 2016-08-24 / ?",articles/raw/usb-sept-2026/Aramark/ProQuestDocuments-2026-07-29 (1).rtf,
corpus,"the source document is defective. Needs a better export or OCR, not a reviewer","article unusable: citation only: export declared a full-text section and supplied none (page scan — text is in an image, needs OCR)",article,articles/raw/usb-sept-2026/Aramark/ProQuestDocuments-2026-07-29 (1).rtf@2657402,,,|Pittsburgh Post-Gazette (1927-); Pittsburgh | / 2016-08-24 / ?,articles/raw/usb-sept-2026/Aramark/ProQuestDocuments-2026-07-29 (1).rtf,
corpus,"the source document is defective. Needs a better export or OCR, not a reviewer","article unusable: citation only: export declared a full-text section and supplied none (page scan — text is in an image, needs OCR)",article,articles/raw/usb-sept-2026/Aramark/ProQuestDocuments-2026-07-29 (1).rtf@2658278,,,|Philadelphia Inquirer (1969-); Philadelphia | / 2016-08-24 / ?,articles/raw/usb-sept-2026/Aramark/ProQuestDocuments-2026-07-29 (1).rtf,
corpus,"the source document is defective. Needs a better export or OCR, not a reviewer","article unusable: citation only: export declared a full-text section and supplied none (page scan — text is in an image, needs OCR)",article,articles/raw/usb-sept-2026/Aramark/ProQuestDocuments-2026-07-29 (1).rtf@2663191,,,"|Ventura County Star (1994-); Camarillo, California | / 2016-08-23 / ?",articles/raw/usb-sept-2026/Aramark/ProQuestDocuments-2026-07-29 (1).rtf,
corpus,"the source document is defective. Needs a better export or OCR, not a reviewer","article unusable: citation only: export declared a full-text section and supplied none (page scan — text is in an image, needs OCR)",article,articles/raw/usb-sept-2026/Aramark/ProQuestDocuments-2026-07-29 (1).rtf@2675425,,,"|The Record (1960-); Hackensack, New Jersey | / 2016-08-21 / ?",articles/raw/usb-sept-2026/Aramark/ProQuestDocuments-2026-07-29 (1).rtf,
corpus,"the source document is defective. Needs a better export or OCR, not a reviewer","article unusable: citation only: export declared a full-text section and supplied none (page scan — text is in an image, needs OCR)",article,articles/raw/usb-sept-2026/Aramark/ProQuestDocuments-2026-07-29 (1).rtf@2676361,,,"|The North Jersey Herald & News (1987-); Passaic, New Jersey | / 2016-08-21 / ?",articles/raw/usb-sept-2026/Aramark/ProQuestDocuments-2026-07-29 (1).rtf,
corpus,"the source document is defective. Needs a better export or OCR, not a reviewer","article unusable: citation only: export declared a full-text section and supplied none (page scan — text is in an image, needs OCR)",article,articles/raw/usb-sept-2026/Aramark/ProQuestDocuments-2026-07-29 (1).rtf@2686963,,,|Philadelphia Inquirer (1969-); Philadelphia | / 2016-08-19 / ?,articles/raw/usb-sept-2026/Aramark/ProQuestDocuments-2026-07-29 (1).rtf,
corpus,"the source document is defective. Needs a better export or OCR, not a reviewer","article unusable: citation only: export declared a full-text section and supplied none (page scan — text is in an image, needs OCR)",article,articles/raw/usb-sept-2026/Aramark/ProQuestDocuments-2026-07-29 (1).rtf@2687936,,,"|Fort Myers News-Press (1931-); Fort Myers, Florida | / 2016-08-17 / ?",articles/raw/usb-sept-2026/Aramark/ProQuestDocuments-2026-07-29 (1).rtf,
corpus,"the source document is defective. Needs a better export or OCR, not a reviewer","article unusable: citation only: export declared a full-text section and supplied none (page scan — text is in an image, needs OCR)",article,articles/raw/usb-sept-2026/Aramark/ProQuestDocuments-2026-07-29 (1).rtf@2694841,,,|Philadelphia Inquirer (1969-); Philadelphia | / 2016-08-16 / ?,articles/raw/usb-sept-2026/Aramark/ProQuestDocuments-2026-07-29 (1).rtf,
corpus,"the source document is defective. Needs a better export or OCR, not a reviewer","article unusable: citation only: export declared a full-text section and supplied none (page scan — text is in an image, needs OCR)",article,articles/raw/usb-sept-2026/Aramark/ProQuestDocuments-2026-07-29 (1).rtf@2727966,,,"|Evansville Courier & Press (1999-); Evansville, Indiana | / 2016-08-14 / ?",articles/raw/usb-sept-2026/Aramark/ProQuestDocuments-2026-07-29 (1).rtf,
corpus,"the source document is defective. Needs a better export or OCR, not a reviewer","article unusable: citation only: export declared a full-text section and supplied none (page scan — text is in an image, needs OCR)",article,articles/raw/usb-sept-2026/Aramark/ProQuestDocuments-2026-07-29 (1).rtf@2750028,,,"|Standard Times (1928-); San Angelo, Texas | / 2016-08-13 / ?",articles/raw/usb-sept-2026/Aramark/ProQuestDocuments-2026-07-29 (1).rtf,
corpus,"the source document is defective. Needs a better export or OCR, not a reviewer","article unusable: citation only: export declared a full-text section and supplied none (page scan — text is in an image, needs OCR)",article,articles/raw/usb-sept-2026/Aramark/ProQuestDocuments-2026-07-29 (1).rtf@2750932,,,"|Great Falls Tribune (1921-); Great Falls, Montana | / 2016-08-11 / ?",articles/raw/usb-sept-2026/Aramark/ProQuestDocuments-2026-07-29 (1).rtf,
corpus,"the source document is defective. Needs a better export or OCR, not a reviewer","article unusable: citation only: export declared a full-text section and supplied none (page scan — text is in an image, needs OCR)",article,articles/raw/usb-sept-2026/Aramark/ProQuestDocuments-2026-07-29 (1).rtf@2751890,,,|Pittsburgh Post-Gazette (1927-); Pittsburgh | / 2016-08-11 / ?,articles/raw/usb-sept-2026/Aramark/ProQuestDocuments-2026-07-29 (1).rtf,
corpus,"the source document is defective. Needs a better export or OCR, not a reviewer","article unusable: citation only: export declared a full-text section and supplied none (page scan — text is in an image, needs OCR)",article,articles/raw/usb-sept-2026/Aramark/ProQuestDocuments-2026-07-29 (1).rtf@2752766,,,"|The Record (1960-); Hackensack, New Jersey | / 2016-08-10 / ?",articles/raw/usb-sept-2026/Aramark/ProQuestDocuments-2026-07-29 (1).rtf,
corpus,"the source document is defective. Needs a better export or OCR, not a reviewer","article unusable: citation only: export declared a full-text section and supplied none (page scan — text is in an image, needs OCR)",article,articles/raw/usb-sept-2026/Aramark/ProQuestDocuments-2026-07-29 (1).rtf@2753702,,,"|Des Moines Register (1871-); Des Moines, Iowa | / 2016-08-10 / ?",articles/raw/usb-sept-2026/Aramark/ProQuestDocuments-2026-07-29 (1).rtf,
corpus,"the source document is defective. Needs a better export or OCR, not a reviewer","article unusable: citation only: export declared a full-text section and supplied none (page scan — text is in an image, needs OCR)",article,articles/raw/usb-sept-2026/Aramark/ProQuestDocuments-2026-07-29 (1).rtf@2860147,,,"|Des Moines Register (1871-); Des Moines, Iowa | / 2016-08-09 / ?",articles/raw/usb-sept-2026/Aramark/ProQuestDocuments-2026-07-29 (1).rtf,
corpus,"the source document is defective. Needs a better export or OCR, not a reviewer","article unusable: citation only: export declared a full-text section and supplied none (page scan — text is in an image, needs OCR)",article,articles/raw/usb-sept-2026/Aramark/ProQuestDocuments-2026-07-29 (1).rtf@2866629,,,"|The Leaf-Chronicle (1979-); Clarksville, Tennessee | / 2016-08-08 / ?",articles/raw/usb-sept-2026/Aramark/ProQuestDocuments-2026-07-29 (1).rtf,
corpus,"the source document is defective. Needs a better export or OCR, not a reviewer","article unusable: citation only: export declared a full-text section and supplied none (page scan — text is in an image, needs OCR)",article,articles/raw/usb-sept-2026/Aramark/ProQuestDocuments-2026-07-29 (1).rtf@2867586,,,"|The Leaf-Chronicle (1979-); Clarksville, Tennessee | / 2016-08-08 / ?",articles/raw/usb-sept-2026/Aramark/ProQuestDocuments-2026-07-29 (1).rtf,
corpus,"the source document is defective. Needs a better export or OCR, not a reviewer","article unusable: citation only: export declared a full-text section and supplied none (page scan — text is in an image, needs OCR)",article,articles/raw/usb-sept-2026/Aramark/ProQuestDocuments-2026-07-29 (1).rtf@2868543,,,"|The Daily News-Journal (1931-); Murfreesboro, Tennessee | / 2016-08-08 / ?",articles/raw/usb-sept-2026/Aramark/ProQuestDocuments-2026-07-29 (1).rtf,
corpus,"the source document is defective. Needs a better export or OCR, not a reviewer","article unusable: citation only: export declared a full-text section and supplied none (page scan — text is in an image, needs OCR)",article,articles/raw/usb-sept-2026/Aramark/ProQuestDocuments-2026-07-29 (1).rtf@2869506,,,"|The Daily News-Journal (1931-); Murfreesboro, Tennessee | / 2016-08-08 / ?",articles/raw/usb-sept-2026/Aramark/ProQuestDocuments-2026-07-29 (1).rtf,
corpus,"the source document is defective. Needs a better export or OCR, not a reviewer","article unusable: citation only: export declared a full-text section and supplied none (page scan — text is in an image, needs OCR)",article,articles/raw/usb-sept-2026/Aramark/ProQuestDocuments-2026-07-29 (1).rtf@2870469,,,"|Standard Times (1928-); San Angelo, Texas | / 2016-08-08 / ?",articles/raw/usb-sept-2026/Aramark/ProQuestDocuments-2026-07-29 (1).rtf,
corpus,"the source document is defective. Needs a better export or OCR, not a reviewer","article unusable: citation only: export declared a full-text section and supplied none (page scan — text is in an image, needs OCR)",article,articles/raw/usb-sept-2026/Aramark/ProQuestDocuments-2026-07-29 (1).rtf@2887220,,,|The Tennessean (1972-); Nashville | / 2016-08-08 / ?,articles/raw/usb-sept-2026/Aramark/ProQuestDocuments-2026-07-29 (1).rtf,
corpus,"the source document is defective. Needs a better export or OCR, not a reviewer","article unusable: citation only: export declared a full-text section and supplied none (page scan — text is in an image, needs OCR)",article,articles/raw/usb-sept-2026/Aramark/ProQuestDocuments-2026-07-29 (1).rtf@2888147,,,|The Tennessean (1972-); Nashville | / 2016-08-08 / ?,articles/raw/usb-sept-2026/Aramark/ProQuestDocuments-2026-07-29 (1).rtf,
corpus,"the source document is defective. Needs a better export or OCR, not a reviewer","article unusable: citation only: export declared a full-text section and supplied none (page scan — text is in an image, needs OCR)",article,articles/raw/usb-sept-2026/Aramark/ProQuestDocuments-2026-07-29 (1).rtf@2889074,,,"|Boston Globe (2008-); Boston, Massachusetts | / 2016-08-08 / ?",articles/raw/usb-sept-2026/Aramark/ProQuestDocuments-2026-07-29 (1).rtf,
corpus,"the source document is defective. Needs a better export or OCR, not a reviewer","article unusable: citation only: export declared a full-text section and supplied none (page scan — text is in an image, needs OCR)",article,articles/raw/usb-sept-2026/Aramark/ProQuestDocuments-2026-07-29 (1).rtf@2918855,,,"|The News Leader (2001-); Staunton, Virginia | / 2016-08-07 / ?",articles/raw/usb-sept-2026/Aramark/ProQuestDocuments-2026-07-29 (1).rtf,
corpus,"the source document is defective. Needs a better export or OCR, not a reviewer","article unusable: citation only: export declared a full-text section and supplied none (page scan — text is in an image, needs OCR)",article,articles/raw/usb-sept-2026/Aramark/ProQuestDocuments-2026-07-29 (1).rtf@2919771,,,|Arizona Republic (1930-); Phoenix | / 2016-08-07 / ?,articles/raw/usb-sept-2026/Aramark/ProQuestDocuments-2026-07-29 (1).rtf,
corpus,"the source document is defective. Needs a better export or OCR, not a reviewer","article unusable: citation only: export declared a full-text section and supplied none (page scan — text is in an image, needs OCR)",article,articles/raw/usb-sept-2026/Aramark/ProQuestDocuments-2026-07-29 (1).rtf@2920696,,,"|Standard Times (1928-); San Angelo, Texas | / 2016-08-07 / ?",articles/raw/usb-sept-2026/Aramark/ProQuestDocuments-2026-07-29 (1).rtf,
corpus,"the source document is defective. Needs a better export or OCR, not a reviewer","article unusable: citation only: export declared a full-text section and supplied none (page scan — text is in an image, needs OCR)",article,articles/raw/usb-sept-2026/Aramark/ProQuestDocuments-2026-07-29 (1).rtf@2921599,,,"|The Record (1960-); Hackensack, New Jersey | / 2016-08-07 / ?",articles/raw/usb-sept-2026/Aramark/ProQuestDocuments-2026-07-29 (1).rtf,
corpus,"the source document is defective. Needs a better export or OCR, not a reviewer","article unusable: citation only: export declared a full-text section and supplied none (page scan — text is in an image, needs OCR)",article,articles/raw/usb-sept-2026/Aramark/ProQuestDocuments-2026-07-29 (1).rtf@2922531,,,"|The North Jersey Herald & News (1987-); Passaic, New Jersey | / 2016-08-07 / ?",articles/raw/usb-sept-2026/Aramark/ProQuestDocuments-2026-07-29 (1).rtf,
corpus,"the source document is defective. Needs a better export or OCR, not a reviewer","article unusable: citation only: export declared a full-text section and supplied none (page scan — text is in an image, needs OCR)",article,articles/raw/usb-sept-2026/Aramark/ProQuestDocuments-2026-07-29 (1).rtf@2924746,,,|New York Times (2008-); New York | / 2016-08-07 / ?,articles/raw/usb-sept-2026/Aramark/ProQuestDocuments-2026-07-29 (1).rtf,
corpus,"the source document is defective. Needs a better export or OCR, not a reviewer","article unusable: citation only: export declared a full-text section and supplied none (page scan — text is in an image, needs OCR)",article,articles/raw/usb-sept-2026/Aramark/ProQuestDocuments-2026-07-29 (1).rtf@2953108,,,"|Standard Times (1928-); San Angelo, Texas | / 2016-08-06 / ?",articles/raw/usb-sept-2026/Aramark/ProQuestDocuments-2026-07-29 (1).rtf,
corpus,"the source document is defective. Needs a better export or OCR, not a reviewer","article unusable: citation only: export declared a full-text section and supplied none (page scan — text is in an image, needs OCR)",article,articles/raw/usb-sept-2026/Aramark/ProQuestDocuments-2026-07-29 (1).rtf@2954011,,,|Star Tribune (1987-); Minneapolis | / 2016-08-06 / ?,articles/raw/usb-sept-2026/Aramark/ProQuestDocuments-2026-07-29 (1).rtf,
corpus,"the source document is defective. Needs a better export or OCR, not a reviewer","article unusable: citation only: export declared a full-text section and supplied none (page scan — text is in an image, needs OCR)",article,articles/raw/usb-sept-2026/Aramark/ProQuestDocuments-2026-07-29 (1).rtf@2954951,,,|Star Tribune (1987-); Minneapolis | / 2016-08-06 / ?,articles/raw/usb-sept-2026/Aramark/ProQuestDocuments-2026-07-29 (1).rtf,
corpus,"the source document is defective. Needs a better export or OCR, not a reviewer","article unusable: citation only: export declared a full-text section and supplied none (page scan — text is in an image, needs OCR)",article,articles/raw/usb-sept-2026/Aramark/ProQuestDocuments-2026-07-29 (1).rtf@2961877,,,"|Standard Times (1928-); San Angelo, Texas | / 2016-08-05 / ?",articles/raw/usb-sept-2026/Aramark/ProQuestDocuments-2026-07-29 (1).rtf,
corpus,"the source document is defective. Needs a better export or OCR, not a reviewer","article unusable: citation only: export declared a full-text section and supplied none (page scan — text is in an image, needs OCR)",article,articles/raw/usb-sept-2026/Aramark/ProQuestDocuments-2026-07-29 (1).rtf@2962780,,,"|The Knoxville News-Sentinel (1926-); Knoxville, Tennessee | / 2016-08-05 / ?",articles/raw/usb-sept-2026/Aramark/ProQuestDocuments-2026-07-29 (1).rtf,
corpus,"the source document is defective. Needs a better export or OCR, not a reviewer","article unusable: citation only: export declared a full-text section and supplied none (page scan — text is in an image, needs OCR)",article,articles/raw/usb-sept-2026/Aramark/ProQuestDocuments-2026-07-29 (1).rtf@2963711,,,"|The Record (1960-); Hackensack, New Jersey | / 2016-08-05 / ?",articles/raw/usb-sept-2026/Aramark/ProQuestDocuments-2026-07-29 (1).rtf,
corpus,"the source document is defective. Needs a better export or OCR, not a reviewer","article unusable: citation only: export declared a full-text section and supplied none (page scan — text is in an image, needs OCR)",article,articles/raw/usb-sept-2026/Aramark/ProQuestDocuments-2026-07-29 (1).rtf@2964643,,,"|The North Jersey Herald & News (1987-); Passaic, New Jersey | / 2016-08-05 / ?",articles/raw/usb-sept-2026/Aramark/ProQuestDocuments-2026-07-29 (1).rtf,
corpus,"the source document is defective. Needs a better export or OCR, not a reviewer","article unusable: citation only: export declared a full-text section and supplied none (page scan — text is in an image, needs OCR)",article,articles/raw/usb-sept-2026/Aramark/ProQuestDocuments-2026-07-29 (1).rtf@2971193,,,"|Philadelphia Daily News (1960-); Philadelphia, Pennsylvania | / 2016-08-05 / ?",articles/raw/usb-sept-2026/Aramark/ProQuestDocuments-2026-07-29 (1).rtf,
corpus,"the source document is defective. Needs a better export or OCR, not a reviewer","article unusable: citation only: export declared a full-text section and supplied none (page scan — text is in an image, needs OCR)",article,articles/raw/usb-sept-2026/Aramark/ProQuestDocuments-2026-07-29 (1).rtf@2972166,,,|Star Tribune (1987-); Minneapolis | / 2016-08-05 / ?,articles/raw/usb-sept-2026/Aramark/ProQuestDocuments-2026-07-29 (1).rtf,
corpus,"the source document is defective. Needs a better export or OCR, not a reviewer","article unusable: citation only: export declared a full-text section and supplied none (page scan — text is in an image, needs OCR)",article,articles/raw/usb-sept-2026/Aramark/ProQuestDocuments-2026-07-29 (1).rtf@2973106,,,|Philadelphia Inquirer (1969-); Philadelphia | / 2016-08-05 / ?,articles/raw/usb-sept-2026/Aramark/ProQuestDocuments-2026-07-29 (1).rtf,
corpus,"the source document is defective. Needs a better export or OCR, not a reviewer","article unusable: citation only: export declared a full-text section and supplied none (page scan — text is in an image, needs OCR)",article,articles/raw/usb-sept-2026/Aramark/ProQuestDocuments-2026-07-29 (1).rtf@3044716,,,"|Iowa City Press-Citizen (1920-); Iowa City, Iowa | / 2016-08-02 / ?",articles/raw/usb-sept-2026/Aramark/ProQuestDocuments-2026-07-29 (1).rtf,
corpus,"the source document is defective. Needs a better export or OCR, not a reviewer","article unusable: citation only: export declared a full-text section and supplied none (page scan — text is in an image, needs OCR)",article,articles/raw/usb-sept-2026/Aramark/ProQuestDocuments-2026-07-29 (1).rtf@3045645,,,|Philadelphia Inquirer (1969-); Philadelphia | / 2016-08-01 / ?,articles/raw/usb-sept-2026/Aramark/ProQuestDocuments-2026-07-29 (1).rtf,
corpus,"the source document is defective. Needs a better export or OCR, not a reviewer","article unusable: citation only: export declared a full-text section and supplied none (page scan — text is in an image, needs OCR)",article,articles/raw/usb-sept-2026/Aramark/ProQuestDocuments-2026-07-29 (1).rtf@3057089,,,|St. Louis Post-Dispatch (1923-); St Louis | / 2016-07-31 / ?,articles/raw/usb-sept-2026/Aramark/ProQuestDocuments-2026-07-29 (1).rtf,
corpus,"the source document is defective. Needs a better export or OCR, not a reviewer","article unusable: citation only: export declared a full-text section and supplied none (page scan — text is in an image, needs OCR)",article,articles/raw/usb-sept-2026/Aramark/ProQuestDocuments-2026-07-29 (1).rtf@3070004,,,"|The Reporter (1977-); Fond du Lac, Wisconsin | / 2016-07-29 / ?",articles/raw/usb-sept-2026/Aramark/ProQuestDocuments-2026-07-29 (1).rtf,
corpus,"the source document is defective. Needs a better export or OCR, not a reviewer","article unusable: citation only: export declared a full-text section and supplied none (page scan — text is in an image, needs OCR)",article,articles/raw/usb-sept-2026/Aramark/ProQuestDocuments-2026-07-29 (1).rtf@3070956,,,"|Argus Leader (1977-); Sioux Falls, South Dakota | / 2016-07-29 / ?",articles/raw/usb-sept-2026/Aramark/ProQuestDocuments-2026-07-29 (1).rtf,
corpus,"the source document is defective. Needs a better export or OCR, not a reviewer","article unusable: citation only: export declared a full-text section and supplied none (page scan — text is in an image, needs OCR)",article,articles/raw/usb-sept-2026/Aramark/ProQuestDocuments-2026-07-29 (1).rtf@704917,,,"|Des Moines Register (1871-); Des Moines, Iowa | / 2016-12-30 / ?",articles/raw/usb-sept-2026/Aramark/ProQuestDocuments-2026-07-29 (1).rtf,
corpus,"the source document is defective. Needs a better export or OCR, not a reviewer","article unusable: citation only: export declared a full-text section and supplied none (page scan — text is in an image, needs OCR)",article,articles/raw/usb-sept-2026/Aramark/ProQuestDocuments-2026-07-29 (1).rtf@713944,,,"|The Daily Journal (1988-); Millville, New Jersey | / 2016-12-28 / ?",articles/raw/usb-sept-2026/Aramark/ProQuestDocuments-2026-07-29 (1).rtf,
corpus,"the source document is defective. Needs a better export or OCR, not a reviewer","article unusable: citation only: export declared a full-text section and supplied none (page scan — text is in an image, needs OCR)",article,articles/raw/usb-sept-2026/Aramark/ProQuestDocuments-2026-07-29 (1).rtf@714887,,,"|Times Record News (1987-); Wichita Falls, Texas | / 2016-12-28 / ?",articles/raw/usb-sept-2026/Aramark/ProQuestDocuments-2026-07-29 (1).rtf,
corpus,"the source document is defective. Needs a better export or OCR, not a reviewer","article unusable: citation only: export declared a full-text section and supplied none (page scan — text is in an image, needs OCR)",article,articles/raw/usb-sept-2026/Aramark/ProQuestDocuments-2026-07-29 (1).rtf@715839,,,"|Des Moines Register (1871-); Des Moines, Iowa | / 2016-12-28 / ?",articles/raw/usb-sept-2026/Aramark/ProQuestDocuments-2026-07-29 (1).rtf,
corpus,"the source document is defective. Needs a better export or OCR, not a reviewer","article unusable: citation only: export declared a full-text section and supplied none (page scan — text is in an image, needs OCR)",article,articles/raw/usb-sept-2026/Aramark/ProQuestDocuments-2026-07-29 (1).rtf@716773,,,|Courier - Post (1949-); Cherry Hill | / 2016-12-23 / ?,articles/raw/usb-sept-2026/Aramark/ProQuestDocuments-2026-07-29 (1).rtf,
corpus,"the source document is defective. Needs a better export or OCR, not a reviewer","article unusable: citation only: export declared a full-text section and supplied none (page scan — text is in an image, needs OCR)",article,articles/raw/usb-sept-2026/Aramark/ProQuestDocuments-2026-07-29 (1).rtf@748100,,,"|Des Moines Register (1871-); Des Moines, Iowa | / 2016-12-21 / ?",articles/raw/usb-sept-2026/Aramark/ProQuestDocuments-2026-07-29 (1).rtf,
corpus,"the source document is defective. Needs a better export or OCR, not a reviewer","article unusable: citation only: export declared a full-text section and supplied none (page scan — text is in an image, needs OCR)",article,articles/raw/usb-sept-2026/Aramark/ProQuestDocuments-2026-07-29 (1).rtf@749034,,,"|Des Moines Register (1871-); Des Moines, Iowa | / 2016-12-21 / ?",articles/raw/usb-sept-2026/Aramark/ProQuestDocuments-2026-07-29 (1).rtf,
corpus,"the source document is defective. Needs a better export or OCR, not a reviewer","article unusable: citation only: export declared a full-text section and supplied none (page scan — text is in an image, needs OCR)",article,articles/raw/usb-sept-2026/Aramark/ProQuestDocuments-2026-07-29 (1).rtf@749968,,,"|Newsday (2010-), Nassau ed.; Long Island, New York | / 2016-12-18 / ?",articles/raw/usb-sept-2026/Aramark/ProQuestDocuments-2026-07-29 (1).rtf,
corpus,"the source document is defective. Needs a better export or OCR, not a reviewer","article unusable: citation only: export declared a full-text section and supplied none (page scan — text is in an image, needs OCR)",article,articles/raw/usb-sept-2026/Aramark/ProQuestDocuments-2026-07-29 (1).rtf@750907,,,|Chicago Tribune (2008-); Chicago | / 2016-12-16 / ?,articles/raw/usb-sept-2026/Aramark/ProQuestDocuments-2026-07-29 (1).rtf,
corpus,"the source document is defective. Needs a better export or OCR, not a reviewer","article unusable: citation only: export declared a full-text section and supplied none (page scan — text is in an image, needs OCR)",article,articles/raw/usb-sept-2026/Aramark/ProQuestDocuments-2026-07-29 (1).rtf@778313,,,"|Newsday (2010-), Nassau ed.; Long Island, New York | / 2016-12-13 / ?",articles/raw/usb-sept-2026/Aramark/ProQuestDocuments-2026-07-29 (1).rtf,
corpus,"the source document is defective. Needs a better export or OCR, not a reviewer","article unusable: citation only: export declared a full-text section and supplied none (page scan — text is in an image, needs OCR)",article,articles/raw/usb-sept-2026/Aramark/ProQuestDocuments-2026-07-29 (1).rtf@783802,,,"|Tallahassee Democrat (1949-); Tallahassee, Florida | / 2016-12-12 / ?",articles/raw/usb-sept-2026/Aramark/ProQuestDocuments-2026-07-29 (1).rtf,
corpus,"the source document is defective. Needs a better export or OCR, not a reviewer","article unusable: citation only: export declared a full-text section and supplied none (page scan — text is in an image, needs OCR)",article,articles/raw/usb-sept-2026/Aramark/ProQuestDocuments-2026-07-29 (1).rtf@799558,,,"|Evansville Courier & Press (1999-); Evansville, Indiana | / 2016-12-11 / ?",articles/raw/usb-sept-2026/Aramark/ProQuestDocuments-2026-07-29 (1).rtf,
corpus,"the source document is defective. Needs a better export or OCR, not a reviewer","article unusable: citation only: export declared a full-text section and supplied none (page scan — text is in an image, needs OCR)",article,articles/raw/usb-sept-2026/Aramark/ProQuestDocuments-2026-07-29 (1).rtf@800495,,,|Philadelphia Inquirer (1969-); Philadelphia | / 2016-12-11 / ?,articles/raw/usb-sept-2026/Aramark/ProQuestDocuments-2026-07-29 (1).rtf,
corpus,"the source document is defective. Needs a better export or OCR, not a reviewer","article unusable: citation only: export declared a full-text section and supplied none (page scan — text is in an image, needs OCR)",article,articles/raw/usb-sept-2026/Aramark/ProQuestDocuments-2026-07-29 (1).rtf@81385,,,"|The Orlando Sentinel (1982-); Orlando, Florida | / 2017-01-30 / ?",articles/raw/usb-sept-2026/Aramark/ProQuestDocuments-2026-07-29 (1).rtf,
corpus,"the source document is defective. Needs a better export or OCR, not a reviewer","article unusable: citation only: export declared a full-text section and supplied none (page scan — text is in an image, needs OCR)",article,articles/raw/usb-sept-2026/Aramark/ProQuestDocuments-2026-07-29 (1).rtf@866044,,,|Philadelphia Inquirer (1969-); Philadelphia | / 2016-12-09 / ?,articles/raw/usb-sept-2026/Aramark/ProQuestDocuments-2026-07-29 (1).rtf,
corpus,"the source document is defective. Needs a better export or OCR, not a reviewer","article unusable: citation only: export declared a full-text section and supplied none (page scan — text is in an image, needs OCR)",article,articles/raw/usb-sept-2026/Aramark/ProQuestDocuments-2026-07-29 (1).rtf@867017,,,|Chicago Tribune (2008-); Chicago | / 2016-12-07 / ?,articles/raw/usb-sept-2026/Aramark/ProQuestDocuments-2026-07-29 (1).rtf,
corpus,"the source document is defective. Needs a better export or OCR, not a reviewer","article unusable: citation only: export declared a full-text section and supplied none (page scan — text is in an image, needs OCR)",article,articles/raw/usb-sept-2026/Aramark/ProQuestDocuments-2026-07-29 (1).rtf@89006,,,"|Record Searchlight (1975-); Redding, California | / 2017-01-29 / ?",articles/raw/usb-sept-2026/Aramark/ProQuestDocuments-2026-07-29 (1).rtf,
corpus,"the source document is defective. Needs a better export or OCR, not a reviewer","article unusable: citation only: export declared a full-text section and supplied none (page scan — text is in an image, needs OCR)",article,articles/raw/usb-sept-2026/Aramark/ProQuestDocuments-2026-07-29 (1).rtf@89910,,,"|Des Moines Register (1871-); Des Moines, Iowa | / 2017-01-27 / ?",articles/raw/usb-sept-2026/Aramark/ProQuestDocuments-2026-07-29 (1).rtf,
corpus,"the source document is defective. Needs a better export or OCR, not a reviewer","article unusable: citation only: export declared a full-text section and supplied none (page scan — text is in an image, needs OCR)",article,articles/raw/usb-sept-2026/Aramark/ProQuestDocuments-2026-07-29 (1).rtf@90851,,,"|Des Moines Register (1871-); Des Moines, Iowa | / 2017-01-27 / ?",articles/raw/usb-sept-2026/Aramark/ProQuestDocuments-2026-07-29 (1).rtf,
corpus,"the source document is defective. Needs a better export or OCR, not a reviewer","article unusable: citation only: export declared a full-text section and supplied none (page scan — text is in an image, needs OCR)",article,articles/raw/usb-sept-2026/Aramark/ProQuestDocuments-2026-07-29 (1).rtf@91792,,,"|Des Moines Register (1871-); Des Moines, Iowa | / 2017-01-27 / ?",articles/raw/usb-sept-2026/Aramark/ProQuestDocuments-2026-07-29 (1).rtf,
corpus,"the source document is defective. Needs a better export or OCR, not a reviewer","article unusable: citation only: export declared a full-text section and supplied none (page scan — text is in an image, needs OCR)",article,articles/raw/usb-sept-2026/Aramark/ProQuestDocuments-2026-07-29 (1).rtf@986848,,,|Philadelphia Inquirer (1969-); Philadelphia | / 2016-12-06 / ?,articles/raw/usb-sept-2026/Aramark/ProQuestDocuments-2026-07-29 (1).rtf,
corpus,"the source document is defective. Needs a better export or OCR, not a reviewer","article unusable: citation only: export declared a full-text section and supplied none (page scan — text is in an image, needs OCR)",article,articles/raw/usb-sept-2026/Aramark/ProQuestDocuments-2026-07-29 (1).rtf@987821,,,|Philadelphia Inquirer (1969-); Philadelphia | / 2016-12-06 / ?,articles/raw/usb-sept-2026/Aramark/ProQuestDocuments-2026-07-29 (1).rtf,
corpus,"the source document is defective. Needs a better export or OCR, not a reviewer","article unusable: citation only: export declared a full-text section and supplied none (page scan — text is in an image, needs OCR)",article,articles/raw/usb-sept-2026/Sodexho/ProQuestDocuments-2026-07-29.rtf@10260,,,"|Montgomery Advertiser (1987-), 3rd Edition - Montgomery Final; Montgomery, Alabama | / 2016-12-04 / ?",articles/raw/usb-sept-2026/Sodexho/ProQuestDocuments-2026-07-29.rtf,
corpus,"the source document is defective. Needs a better export or OCR, not a reviewer","article unusable: citation only: export declared a full-text section and supplied none (page scan — text is in an image, needs OCR)",article,articles/raw/usb-sept-2026/Sodexho/ProQuestDocuments-2026-07-29.rtf@141504,,,|New York Times (2008-); New York | / 2016-11-06 / ?,articles/raw/usb-sept-2026/Sodexho/ProQuestDocuments-2026-07-29.rtf,
corpus,"the source document is defective. Needs a better export or OCR, not a reviewer","article unusable: citation only: export declared a full-text section and supplied none (page scan — text is in an image, needs OCR)",article,articles/raw/usb-sept-2026/Sodexho/ProQuestDocuments-2026-07-29.rtf@148267,,,|Burlington Free Press (1923-); Burlington | / 2016-11-03 / ?,articles/raw/usb-sept-2026/Sodexho/ProQuestDocuments-2026-07-29.rtf,
corpus,"the source document is defective. Needs a better export or OCR, not a reviewer","article unusable: citation only: export declared a full-text section and supplied none (page scan — text is in an image, needs OCR)",article,articles/raw/usb-sept-2026/Sodexho/ProQuestDocuments-2026-07-29.rtf@149207,,,"|The Hartford Courant (2008-); Hartford, Connecticut | / 2016-11-03 / ?",articles/raw/usb-sept-2026/Sodexho/ProQuestDocuments-2026-07-29.rtf,
corpus,"the source document is defective. Needs a better export or OCR, not a reviewer","article unusable: citation only: export declared a full-text section and supplied none (page scan — text is in an image, needs OCR)",article,articles/raw/usb-sept-2026/Sodexho/ProQuestDocuments-2026-07-29.rtf@165017,,,|Philadelphia Inquirer (1969-); Philadelphia | / 2016-11-01 / ?,articles/raw/usb-sept-2026/Sodexho/ProQuestDocuments-2026-07-29.rtf,
corpus,"the source document is defective. Needs a better export or OCR, not a reviewer","article unusable: citation only: export declared a full-text section and supplied none (page scan — text is in an image, needs OCR)",article,articles/raw/usb-sept-2026/Sodexho/ProQuestDocuments-2026-07-29.rtf@18585,,,"|The Spokesman-Review (1894-); Spokane, Washington | / 2016-11-23 / ?",articles/raw/usb-sept-2026/Sodexho/ProQuestDocuments-2026-07-29.rtf,
corpus,"the source document is defective. Needs a better export or OCR, not a reviewer","article unusable: citation only: export declared a full-text section and supplied none (page scan — text is in an image, needs OCR)",article,articles/raw/usb-sept-2026/Sodexho/ProQuestDocuments-2026-07-29.rtf@195196,,,|London Evening Standard (2011-2018); London (UK) | / 2016-10-19 / ?,articles/raw/usb-sept-2026/Sodexho/ProQuestDocuments-2026-07-29.rtf,
corpus,"the source document is defective. Needs a better export or OCR, not a reviewer","article unusable: citation only: export declared a full-text section and supplied none (page scan — text is in an image, needs OCR)",article,articles/raw/usb-sept-2026/Sodexho/ProQuestDocuments-2026-07-29.rtf@208061,,,"|The Daily Advertiser (1914-); Lafayette, Louisiana | / 2016-10-13 / ?",articles/raw/usb-sept-2026/Sodexho/ProQuestDocuments-2026-07-29.rtf,
corpus,"the source document is defective. Needs a better export or OCR, not a reviewer","article unusable: citation only: export declared a full-text section and supplied none (page scan — text is in an image, needs OCR)",article,articles/raw/usb-sept-2026/Sodexho/ProQuestDocuments-2026-07-29.rtf@208970,,,|Philadelphia Inquirer (1969-); Philadelphia | / 2016-10-12 / ?,articles/raw/usb-sept-2026/Sodexho/ProQuestDocuments-2026-07-29.rtf,
corpus,"the source document is defective. Needs a better export or OCR, not a reviewer","article unusable: citation only: export declared a full-text section and supplied none (page scan — text is in an image, needs OCR)",article,articles/raw/usb-sept-2026/Sodexho/ProQuestDocuments-2026-07-29.rtf@212702,,,"|The Daily Advertiser (1914-); Lafayette, Louisiana | / 2016-10-11 / ?",articles/raw/usb-sept-2026/Sodexho/ProQuestDocuments-2026-07-29.rtf,
corpus,"the source document is defective. Needs a better export or OCR, not a reviewer","article unusable: citation only: export declared a full-text section and supplied none (page scan — text is in an image, needs OCR)",article,articles/raw/usb-sept-2026/Sodexho/ProQuestDocuments-2026-07-29.rtf@213614,,,"|Des Moines Register (1871-); Des Moines, Iowa | / 2016-10-11 / ?",articles/raw/usb-sept-2026/Sodexho/ProQuestDocuments-2026-07-29.rtf,
corpus,"the source document is defective. Needs a better export or OCR, not a reviewer","article unusable: citation only: export declared a full-text section and supplied none (page scan — text is in an image, needs OCR)",article,articles/raw/usb-sept-2026/Sodexho/ProQuestDocuments-2026-07-29.rtf@214557,,,|Philadelphia Inquirer (1969-); Philadelphia | / 2016-10-11 / ?,articles/raw/usb-sept-2026/Sodexho/ProQuestDocuments-2026-07-29.rtf,
corpus,"the source document is defective. Needs a better export or OCR, not a reviewer","article unusable: citation only: export declared a full-text section and supplied none (page scan — text is in an image, needs OCR)",article,articles/raw/usb-sept-2026/Sodexho/ProQuestDocuments-2026-07-29.rtf@221751,,,"|The Record (1960-); Hackensack, New Jersey | / 2016-10-01 / ?",articles/raw/usb-sept-2026/Sodexho/ProQuestDocuments-2026-07-29.rtf,
corpus,"the source document is defective. Needs a better export or OCR, not a reviewer","article unusable: citation only: export declared a full-text section and supplied none (page scan — text is in an image, needs OCR)",article,articles/raw/usb-sept-2026/Sodexho/ProQuestDocuments-2026-07-29.rtf@222684,,,"|The North Jersey Herald & News (1987-); Passaic, New Jersey | / 2016-10-01 / ?",articles/raw/usb-sept-2026/Sodexho/ProQuestDocuments-2026-07-29.rtf,
corpus,"the source document is defective. Needs a better export or OCR, not a reviewer","article unusable: citation only: export declared a full-text section and supplied none (page scan — text is in an image, needs OCR)",article,articles/raw/usb-sept-2026/Sodexho/ProQuestDocuments-2026-07-29.rtf@231842,,,"|Albuquerque Journal (1926-); Albuquerque, New Mexico | / 2016-09-28 / ?",articles/raw/usb-sept-2026/Sodexho/ProQuestDocuments-2026-07-29.rtf,
corpus,"the source document is defective. Needs a better export or OCR, not a reviewer","article unusable: citation only: export declared a full-text section and supplied none (page scan — text is in an image, needs OCR)",article,articles/raw/usb-sept-2026/Sodexho/ProQuestDocuments-2026-07-29.rtf@236554,,,"|Albuquerque Journal (1926-); Albuquerque, New Mexico | / 2016-09-25 / ?",articles/raw/usb-sept-2026/Sodexho/ProQuestDocuments-2026-07-29.rtf,
corpus,"the source document is defective. Needs a better export or OCR, not a reviewer","article unusable: citation only: export declared a full-text section and supplied none (page scan — text is in an image, needs OCR)",article,articles/raw/usb-sept-2026/Sodexho/ProQuestDocuments-2026-07-29.rtf@251447,,,"|Albuquerque Journal (1926-); Albuquerque, New Mexico | / 2016-09-21 / ?",articles/raw/usb-sept-2026/Sodexho/ProQuestDocuments-2026-07-29.rtf,
corpus,"the source document is defective. Needs a better export or OCR, not a reviewer","article unusable: citation only: export declared a full-text section and supplied none (page scan — text is in an image, needs OCR)",article,articles/raw/usb-sept-2026/Sodexho/ProQuestDocuments-2026-07-29.rtf@252411,,,"|The Hamilton Spectator (1997-); Hamilton, Ontario | / 2016-09-17 / ?",articles/raw/usb-sept-2026/Sodexho/ProQuestDocuments-2026-07-29.rtf,
corpus,"the source document is defective. Needs a better export or OCR, not a reviewer","article unusable: citation only: export declared a full-text section and supplied none (page scan — text is in an image, needs OCR)",article,articles/raw/usb-sept-2026/Sodexho/ProQuestDocuments-2026-07-29.rtf@253437,,,"|The Daily Advertiser (1914-); Lafayette, Louisiana | / 2016-09-16 / ?",articles/raw/usb-sept-2026/Sodexho/ProQuestDocuments-2026-07-29.rtf,
corpus,"the source document is defective. Needs a better export or OCR, not a reviewer","article unusable: citation only: export declared a full-text section and supplied none (page scan — text is in an image, needs OCR)",article,articles/raw/usb-sept-2026/Sodexho/ProQuestDocuments-2026-07-29.rtf@277758,,,|London Evening Standard (2011-2018); London (UK) | / 2016-09-08 / ?,articles/raw/usb-sept-2026/Sodexho/ProQuestDocuments-2026-07-29.rtf,
corpus,"the source document is defective. Needs a better export or OCR, not a reviewer","article unusable: citation only: export declared a full-text section and supplied none (page scan — text is in an image, needs OCR)",article,articles/raw/usb-sept-2026/Sodexho/ProQuestDocuments-2026-07-29.rtf@278684,,,"|The Washington Post (2008-), Final Edition; Washington | / 2016-09-04 / ?",articles/raw/usb-sept-2026/Sodexho/ProQuestDocuments-2026-07-29.rtf,
corpus,"the source document is defective. Needs a better export or OCR, not a reviewer","article unusable: citation only: export declared a full-text section and supplied none (page scan — text is in an image, needs OCR)",article,articles/raw/usb-sept-2026/Sodexho/ProQuestDocuments-2026-07-29.rtf@279671,,,"|The Daily Advertiser (1914-); Lafayette, Louisiana | / 2016-09-03 / ?",articles/raw/usb-sept-2026/Sodexho/ProQuestDocuments-2026-07-29.rtf,
corpus,"the source document is defective. Needs a better export or OCR, not a reviewer","article unusable: citation only: export declared a full-text section and supplied none (page scan — text is in an image, needs OCR)",article,articles/raw/usb-sept-2026/Sodexho/ProQuestDocuments-2026-07-29.rtf@280580,,,"|The Washington Post (2008-), Final Edition; Washington | / 2016-09-03 / ?",articles/raw/usb-sept-2026/Sodexho/ProQuestDocuments-2026-07-29.rtf,
corpus,"the source document is defective. Needs a better export or OCR, not a reviewer","article unusable: citation only: export declared a full-text section and supplied none (page scan — text is in an image, needs OCR)",article,articles/raw/usb-sept-2026/Sodexho/ProQuestDocuments-2026-07-29.rtf@310974,,,"|The Morning Call (1939-); Allentown, Pennsylvania | / 2016-08-28 / ?",articles/raw/usb-sept-2026/Sodexho/ProQuestDocuments-2026-07-29.rtf,
corpus,"the source document is defective. Needs a better export or OCR, not a reviewer","article unusable: citation only: export declared a full-text section and supplied none (page scan — text is in an image, needs OCR)",article,articles/raw/usb-sept-2026/Sodexho/ProQuestDocuments-2026-07-29.rtf@311950,,,"|The Naples Daily News (1970-); Naples, Florida | / 2016-08-27 / ?",articles/raw/usb-sept-2026/Sodexho/ProQuestDocuments-2026-07-29.rtf,
corpus,"the source document is defective. Needs a better export or OCR, not a reviewer","article unusable: citation only: export declared a full-text section and supplied none (page scan — text is in an image, needs OCR)",article,articles/raw/usb-sept-2026/Sodexho/ProQuestDocuments-2026-07-29.rtf@312874,,,"|Fort Myers News-Press (1931-); Fort Myers, Florida | / 2016-08-27 / ?",articles/raw/usb-sept-2026/Sodexho/ProQuestDocuments-2026-07-29.rtf,
corpus,"the source document is defective. Needs a better export or OCR, not a reviewer","article unusable: citation only: export declared a full-text section and supplied none (page scan — text is in an image, needs OCR)",article,articles/raw/usb-sept-2026/Sodexho/ProQuestDocuments-2026-07-29.rtf@318726,,,"|Des Moines Register (1871-); Des Moines, Iowa | / 2016-08-26 / ?",articles/raw/usb-sept-2026/Sodexho/ProQuestDocuments-2026-07-29.rtf,
corpus,"the source document is defective. Needs a better export or OCR, not a reviewer","article unusable: citation only: export declared a full-text section and supplied none (page scan — text is in an image, needs OCR)",article,articles/raw/usb-sept-2026/Sodexho/ProQuestDocuments-2026-07-29.rtf@319664,,,|Pittsburgh Post-Gazette (1927-); Pittsburgh | / 2016-08-24 / ?,articles/raw/usb-sept-2026/Sodexho/ProQuestDocuments-2026-07-29.rtf,
corpus,"the source document is defective. Needs a better export or OCR, not a reviewer","article unusable: citation only: export declared a full-text section and supplied none (page scan — text is in an image, needs OCR)",article,articles/raw/usb-sept-2026/Sodexho/ProQuestDocuments-2026-07-29.rtf@320540,,,|Philadelphia Inquirer (1969-); Philadelphia | / 2016-08-24 / ?,articles/raw/usb-sept-2026/Sodexho/ProQuestDocuments-2026-07-29.rtf,
corpus,"the source document is defective. Needs a better export or OCR, not a reviewer","article unusable: citation only: export declared a full-text section and supplied none (page scan — text is in an image, needs OCR)",article,articles/raw/usb-sept-2026/Sodexho/ProQuestDocuments-2026-07-29.rtf@321513,,,"|The Daily Advertiser (1914-); Lafayette, Louisiana | / 2016-08-20 / ?",articles/raw/usb-sept-2026/Sodexho/ProQuestDocuments-2026-07-29.rtf,
corpus,"the source document is defective. Needs a better export or OCR, not a reviewer","article unusable: citation only: export declared a full-text section and supplied none (page scan — text is in an image, needs OCR)",article,articles/raw/usb-sept-2026/Sodexho/ProQuestDocuments-2026-07-29.rtf@328322,,,"|Tampa Bay Times (2012-); Tampa Bay, Florida | / 2016-08-17 / ?",articles/raw/usb-sept-2026/Sodexho/ProQuestDocuments-2026-07-29.rtf,
corpus,"the source document is defective. Needs a better export or OCR, not a reviewer","article unusable: citation only: export declared a full-text section and supplied none (page scan — text is in an image, needs OCR)",article,articles/raw/usb-sept-2026/Sodexho/ProQuestDocuments-2026-07-29.rtf@329296,,,"|Tampa Bay Times (2012-); Tampa Bay, Florida | / 2016-08-17 / ?",articles/raw/usb-sept-2026/Sodexho/ProQuestDocuments-2026-07-29.rtf,
corpus,"the source document is defective. Needs a better export or OCR, not a reviewer","article unusable: citation only: export declared a full-text section and supplied none (page scan — text is in an image, needs OCR)",article,articles/raw/usb-sept-2026/Sodexho/ProQuestDocuments-2026-07-29.rtf@330270,,,"|Tampa Bay Times (2012-); Tampa Bay, Florida | / 2016-08-17 / ?",articles/raw/usb-sept-2026/Sodexho/ProQuestDocuments-2026-07-29.rtf,
corpus,"the source document is defective. Needs a better export or OCR, not a reviewer","article unusable: citation only: export declared a full-text section and supplied none (page scan — text is in an image, needs OCR)",article,articles/raw/usb-sept-2026/Sodexho/ProQuestDocuments-2026-07-29.rtf@333363,,,|Asbury Park Press (1974-); Asbury Park | / 2016-08-14 / ?,articles/raw/usb-sept-2026/Sodexho/ProQuestDocuments-2026-07-29.rtf,
corpus,"the source document is defective. Needs a better export or OCR, not a reviewer","article unusable: citation only: export declared a full-text section and supplied none (page scan — text is in an image, needs OCR)",article,articles/raw/usb-sept-2026/Sodexho/ProQuestDocuments-2026-07-29.rtf@334281,,,"|The Bangor Daily News (1900-); Bangor, Maine | / 2016-08-11 / ?",articles/raw/usb-sept-2026/Sodexho/ProQuestDocuments-2026-07-29.rtf,
corpus,"the source document is defective. Needs a better export or OCR, not a reviewer","article unusable: citation only: export declared a full-text section and supplied none (page scan — text is in an image, needs OCR)",article,articles/raw/usb-sept-2026/Sodexho/ProQuestDocuments-2026-07-29.rtf@335256,,,"|The Bangor Daily News (1900-); Bangor, Maine | / 2016-08-10 / ?",articles/raw/usb-sept-2026/Sodexho/ProQuestDocuments-2026-07-29.rtf,
corpus,"the source document is defective. Needs a better export or OCR, not a reviewer","article unusable: citation only: export declared a full-text section and supplied none (page scan — text is in an image, needs OCR)",article,articles/raw/usb-sept-2026/Sodexho/ProQuestDocuments-2026-07-29.rtf@336231,,,|Star Tribune (1987-); Minneapolis | / 2016-08-07 / ?,articles/raw/usb-sept-2026/Sodexho/ProQuestDocuments-2026-07-29.rtf,
corpus,"the source document is defective. Needs a better export or OCR, not a reviewer","article unusable: citation only: export declared a full-text section and supplied none (page scan — text is in an image, needs OCR)",article,articles/raw/usb-sept-2026/Sodexho/ProQuestDocuments-2026-07-29.rtf@337171,,,"|The Washington Post (2008-), Final Edition; Washington | / 2016-08-07 / ?",articles/raw/usb-sept-2026/Sodexho/ProQuestDocuments-2026-07-29.rtf,
corpus,"the source document is defective. Needs a better export or OCR, not a reviewer","article unusable: citation only: export declared a full-text section and supplied none (page scan — text is in an image, needs OCR)",article,articles/raw/usb-sept-2026/Sodexho/ProQuestDocuments-2026-07-29.rtf@351130,,,"|The Bangor Daily News (1900-); Bangor, Maine | / 2016-08-05 / ?",articles/raw/usb-sept-2026/Sodexho/ProQuestDocuments-2026-07-29.rtf,
corpus,"the source document is defective. Needs a better export or OCR, not a reviewer","article unusable: citation only: export declared a full-text section and supplied none (page scan — text is in an image, needs OCR)",article,articles/raw/usb-sept-2026/Sodexho/ProQuestDocuments-2026-07-29.rtf@362348,,,"|St. Cloud Times (1988-); St Cloud, Minnesota | / 2016-07-31 / ?",articles/raw/usb-sept-2026/Sodexho/ProQuestDocuments-2026-07-29.rtf,
corpus,"the source document is defective. Needs a better export or OCR, not a reviewer","article unusable: citation only: export declared a full-text section and supplied none (page scan — text is in an image, needs OCR)",article,articles/raw/usb-sept-2026/Sodexho/ProQuestDocuments-2026-07-29.rtf@371966,,,"|Dayton Daily News (1987-); Dayton, Ohio | / 2016-07-30 / ?",articles/raw/usb-sept-2026/Sodexho/ProQuestDocuments-2026-07-29.rtf,
corpus,"the source document is defective. Needs a better export or OCR, not a reviewer","article unusable: citation only: export declared a full-text section and supplied none (page scan — text is in an image, needs OCR)",article,articles/raw/usb-sept-2026/Sodexho/ProQuestDocuments-2026-07-29.rtf@372967,,,"|Des Moines Register (1871-); Des Moines, Iowa | / 2016-07-29 / ?",articles/raw/usb-sept-2026/Sodexho/ProQuestDocuments-2026-07-29.rtf,
corpus,"the source document is defective. Needs a better export or OCR, not a reviewer","article unusable: citation only: export declared a full-text section and supplied none (page scan — text is in an image, needs OCR)",article,articles/raw/usb-sept-2026/Sodexho/ProQuestDocuments-2026-07-29.rtf@48672,,,"|The Daily Advertiser (1914-); Lafayette, Louisiana | / 2016-11-21 / ?",articles/raw/usb-sept-2026/Sodexho/ProQuestDocuments-2026-07-29.rtf,
corpus,"the source document is defective. Needs a better export or OCR, not a reviewer","article unusable: citation only: export declared a full-text section and supplied none (page scan — text is in an image, needs OCR)",article,articles/raw/usb-sept-2026/Sodexho/ProQuestDocuments-2026-07-29.rtf@49583,,,"|The Morning Call (1939-); Allentown, Pennsylvania | / 2016-11-20 / ?",articles/raw/usb-sept-2026/Sodexho/ProQuestDocuments-2026-07-29.rtf,
corpus,"the source document is defective. Needs a better export or OCR, not a reviewer","article unusable: citation only: export declared a full-text section and supplied none (page scan — text is in an image, needs OCR)",article,articles/raw/usb-sept-2026/Sodexho/ProQuestDocuments-2026-07-29.rtf@63159,,,"|The Spokesman-Review (1894-); Spokane, Washington | / 2016-11-17 / ?",articles/raw/usb-sept-2026/Sodexho/ProQuestDocuments-2026-07-29.rtf,
corpus,"the source document is defective. Needs a better export or OCR, not a reviewer","article unusable: citation only: export declared a full-text section and supplied none (page scan — text is in an image, needs OCR)",article,articles/raw/usb-sept-2026/Sodexho/ProQuestDocuments-2026-07-29.rtf@64138,,,"|The Spokesman-Review (1894-); Spokane, Washington | / 2016-11-17 / ?",articles/raw/usb-sept-2026/Sodexho/ProQuestDocuments-2026-07-29.rtf,
corpus,"the source document is defective. Needs a better export or OCR, not a reviewer","article unusable: citation only: export declared a full-text section and supplied none (page scan — text is in an image, needs OCR)",article,articles/raw/usb-sept-2026/Sodexho/ProQuestDocuments-2026-07-29.rtf@65117,,,"|The Spokesman-Review (1894-); Spokane, Washington | / 2016-11-17 / ?",articles/raw/usb-sept-2026/Sodexho/ProQuestDocuments-2026-07-29.rtf,
corpus,"the source document is defective. Needs a better export or OCR, not a reviewer",article unusable: date has no day — not filled in,article,articles/raw/usb-sept-2026/Aramark/ProQuestDocuments-2026-07-29 (1).rtf@2570644,,,|Foodservice Director; New York | / ? / THE VALUE OF VIDEOS,articles/raw/usb-sept-2026/Aramark/ProQuestDocuments-2026-07-29 (1).rtf,"Headnote Marketing and training on Snapchat, Instagram and YouTube. Getting likes and shares for Instagram, YouTube and Snapchat videos is cool, but not as important as using those platforms to create a sense of community among diners and staff, says Robert Fl"
corpus,"the source document is defective. Needs a better export or OCR, not a reviewer",article unusable: date has no day — not filled in,article,articles/raw/usb-sept-2026/Aramark/ProQuestDocuments-2026-07-29 (1).rtf@3046611,,,"|BioCycle; Emmaus | / ? / BEYOND BEAUTY - ASSESSING MARKETS FOR ""IMPERFECTS""",articles/raw/usb-sept-2026/Aramark/ProQuestDocuments-2026-07-29 (1).rtf,"With support from a U.S. Department of Agriculture Specialty Crop grant, JoAnne Berkenkamp of Tomorrow's Table, in collaboration with The Real Food Challenge, carried out the Beyond Beauty initiative to explore the potential to develop commercial markets for c"
corpus,"the source document is defective. Needs a better export or OCR, not a reviewer",article unusable: date has no day — not filled in,article,articles/raw/usb-sept-2026/Aramark/ProQuestDocuments-2026-07-29 (1).rtf@321236,,,|Health Services Insights; London | / ? / Marketization in Long-Term Care: A Cross-Country Comparison of Large For-Profit Nursing Home Chains,articles/raw/usb-sept-2026/Aramark/ProQuestDocuments-2026-07-29 (1).rtf,Marketization of health and social service organizations includes the ideas of privatizing funding streams and commercializing services.1 The use of competing private providers to provide health services was widely supported by the concept of new public manage
corpus,"the source document is defective. Needs a better export or OCR, not a reviewer",article unusable: date has no day — not filled in,article,articles/raw/usb-sept-2026/Aramark/ProQuestDocuments-2026-07-29 (1).rtf@699474,,,|Foodservice Director; New York | / ? / ANATOMY OF A RENOVATION,articles/raw/usb-sept-2026/Aramark/ProQuestDocuments-2026-07-29 (1).rtf,"Headnote DESIGN How The University of Chicago Medical Center juggled its priorities to overhaul a kitchen. BY DANA MORAN In 2014, the foodservice operations at The University of Chicago Medical Center got a major surprise. Two floors of its Center for Care and"
corpus,"the source document is defective. Needs a better export or OCR, not a reviewer",article unusable: date has no day — not filled in,article,articles/raw/usb-sept-2026/Sodexho/ProQuestDocuments-2026-07-29.rtf@352101,,,|Foodservice Director; New York | / ? / CHALLENGE ACCEPTED,articles/raw/usb-sept-2026/Sodexho/ProQuestDocuments-2026-07-29.rtf,"Headnote SUSTAINABILITY Waste reduction efforts can show results beyond the environment. The buffet tables in the dining halls at the University of California, Santa Cruz were impressively arranged with plates teeming with sandwiches, pizzas, fries and vegetab"
corpus,"the source document is defective. Needs a better export or OCR, not a reviewer",article unusable: date has no day — not filled in,article,articles/raw/usb-sept-2026/Sodexho/ProQuestDocuments-2026-07-29.rtf@357088,,,|Foodservice Director; New York | / ? / #THROWBACK: 3 RULES FOR MODERN DECADE-THEME DINING,articles/raw/usb-sept-2026/Sodexho/ProQuestDocuments-2026-07-29.rtf,"Headnote MARKETING Bank on nostalgia for new memories. Look to social media's Throwback Thursday photos and Facebook Memories, and it's clear there's a heavy nostalgia for days not-so-long past. Foodservice operators are tapping into diners' desire for simpler"
corpus,"the source document is defective. Needs a better export or OCR, not a reviewer",article unusable: no headline found,article,articles/raw/usb-sept-2026/Aramark/ProQuestDocuments-2026-07-29 (1).rtf@0,,,"|Boston Globe (2008-); Boston, Massachusetts | / 2017-02-01 / ?",articles/raw/usb-sept-2026/Aramark/ProQuestDocuments-2026-07-29 (1).rtf,
corpus,"the source document is defective. Needs a better export or OCR, not a reviewer",article unusable: no headline found,article,articles/raw/usb-sept-2026/Aramark/ProQuestDocuments-2026-07-29 (1).rtf@1021002,,,|Chicago Tribune (2008-); Chicago | / 2016-12-05 / ?,articles/raw/usb-sept-2026/Aramark/ProQuestDocuments-2026-07-29 (1).rtf,
corpus,"the source document is defective. Needs a better export or OCR, not a reviewer",article unusable: no headline found,article,articles/raw/usb-sept-2026/Aramark/ProQuestDocuments-2026-07-29 (1).rtf@1046337,,,"|Des Moines Register (1871-); Des Moines, Iowa | / 2016-12-02 / ?",articles/raw/usb-sept-2026/Aramark/ProQuestDocuments-2026-07-29 (1).rtf,
corpus,"the source document is defective. Needs a better export or OCR, not a reviewer",article unusable: no headline found,article,articles/raw/usb-sept-2026/Aramark/ProQuestDocuments-2026-07-29 (1).rtf@1047279,,,"|Des Moines Register (1871-); Des Moines, Iowa | / 2016-12-02 / ?",articles/raw/usb-sept-2026/Aramark/ProQuestDocuments-2026-07-29 (1).rtf,
corpus,"the source document is defective. Needs a better export or OCR, not a reviewer",article unusable: no headline found,article,articles/raw/usb-sept-2026/Aramark/ProQuestDocuments-2026-07-29 (1).rtf@1066999,,,"|Boston Globe (2008-); Boston, Massachusetts | / 2016-11-29 / ?",articles/raw/usb-sept-2026/Aramark/ProQuestDocuments-2026-07-29 (1).rtf,
corpus,"the source document is defective. Needs a better export or OCR, not a reviewer",article unusable: no headline found,article,articles/raw/usb-sept-2026/Aramark/ProQuestDocuments-2026-07-29 (1).rtf@1075555,,,"|St. Lucie News Tribune (2009-); Fort Pierce, Florida | / 2016-11-28 / ?",articles/raw/usb-sept-2026/Aramark/ProQuestDocuments-2026-07-29 (1).rtf,
corpus,"the source document is defective. Needs a better export or OCR, not a reviewer",article unusable: no headline found,article,articles/raw/usb-sept-2026/Aramark/ProQuestDocuments-2026-07-29 (1).rtf@1076477,,,"|The Stuart News (1938-); Stuart, Florida | / 2016-11-28 / ?",articles/raw/usb-sept-2026/Aramark/ProQuestDocuments-2026-07-29 (1).rtf,
corpus,"the source document is defective. Needs a better export or OCR, not a reviewer",article unusable: no headline found,article,articles/raw/usb-sept-2026/Aramark/ProQuestDocuments-2026-07-29 (1).rtf@1077401,,,"|Indian River Press Journal (1991-); Vero Beach, Florida | / 2016-11-28 / ?",articles/raw/usb-sept-2026/Aramark/ProQuestDocuments-2026-07-29 (1).rtf,
corpus,"the source document is defective. Needs a better export or OCR, not a reviewer",article unusable: no headline found,article,articles/raw/usb-sept-2026/Aramark/ProQuestDocuments-2026-07-29 (1).rtf@1078338,,,|Chicago Tribune (2008-); Chicago | / 2016-11-28 / ?,articles/raw/usb-sept-2026/Aramark/ProQuestDocuments-2026-07-29 (1).rtf,
corpus,"the source document is defective. Needs a better export or OCR, not a reviewer",article unusable: no headline found,article,articles/raw/usb-sept-2026/Aramark/ProQuestDocuments-2026-07-29 (1).rtf@1087147,,,"|The Greenville News (1920-); Greenville, South Carolina | / 2016-11-27 / ?",articles/raw/usb-sept-2026/Aramark/ProQuestDocuments-2026-07-29 (1).rtf,
corpus,"the source document is defective. Needs a better export or OCR, not a reviewer",article unusable: no headline found,article,articles/raw/usb-sept-2026/Aramark/ProQuestDocuments-2026-07-29 (1).rtf@1088086,,,"|Green Bay Press Gazette (1915-); Green Bay, Wisconsin | / 2016-11-27 / ?",articles/raw/usb-sept-2026/Aramark/ProQuestDocuments-2026-07-29 (1).rtf,
corpus,"the source document is defective. Needs a better export or OCR, not a reviewer",article unusable: no headline found,article,articles/raw/usb-sept-2026/Aramark/ProQuestDocuments-2026-07-29 (1).rtf@1089033,,,"|Des Moines Register (1871-); Des Moines, Iowa | / 2016-11-23 / ?",articles/raw/usb-sept-2026/Aramark/ProQuestDocuments-2026-07-29 (1).rtf,
corpus,"the source document is defective. Needs a better export or OCR, not a reviewer",article unusable: no headline found,article,articles/raw/usb-sept-2026/Aramark/ProQuestDocuments-2026-07-29 (1).rtf@1089970,,,"|Des Moines Register (1871-); Des Moines, Iowa | / 2016-11-23 / ?",articles/raw/usb-sept-2026/Aramark/ProQuestDocuments-2026-07-29 (1).rtf,
corpus,"the source document is defective. Needs a better export or OCR, not a reviewer",article unusable: no headline found,article,articles/raw/usb-sept-2026/Aramark/ProQuestDocuments-2026-07-29 (1).rtf@1090904,,,"|El Paso Times (1921-); El Paso, Texas | / 2016-11-22 / ?",articles/raw/usb-sept-2026/Aramark/ProQuestDocuments-2026-07-29 (1).rtf,
corpus,"the source document is defective. Needs a better export or OCR, not a reviewer",article unusable: no headline found,article,articles/raw/usb-sept-2026/Aramark/ProQuestDocuments-2026-07-29 (1).rtf@1102968,,,"|Des Moines Register (1871-); Des Moines, Iowa | / 2016-11-18 / ?",articles/raw/usb-sept-2026/Aramark/ProQuestDocuments-2026-07-29 (1).rtf,
corpus,"the source document is defective. Needs a better export or OCR, not a reviewer",article unusable: no headline found,article,articles/raw/usb-sept-2026/Aramark/ProQuestDocuments-2026-07-29 (1).rtf@1103914,,,"|Des Moines Register (1871-); Des Moines, Iowa | / 2016-11-18 / ?",articles/raw/usb-sept-2026/Aramark/ProQuestDocuments-2026-07-29 (1).rtf,
corpus,"the source document is defective. Needs a better export or OCR, not a reviewer",article unusable: no headline found,article,articles/raw/usb-sept-2026/Aramark/ProQuestDocuments-2026-07-29 (1).rtf@1116906,,,"|Albuquerque Journal (1926-); Albuquerque, New Mexico | / 2016-11-17 / ?",articles/raw/usb-sept-2026/Aramark/ProQuestDocuments-2026-07-29 (1).rtf,
corpus,"the source document is defective. Needs a better export or OCR, not a reviewer",article unusable: no headline found,article,articles/raw/usb-sept-2026/Aramark/ProQuestDocuments-2026-07-29 (1).rtf@1124060,,,"|The News-Star (2001-); Monroe, Louisiana | / 2016-11-16 / ?",articles/raw/usb-sept-2026/Aramark/ProQuestDocuments-2026-07-29 (1).rtf,
corpus,"the source document is defective. Needs a better export or OCR, not a reviewer",article unusable: no headline found,article,articles/raw/usb-sept-2026/Aramark/ProQuestDocuments-2026-07-29 (1).rtf@1125009,,,"|The Knoxville News-Sentinel (1926-); Knoxville, Tennessee | / 2016-11-16 / ?",articles/raw/usb-sept-2026/Aramark/ProQuestDocuments-2026-07-29 (1).rtf,
corpus,"the source document is defective. Needs a better export or OCR, not a reviewer",article unusable: no headline found,article,articles/raw/usb-sept-2026/Aramark/ProQuestDocuments-2026-07-29 (1).rtf@1125959,,,|Philadelphia Inquirer (1969-); Philadelphia | / 2016-11-16 / ?,articles/raw/usb-sept-2026/Aramark/ProQuestDocuments-2026-07-29 (1).rtf,
corpus,"the source document is defective. Needs a better export or OCR, not a reviewer",article unusable: no headline found,article,articles/raw/usb-sept-2026/Aramark/ProQuestDocuments-2026-07-29 (1).rtf@123993,,,"|Albuquerque Journal (1926-); Albuquerque, New Mexico | / 2017-01-26 / ?",articles/raw/usb-sept-2026/Aramark/ProQuestDocuments-2026-07-29 (1).rtf,
corpus,"the source document is defective. Needs a better export or OCR, not a reviewer",article unusable: no headline found,article,articles/raw/usb-sept-2026/Aramark/ProQuestDocuments-2026-07-29 (1).rtf@1244013,,,"|Fort Myers News-Press (1931-); Fort Myers, Florida | / 2016-11-14 / ?",articles/raw/usb-sept-2026/Aramark/ProQuestDocuments-2026-07-29 (1).rtf,
corpus,"the source document is defective. Needs a better export or OCR, not a reviewer",article unusable: no headline found,article,articles/raw/usb-sept-2026/Aramark/ProQuestDocuments-2026-07-29 (1).rtf@1263381,,,|Philadelphia Inquirer (1969-); Philadelphia | / 2016-11-13 / ?,articles/raw/usb-sept-2026/Aramark/ProQuestDocuments-2026-07-29 (1).rtf,
corpus,"the source document is defective. Needs a better export or OCR, not a reviewer",article unusable: no headline found,article,articles/raw/usb-sept-2026/Aramark/ProQuestDocuments-2026-07-29 (1).rtf@1270824,,,"|The Knoxville News-Sentinel (1926-); Knoxville, Tennessee | / 2016-11-11 / ?",articles/raw/usb-sept-2026/Aramark/ProQuestDocuments-2026-07-29 (1).rtf,
corpus,"the source document is defective. Needs a better export or OCR, not a reviewer",article unusable: no headline found,article,articles/raw/usb-sept-2026/Aramark/ProQuestDocuments-2026-07-29 (1).rtf@127885,,,"|Des Moines Register (1871-); Des Moines, Iowa | / 2017-01-25 / ?",articles/raw/usb-sept-2026/Aramark/ProQuestDocuments-2026-07-29 (1).rtf,
corpus,"the source document is defective. Needs a better export or OCR, not a reviewer",article unusable: no headline found,article,articles/raw/usb-sept-2026/Aramark/ProQuestDocuments-2026-07-29 (1).rtf@1295640,,,"|The Knoxville News-Sentinel (1926-); Knoxville, Tennessee | / 2016-11-09 / ?",articles/raw/usb-sept-2026/Aramark/ProQuestDocuments-2026-07-29 (1).rtf,
corpus,"the source document is defective. Needs a better export or OCR, not a reviewer",article unusable: no headline found,article,articles/raw/usb-sept-2026/Aramark/ProQuestDocuments-2026-07-29 (1).rtf@1306000,,,|Philadelphia Inquirer (1969-); Philadelphia | / 2016-11-07 / ?,articles/raw/usb-sept-2026/Aramark/ProQuestDocuments-2026-07-29 (1).rtf,
corpus,"the source document is defective. Needs a better export or OCR, not a reviewer",article unusable: no headline found,article,articles/raw/usb-sept-2026/Aramark/ProQuestDocuments-2026-07-29 (1).rtf@1306973,,,|Philadelphia Inquirer (1969-); Philadelphia | / 2016-11-07 / ?,articles/raw/usb-sept-2026/Aramark/ProQuestDocuments-2026-07-29 (1).rtf,
corpus,"the source document is defective. Needs a better export or OCR, not a reviewer",article unusable: no headline found,article,articles/raw/usb-sept-2026/Aramark/ProQuestDocuments-2026-07-29 (1).rtf@1320496,,,"|Times Record News (1987-); Wichita Falls, Texas | / 2016-11-06 / ?",articles/raw/usb-sept-2026/Aramark/ProQuestDocuments-2026-07-29 (1).rtf,
corpus,"the source document is defective. Needs a better export or OCR, not a reviewer",article unusable: no headline found,article,articles/raw/usb-sept-2026/Aramark/ProQuestDocuments-2026-07-29 (1).rtf@1321444,,,"|The Knoxville News-Sentinel (1926-); Knoxville, Tennessee | / 2016-11-04 / ?",articles/raw/usb-sept-2026/Aramark/ProQuestDocuments-2026-07-29 (1).rtf,
corpus,"the source document is defective. Needs a better export or OCR, not a reviewer",article unusable: no headline found,article,articles/raw/usb-sept-2026/Aramark/ProQuestDocuments-2026-07-29 (1).rtf@1322390,,,"|The Knoxville News-Sentinel (1926-); Knoxville, Tennessee | / 2016-11-04 / ?",articles/raw/usb-sept-2026/Aramark/ProQuestDocuments-2026-07-29 (1).rtf,
corpus,"the source document is defective. Needs a better export or OCR, not a reviewer",article unusable: no headline found,article,articles/raw/usb-sept-2026/Aramark/ProQuestDocuments-2026-07-29 (1).rtf@1323336,,,"|Des Moines Register (1871-); Des Moines, Iowa | / 2016-11-04 / ?",articles/raw/usb-sept-2026/Aramark/ProQuestDocuments-2026-07-29 (1).rtf,
corpus,"the source document is defective. Needs a better export or OCR, not a reviewer",article unusable: no headline found,article,articles/raw/usb-sept-2026/Aramark/ProQuestDocuments-2026-07-29 (1).rtf@1350161,,,"|Philadelphia Daily News (1960-); Philadelphia, Pennsylvania | / 2016-11-03 / ?",articles/raw/usb-sept-2026/Aramark/ProQuestDocuments-2026-07-29 (1).rtf,
corpus,"the source document is defective. Needs a better export or OCR, not a reviewer",article unusable: no headline found,article,articles/raw/usb-sept-2026/Aramark/ProQuestDocuments-2026-07-29 (1).rtf@1351140,,,"|The Hartford Courant (2008-); Hartford, Connecticut | / 2016-11-03 / ?",articles/raw/usb-sept-2026/Aramark/ProQuestDocuments-2026-07-29 (1).rtf,
corpus,"the source document is defective. Needs a better export or OCR, not a reviewer",article unusable: no headline found,article,articles/raw/usb-sept-2026/Aramark/ProQuestDocuments-2026-07-29 (1).rtf@1352107,,,"|The Hartford Courant (2008-); Hartford, Connecticut | / 2016-11-03 / ?",articles/raw/usb-sept-2026/Aramark/ProQuestDocuments-2026-07-29 (1).rtf,
corpus,"the source document is defective. Needs a better export or OCR, not a reviewer",article unusable: no headline found,article,articles/raw/usb-sept-2026/Aramark/ProQuestDocuments-2026-07-29 (1).rtf@1353078,,,|Star Tribune (1987-); Minneapolis | / 2016-11-03 / ?,articles/raw/usb-sept-2026/Aramark/ProQuestDocuments-2026-07-29 (1).rtf,
corpus,"the source document is defective. Needs a better export or OCR, not a reviewer",article unusable: no headline found,article,articles/raw/usb-sept-2026/Aramark/ProQuestDocuments-2026-07-29 (1).rtf@1416189,,,|Star Tribune (1987-); Minneapolis | / 2016-11-02 / ?,articles/raw/usb-sept-2026/Aramark/ProQuestDocuments-2026-07-29 (1).rtf,
corpus,"the source document is defective. Needs a better export or OCR, not a reviewer",article unusable: no headline found,article,articles/raw/usb-sept-2026/Aramark/ProQuestDocuments-2026-07-29 (1).rtf@1483005,,,|PR Newswire; New York | / 2016-11-02 / ?,articles/raw/usb-sept-2026/Aramark/ProQuestDocuments-2026-07-29 (1).rtf,"PHILADELPHIA, Nov. 2, 2016 /PRNewswire/ -- Hand carved, house-smoked and slow roasted are just a few of the ways to describe the new sandwiches available at the nine NBA and NHL arenas where Aramark (NYSE: ARMK) is the food and beverage provider. From braised "
corpus,"the source document is defective. Needs a better export or OCR, not a reviewer",article unusable: no headline found,article,articles/raw/usb-sept-2026/Aramark/ProQuestDocuments-2026-07-29 (1).rtf@1496281,,,|Philadelphia Inquirer (1969-); Philadelphia | / 2016-11-01 / ?,articles/raw/usb-sept-2026/Aramark/ProQuestDocuments-2026-07-29 (1).rtf,
corpus,"the source document is defective. Needs a better export or OCR, not a reviewer",article unusable: no headline found,article,articles/raw/usb-sept-2026/Aramark/ProQuestDocuments-2026-07-29 (1).rtf@1527431,,,"|The Knoxville News-Sentinel (1926-); Knoxville, Tennessee | / 2016-10-29 / ?",articles/raw/usb-sept-2026/Aramark/ProQuestDocuments-2026-07-29 (1).rtf,
corpus,"the source document is defective. Needs a better export or OCR, not a reviewer",article unusable: no headline found,article,articles/raw/usb-sept-2026/Aramark/ProQuestDocuments-2026-07-29 (1).rtf@1564094,,,"|The Gleaner (2012-); Henderson, Kentucky | / 2016-10-25 / ?",articles/raw/usb-sept-2026/Aramark/ProQuestDocuments-2026-07-29 (1).rtf,
corpus,"the source document is defective. Needs a better export or OCR, not a reviewer",article unusable: no headline found,article,articles/raw/usb-sept-2026/Aramark/ProQuestDocuments-2026-07-29 (1).rtf@1656192,,,"|Philadelphia Daily News (1960-); Philadelphia, Pennsylvania | / 2016-10-20 / ?",articles/raw/usb-sept-2026/Aramark/ProQuestDocuments-2026-07-29 (1).rtf,
corpus,"the source document is defective. Needs a better export or OCR, not a reviewer",article unusable: no headline found,article,articles/raw/usb-sept-2026/Aramark/ProQuestDocuments-2026-07-29 (1).rtf@167228,,,|Battle Creek Enquirer (1983-); Battle Creek. Michigan | / 2017-01-22 / ?,articles/raw/usb-sept-2026/Aramark/ProQuestDocuments-2026-07-29 (1).rtf,
corpus,"the source document is defective. Needs a better export or OCR, not a reviewer",article unusable: no headline found,article,articles/raw/usb-sept-2026/Aramark/ProQuestDocuments-2026-07-29 (1).rtf@168175,,,"|The Times Herald (1970-); Port Huron, Michigan | / 2017-01-21 / ?",articles/raw/usb-sept-2026/Aramark/ProQuestDocuments-2026-07-29 (1).rtf,
corpus,"the source document is defective. Needs a better export or OCR, not a reviewer",article unusable: no headline found,article,articles/raw/usb-sept-2026/Aramark/ProQuestDocuments-2026-07-29 (1).rtf@169112,,,"|Lansing State Journal (1980-); Lansing, Michigan | / 2017-01-21 / ?",articles/raw/usb-sept-2026/Aramark/ProQuestDocuments-2026-07-29 (1).rtf,
corpus,"the source document is defective. Needs a better export or OCR, not a reviewer",article unusable: no headline found,article,articles/raw/usb-sept-2026/Aramark/ProQuestDocuments-2026-07-29 (1).rtf@170068,,,"|Lansing State Journal (1980-); Lansing, Michigan | / 2017-01-21 / ?",articles/raw/usb-sept-2026/Aramark/ProQuestDocuments-2026-07-29 (1).rtf,
corpus,"the source document is defective. Needs a better export or OCR, not a reviewer",article unusable: no headline found,article,articles/raw/usb-sept-2026/Aramark/ProQuestDocuments-2026-07-29 (1).rtf@171024,,,"|Detroit Free Press (1923-), General edition; Detroit | / 2017-01-21 / ?",articles/raw/usb-sept-2026/Aramark/ProQuestDocuments-2026-07-29 (1).rtf,
corpus,"the source document is defective. Needs a better export or OCR, not a reviewer",article unusable: no headline found,article,articles/raw/usb-sept-2026/Aramark/ProQuestDocuments-2026-07-29 (1).rtf@1716142,,,"|The Reporter (1977-); Fond du Lac, Wisconsin | / 2016-10-16 / ?",articles/raw/usb-sept-2026/Aramark/ProQuestDocuments-2026-07-29 (1).rtf,
corpus,"the source document is defective. Needs a better export or OCR, not a reviewer",article unusable: no headline found,article,articles/raw/usb-sept-2026/Aramark/ProQuestDocuments-2026-07-29 (1).rtf@1728556,,,"|The Daily Advertiser (1914-); Lafayette, Louisiana | / 2016-10-15 / ?",articles/raw/usb-sept-2026/Aramark/ProQuestDocuments-2026-07-29 (1).rtf,
corpus,"the source document is defective. Needs a better export or OCR, not a reviewer",article unusable: no headline found,article,articles/raw/usb-sept-2026/Aramark/ProQuestDocuments-2026-07-29 (1).rtf@1729465,,,"|The Daily Advertiser (1914-); Lafayette, Louisiana | / 2016-10-15 / ?",articles/raw/usb-sept-2026/Aramark/ProQuestDocuments-2026-07-29 (1).rtf,
corpus,"the source document is defective. Needs a better export or OCR, not a reviewer",article unusable: no headline found,article,articles/raw/usb-sept-2026/Aramark/ProQuestDocuments-2026-07-29 (1).rtf@1730374,,,"|The Knoxville News-Sentinel (1926-); Knoxville, Tennessee | / 2016-10-15 / ?",articles/raw/usb-sept-2026/Aramark/ProQuestDocuments-2026-07-29 (1).rtf,
corpus,"the source document is defective. Needs a better export or OCR, not a reviewer",article unusable: no headline found,article,articles/raw/usb-sept-2026/Aramark/ProQuestDocuments-2026-07-29 (1).rtf@1741608,,,"|The Knoxville News-Sentinel (1926-); Knoxville, Tennessee | / 2016-10-14 / ?",articles/raw/usb-sept-2026/Aramark/ProQuestDocuments-2026-07-29 (1).rtf,
corpus,"the source document is defective. Needs a better export or OCR, not a reviewer",article unusable: no headline found,article,articles/raw/usb-sept-2026/Aramark/ProQuestDocuments-2026-07-29 (1).rtf@176571,,,"|Chillicothe Gazette (1940-); Chillicothe, Ohio | / 2017-01-19 / ?",articles/raw/usb-sept-2026/Aramark/ProQuestDocuments-2026-07-29 (1).rtf,
corpus,"the source document is defective. Needs a better export or OCR, not a reviewer",article unusable: no headline found,article,articles/raw/usb-sept-2026/Aramark/ProQuestDocuments-2026-07-29 (1).rtf@182579,,,"|Windsor Star (1959-); Windsor, Ontario | / 2017-01-18 / ?",articles/raw/usb-sept-2026/Aramark/ProQuestDocuments-2026-07-29 (1).rtf,
corpus,"the source document is defective. Needs a better export or OCR, not a reviewer",article unusable: no headline found,article,articles/raw/usb-sept-2026/Aramark/ProQuestDocuments-2026-07-29 (1).rtf@1854549,,,|Philadelphia Inquirer (1969-); Philadelphia | / 2016-10-12 / ?,articles/raw/usb-sept-2026/Aramark/ProQuestDocuments-2026-07-29 (1).rtf,
corpus,"the source document is defective. Needs a better export or OCR, not a reviewer",article unusable: no headline found,article,articles/raw/usb-sept-2026/Aramark/ProQuestDocuments-2026-07-29 (1).rtf@1857547,,,"|The Daily Advertiser (1914-); Lafayette, Louisiana | / 2016-10-11 / ?",articles/raw/usb-sept-2026/Aramark/ProQuestDocuments-2026-07-29 (1).rtf,
corpus,"the source document is defective. Needs a better export or OCR, not a reviewer",article unusable: no headline found,article,articles/raw/usb-sept-2026/Aramark/ProQuestDocuments-2026-07-29 (1).rtf@1881186,,,|Indianapolis Star (1923-); Indianapolis | / 2016-10-08 / ?,articles/raw/usb-sept-2026/Aramark/ProQuestDocuments-2026-07-29 (1).rtf,
corpus,"the source document is defective. Needs a better export or OCR, not a reviewer",article unusable: no headline found,article,articles/raw/usb-sept-2026/Aramark/ProQuestDocuments-2026-07-29 (1).rtf@1882138,,,"|Newsday (2010-), Nassau ed.; Long Island, New York | / 2016-10-07 / ?",articles/raw/usb-sept-2026/Aramark/ProQuestDocuments-2026-07-29 (1).rtf,
corpus,"the source document is defective. Needs a better export or OCR, not a reviewer",article unusable: no headline found,article,articles/raw/usb-sept-2026/Aramark/ProQuestDocuments-2026-07-29 (1).rtf@188767,,,"|Windsor Star (1959-); Windsor, Ontario | / 2017-01-17 / ?",articles/raw/usb-sept-2026/Aramark/ProQuestDocuments-2026-07-29 (1).rtf,
corpus,"the source document is defective. Needs a better export or OCR, not a reviewer",article unusable: no headline found,article,articles/raw/usb-sept-2026/Aramark/ProQuestDocuments-2026-07-29 (1).rtf@1932797,,,"|Honolulu Star-Advertiser (2010-2025); Honolulu, Hawaii | / 2016-10-05 / ?",articles/raw/usb-sept-2026/Aramark/ProQuestDocuments-2026-07-29 (1).rtf,
corpus,"the source document is defective. Needs a better export or OCR, not a reviewer",article unusable: no headline found,article,articles/raw/usb-sept-2026/Aramark/ProQuestDocuments-2026-07-29 (1).rtf@1958789,,,"|Edmonton Journal (1911-); Edmonton, Canada | / 2016-10-03 / ?",articles/raw/usb-sept-2026/Aramark/ProQuestDocuments-2026-07-29 (1).rtf,
corpus,"the source document is defective. Needs a better export or OCR, not a reviewer",article unusable: no headline found,article,articles/raw/usb-sept-2026/Aramark/ProQuestDocuments-2026-07-29 (1).rtf@1976894,,,|The Tennessean (1972-); Nashville | / 2016-10-02 / ?,articles/raw/usb-sept-2026/Aramark/ProQuestDocuments-2026-07-29 (1).rtf,
corpus,"the source document is defective. Needs a better export or OCR, not a reviewer",article unusable: no headline found,article,articles/raw/usb-sept-2026/Aramark/ProQuestDocuments-2026-07-29 (1).rtf@1980697,,,"|Des Moines Register (1871-); Des Moines, Iowa | / 2016-10-01 / ?",articles/raw/usb-sept-2026/Aramark/ProQuestDocuments-2026-07-29 (1).rtf,
corpus,"the source document is defective. Needs a better export or OCR, not a reviewer",article unusable: no headline found,article,articles/raw/usb-sept-2026/Aramark/ProQuestDocuments-2026-07-29 (1).rtf@1989595,,,"|Des Moines Register (1871-); Des Moines, Iowa | / 2016-09-30 / ?",articles/raw/usb-sept-2026/Aramark/ProQuestDocuments-2026-07-29 (1).rtf,
corpus,"the source document is defective. Needs a better export or OCR, not a reviewer",article unusable: no headline found,article,articles/raw/usb-sept-2026/Aramark/ProQuestDocuments-2026-07-29 (1).rtf@1990539,,,"|Des Moines Register (1871-); Des Moines, Iowa | / 2016-09-30 / ?",articles/raw/usb-sept-2026/Aramark/ProQuestDocuments-2026-07-29 (1).rtf,
corpus,"the source document is defective. Needs a better export or OCR, not a reviewer",article unusable: no headline found,article,articles/raw/usb-sept-2026/Aramark/ProQuestDocuments-2026-07-29 (1).rtf@1991486,,,|Star Tribune (1987-); Minneapolis | / 2016-09-30 / ?,articles/raw/usb-sept-2026/Aramark/ProQuestDocuments-2026-07-29 (1).rtf,
corpus,"the source document is defective. Needs a better export or OCR, not a reviewer",article unusable: no headline found,article,articles/raw/usb-sept-2026/Aramark/ProQuestDocuments-2026-07-29 (1).rtf@1992436,,,|Courier - Post (1949-); Cherry Hill | / 2016-09-29 / ?,articles/raw/usb-sept-2026/Aramark/ProQuestDocuments-2026-07-29 (1).rtf,
corpus,"the source document is defective. Needs a better export or OCR, not a reviewer",article unusable: no headline found,article,articles/raw/usb-sept-2026/Aramark/ProQuestDocuments-2026-07-29 (1).rtf@1997877,,,|Philadelphia Inquirer (1969-); Philadelphia | / 2016-09-28 / ?,articles/raw/usb-sept-2026/Aramark/ProQuestDocuments-2026-07-29 (1).rtf,
corpus,"the source document is defective. Needs a better export or OCR, not a reviewer",article unusable: no headline found,article,articles/raw/usb-sept-2026/Aramark/ProQuestDocuments-2026-07-29 (1).rtf@2032234,,,"|The Springfield News-Leader (1991-); Springfield, Missouri | / 2016-09-25 / ?",articles/raw/usb-sept-2026/Aramark/ProQuestDocuments-2026-07-29 (1).rtf,
corpus,"the source document is defective. Needs a better export or OCR, not a reviewer",article unusable: no headline found,article,articles/raw/usb-sept-2026/Aramark/ProQuestDocuments-2026-07-29 (1).rtf@205468,,,|Courier - Post (1949-); Cherry Hill | / 2017-01-16 / ?,articles/raw/usb-sept-2026/Aramark/ProQuestDocuments-2026-07-29 (1).rtf,
corpus,"the source document is defective. Needs a better export or OCR, not a reviewer",article unusable: no headline found,article,articles/raw/usb-sept-2026/Aramark/ProQuestDocuments-2026-07-29 (1).rtf@206405,,,|Philadelphia Inquirer (1969-); Philadelphia | / 2017-01-16 / ?,articles/raw/usb-sept-2026/Aramark/ProQuestDocuments-2026-07-29 (1).rtf,
corpus,"the source document is defective. Needs a better export or OCR, not a reviewer",article unusable: no headline found,article,articles/raw/usb-sept-2026/Aramark/ProQuestDocuments-2026-07-29 (1).rtf@2070101,,,"|Des Moines Register (1871-); Des Moines, Iowa | / 2016-09-21 / ?",articles/raw/usb-sept-2026/Aramark/ProQuestDocuments-2026-07-29 (1).rtf,
corpus,"the source document is defective. Needs a better export or OCR, not a reviewer",article unusable: no headline found,article,articles/raw/usb-sept-2026/Aramark/ProQuestDocuments-2026-07-29 (1).rtf@2071039,,,|The Courier-Journal (1923-); Louisville | / 2016-09-21 / ?,articles/raw/usb-sept-2026/Aramark/ProQuestDocuments-2026-07-29 (1).rtf,
corpus,"the source document is defective. Needs a better export or OCR, not a reviewer",article unusable: no headline found,article,articles/raw/usb-sept-2026/Aramark/ProQuestDocuments-2026-07-29 (1).rtf@2071961,,,"|Wall Street Journal (2008-), Eastern Edition; New York | / 2016-09-21 / ?",articles/raw/usb-sept-2026/Aramark/ProQuestDocuments-2026-07-29 (1).rtf,
corpus,"the source document is defective. Needs a better export or OCR, not a reviewer",article unusable: no headline found,article,articles/raw/usb-sept-2026/Aramark/ProQuestDocuments-2026-07-29 (1).rtf@207379,,,|Philadelphia Inquirer (1969-); Philadelphia | / 2017-01-16 / ?,articles/raw/usb-sept-2026/Aramark/ProQuestDocuments-2026-07-29 (1).rtf,
corpus,"the source document is defective. Needs a better export or OCR, not a reviewer",article unusable: no headline found,article,articles/raw/usb-sept-2026/Aramark/ProQuestDocuments-2026-07-29 (1).rtf@208351,,,"|Windsor Star (1959-); Windsor, Ontario | / 2017-01-14 / ?",articles/raw/usb-sept-2026/Aramark/ProQuestDocuments-2026-07-29 (1).rtf,
corpus,"the source document is defective. Needs a better export or OCR, not a reviewer",article unusable: no headline found,article,articles/raw/usb-sept-2026/Aramark/ProQuestDocuments-2026-07-29 (1).rtf@209267,,,"|Windsor Star (1959-); Windsor, Ontario | / 2017-01-13 / ?",articles/raw/usb-sept-2026/Aramark/ProQuestDocuments-2026-07-29 (1).rtf,
corpus,"the source document is defective. Needs a better export or OCR, not a reviewer",article unusable: no headline found,article,articles/raw/usb-sept-2026/Aramark/ProQuestDocuments-2026-07-29 (1).rtf@210183,,,"|Windsor Star (1959-); Windsor, Ontario | / 2017-01-13 / ?",articles/raw/usb-sept-2026/Aramark/ProQuestDocuments-2026-07-29 (1).rtf,
corpus,"the source document is defective. Needs a better export or OCR, not a reviewer",article unusable: no headline found,article,articles/raw/usb-sept-2026/Aramark/ProQuestDocuments-2026-07-29 (1).rtf@2122879,,,|The Tennessean (1972-); Nashville | / 2016-09-18 / ?,articles/raw/usb-sept-2026/Aramark/ProQuestDocuments-2026-07-29 (1).rtf,
corpus,"the source document is defective. Needs a better export or OCR, not a reviewer",article unusable: no headline found,article,articles/raw/usb-sept-2026/Aramark/ProQuestDocuments-2026-07-29 (1).rtf@2123816,,,"|The Knoxville News-Sentinel (1926-); Knoxville, Tennessee | / 2016-09-17 / ?",articles/raw/usb-sept-2026/Aramark/ProQuestDocuments-2026-07-29 (1).rtf,
corpus,"the source document is defective. Needs a better export or OCR, not a reviewer",article unusable: no headline found,article,articles/raw/usb-sept-2026/Aramark/ProQuestDocuments-2026-07-29 (1).rtf@2137037,,,"|The Knoxville News-Sentinel (1926-); Knoxville, Tennessee | / 2016-09-16 / ?",articles/raw/usb-sept-2026/Aramark/ProQuestDocuments-2026-07-29 (1).rtf,
corpus,"the source document is defective. Needs a better export or OCR, not a reviewer",article unusable: no headline found,article,articles/raw/usb-sept-2026/Aramark/ProQuestDocuments-2026-07-29 (1).rtf@2137981,,,|Pittsburgh Post-Gazette (1927-); Pittsburgh | / 2016-09-16 / ?,articles/raw/usb-sept-2026/Aramark/ProQuestDocuments-2026-07-29 (1).rtf,
corpus,"the source document is defective. Needs a better export or OCR, not a reviewer",article unusable: no headline found,article,articles/raw/usb-sept-2026/Aramark/ProQuestDocuments-2026-07-29 (1).rtf@217618,,,"|The Record (1960-); Hackensack, New Jersey | / 2017-01-12 / ?",articles/raw/usb-sept-2026/Aramark/ProQuestDocuments-2026-07-29 (1).rtf,
corpus,"the source document is defective. Needs a better export or OCR, not a reviewer",article unusable: no headline found,article,articles/raw/usb-sept-2026/Aramark/ProQuestDocuments-2026-07-29 (1).rtf@218554,,,"|The Record (1960-); Hackensack, New Jersey | / 2017-01-12 / ?",articles/raw/usb-sept-2026/Aramark/ProQuestDocuments-2026-07-29 (1).rtf,
corpus,"the source document is defective. Needs a better export or OCR, not a reviewer",article unusable: no headline found,article,articles/raw/usb-sept-2026/Aramark/ProQuestDocuments-2026-07-29 (1).rtf@219502,,,"|The North Jersey Herald & News (1987-); Passaic, New Jersey | / 2017-01-12 / ?",articles/raw/usb-sept-2026/Aramark/ProQuestDocuments-2026-07-29 (1).rtf,
corpus,"the source document is defective. Needs a better export or OCR, not a reviewer",article unusable: no headline found,article,articles/raw/usb-sept-2026/Aramark/ProQuestDocuments-2026-07-29 (1).rtf@2230985,,,"|The Daily Journal (1988-); Millville, New Jersey | / 2016-09-14 / ?",articles/raw/usb-sept-2026/Aramark/ProQuestDocuments-2026-07-29 (1).rtf,
corpus,"the source document is defective. Needs a better export or OCR, not a reviewer",article unusable: no headline found,article,articles/raw/usb-sept-2026/Aramark/ProQuestDocuments-2026-07-29 (1).rtf@2231930,,,|Courier - Post (1949-); Cherry Hill | / 2016-09-14 / ?,articles/raw/usb-sept-2026/Aramark/ProQuestDocuments-2026-07-29 (1).rtf,
corpus,"the source document is defective. Needs a better export or OCR, not a reviewer",article unusable: no headline found,article,articles/raw/usb-sept-2026/Aramark/ProQuestDocuments-2026-07-29 (1).rtf@2232871,,,|Philadelphia Inquirer (1969-); Philadelphia | / 2016-09-14 / ?,articles/raw/usb-sept-2026/Aramark/ProQuestDocuments-2026-07-29 (1).rtf,
corpus,"the source document is defective. Needs a better export or OCR, not a reviewer",article unusable: no headline found,article,articles/raw/usb-sept-2026/Aramark/ProQuestDocuments-2026-07-29 (1).rtf@2253204,,,"|Standard Times (1928-); San Angelo, Texas | / 2016-09-12 / ?",articles/raw/usb-sept-2026/Aramark/ProQuestDocuments-2026-07-29 (1).rtf,
corpus,"the source document is defective. Needs a better export or OCR, not a reviewer",article unusable: no headline found,article,articles/raw/usb-sept-2026/Aramark/ProQuestDocuments-2026-07-29 (1).rtf@2274232,,,|Arizona Republic (1930-); Phoenix | / 2016-09-11 / ?,articles/raw/usb-sept-2026/Aramark/ProQuestDocuments-2026-07-29 (1).rtf,
corpus,"the source document is defective. Needs a better export or OCR, not a reviewer",article unusable: no headline found,article,articles/raw/usb-sept-2026/Aramark/ProQuestDocuments-2026-07-29 (1).rtf@2275171,,,"|The Times Recorder (1965-); Zanesville, Ohio | / 2016-09-11 / ?",articles/raw/usb-sept-2026/Aramark/ProQuestDocuments-2026-07-29 (1).rtf,
corpus,"the source document is defective. Needs a better export or OCR, not a reviewer",article unusable: no headline found,article,articles/raw/usb-sept-2026/Aramark/ProQuestDocuments-2026-07-29 (1).rtf@2276127,,,"|The Knoxville News-Sentinel (1926-); Knoxville, Tennessee | / 2016-09-11 / ?",articles/raw/usb-sept-2026/Aramark/ProQuestDocuments-2026-07-29 (1).rtf,
corpus,"the source document is defective. Needs a better export or OCR, not a reviewer",article unusable: no headline found,article,articles/raw/usb-sept-2026/Aramark/ProQuestDocuments-2026-07-29 (1).rtf@2277068,,,"|The Morning Call (1939-); Allentown, Pennsylvania | / 2016-09-11 / ?",articles/raw/usb-sept-2026/Aramark/ProQuestDocuments-2026-07-29 (1).rtf,
corpus,"the source document is defective. Needs a better export or OCR, not a reviewer",article unusable: no headline found,article,articles/raw/usb-sept-2026/Aramark/ProQuestDocuments-2026-07-29 (1).rtf@2278056,,,"|Home News Tribune (2010-); East Brunswick, New Jersey | / 2016-09-11 / ?",articles/raw/usb-sept-2026/Aramark/ProQuestDocuments-2026-07-29 (1).rtf,
corpus,"the source document is defective. Needs a better export or OCR, not a reviewer",article unusable: no headline found,article,articles/raw/usb-sept-2026/Aramark/ProQuestDocuments-2026-07-29 (1).rtf@2302674,,,"|The Times Recorder (1965-); Zanesville, Ohio | / 2016-09-10 / ?",articles/raw/usb-sept-2026/Aramark/ProQuestDocuments-2026-07-29 (1).rtf,
corpus,"the source document is defective. Needs a better export or OCR, not a reviewer",article unusable: no headline found,article,articles/raw/usb-sept-2026/Aramark/ProQuestDocuments-2026-07-29 (1).rtf@2303630,,,"|The Atlanta Journal - Constitution (2010-); Atlanta, Georgia | / 2016-09-10 / ?",articles/raw/usb-sept-2026/Aramark/ProQuestDocuments-2026-07-29 (1).rtf,
corpus,"the source document is defective. Needs a better export or OCR, not a reviewer",article unusable: no headline found,article,articles/raw/usb-sept-2026/Aramark/ProQuestDocuments-2026-07-29 (1).rtf@2304665,,,"|Lansing State Journal (1980-); Lansing, Michigan | / 2016-09-09 / ?",articles/raw/usb-sept-2026/Aramark/ProQuestDocuments-2026-07-29 (1).rtf,
corpus,"the source document is defective. Needs a better export or OCR, not a reviewer",article unusable: no headline found,article,articles/raw/usb-sept-2026/Aramark/ProQuestDocuments-2026-07-29 (1).rtf@2305621,,,"|Lansing State Journal (1980-); Lansing, Michigan | / 2016-09-09 / ?",articles/raw/usb-sept-2026/Aramark/ProQuestDocuments-2026-07-29 (1).rtf,
corpus,"the source document is defective. Needs a better export or OCR, not a reviewer",article unusable: no headline found,article,articles/raw/usb-sept-2026/Aramark/ProQuestDocuments-2026-07-29 (1).rtf@2306577,,,"|Detroit Free Press (1923-), General edition; Detroit | / 2016-09-09 / ?",articles/raw/usb-sept-2026/Aramark/ProQuestDocuments-2026-07-29 (1).rtf,
corpus,"the source document is defective. Needs a better export or OCR, not a reviewer",article unusable: no headline found,article,articles/raw/usb-sept-2026/Aramark/ProQuestDocuments-2026-07-29 (1).rtf@234526,,,|Philadelphia Inquirer (1969-); Philadelphia | / 2017-01-12 / ?,articles/raw/usb-sept-2026/Aramark/ProQuestDocuments-2026-07-29 (1).rtf,
corpus,"the source document is defective. Needs a better export or OCR, not a reviewer",article unusable: no headline found,article,articles/raw/usb-sept-2026/Aramark/ProQuestDocuments-2026-07-29 (1).rtf@2353289,,,"|Lansing State Journal (1980-); Lansing, Michigan | / 2016-09-07 / ?",articles/raw/usb-sept-2026/Aramark/ProQuestDocuments-2026-07-29 (1).rtf,
corpus,"the source document is defective. Needs a better export or OCR, not a reviewer",article unusable: no headline found,article,articles/raw/usb-sept-2026/Aramark/ProQuestDocuments-2026-07-29 (1).rtf@2358394,,,"|Edmonton Journal (1911-); Edmonton, Canada | / 2016-09-07 / ?",articles/raw/usb-sept-2026/Aramark/ProQuestDocuments-2026-07-29 (1).rtf,
corpus,"the source document is defective. Needs a better export or OCR, not a reviewer",article unusable: no headline found,article,articles/raw/usb-sept-2026/Aramark/ProQuestDocuments-2026-07-29 (1).rtf@2359314,,,"|Detroit Free Press (1923-), General edition; Detroit | / 2016-09-07 / ?",articles/raw/usb-sept-2026/Aramark/ProQuestDocuments-2026-07-29 (1).rtf,
corpus,"the source document is defective. Needs a better export or OCR, not a reviewer",article unusable: no headline found,article,articles/raw/usb-sept-2026/Aramark/ProQuestDocuments-2026-07-29 (1).rtf@2360286,,,"|Wall Street Journal (2008-), Eastern Edition; New York | / 2016-09-07 / ?",articles/raw/usb-sept-2026/Aramark/ProQuestDocuments-2026-07-29 (1).rtf,
corpus,"the source document is defective. Needs a better export or OCR, not a reviewer",article unusable: no headline found,article,articles/raw/usb-sept-2026/Aramark/ProQuestDocuments-2026-07-29 (1).rtf@242818,,,"|Daily Record (1974-); Morristown, New Jersey | / 2017-01-08 / ?",articles/raw/usb-sept-2026/Aramark/ProQuestDocuments-2026-07-29 (1).rtf,
corpus,"the source document is defective. Needs a better export or OCR, not a reviewer",article unusable: no headline found,article,articles/raw/usb-sept-2026/Aramark/ProQuestDocuments-2026-07-29 (1).rtf@243750,,,"|Argus Leader (1977-); Sioux Falls, South Dakota | / 2017-01-07 / ?",articles/raw/usb-sept-2026/Aramark/ProQuestDocuments-2026-07-29 (1).rtf,
corpus,"the source document is defective. Needs a better export or OCR, not a reviewer",article unusable: no headline found,article,articles/raw/usb-sept-2026/Aramark/ProQuestDocuments-2026-07-29 (1).rtf@2444135,,,"|The Post-Crescent (1965-); Appleton, Wisconsin | / 2016-09-06 / ?",articles/raw/usb-sept-2026/Aramark/ProQuestDocuments-2026-07-29 (1).rtf,
corpus,"the source document is defective. Needs a better export or OCR, not a reviewer",article unusable: no headline found,article,articles/raw/usb-sept-2026/Aramark/ProQuestDocuments-2026-07-29 (1).rtf@2485089,,,|Barron's (2008-); New York | / 2016-09-05 / ?,articles/raw/usb-sept-2026/Aramark/ProQuestDocuments-2026-07-29 (1).rtf,
corpus,"the source document is defective. Needs a better export or OCR, not a reviewer",article unusable: no headline found,article,articles/raw/usb-sept-2026/Aramark/ProQuestDocuments-2026-07-29 (1).rtf@249011,,,|M2 Presswire; Coventry | / 2017-01-06 / ?,articles/raw/usb-sept-2026/Aramark/ProQuestDocuments-2026-07-29 (1).rtf,"M2 PRESSWIRE-January 6, 2017-Global Contract Catering Market (2016-2020): Contract Catering Growth Driven by Increased Penetration in Education, Sports & Leisure (C)2017 M2 COMMUNICATIONS http://www.m2.com January 6, 2017 Dublin - Research and Markets has anno"
corpus,"the source document is defective. Needs a better export or OCR, not a reviewer",article unusable: no headline found,article,articles/raw/usb-sept-2026/Aramark/ProQuestDocuments-2026-07-29 (1).rtf@2500856,,,"|Wausau Daily Herald (1985-); Wausau, Wisconsin | / 2016-09-04 / ?",articles/raw/usb-sept-2026/Aramark/ProQuestDocuments-2026-07-29 (1).rtf,
corpus,"the source document is defective. Needs a better export or OCR, not a reviewer",article unusable: no headline found,article,articles/raw/usb-sept-2026/Aramark/ProQuestDocuments-2026-07-29 (1).rtf@2501811,,,"|The Sheboygan Press (1924-); Sheboygan, Wisconsin | / 2016-09-04 / ?",articles/raw/usb-sept-2026/Aramark/ProQuestDocuments-2026-07-29 (1).rtf,
corpus,"the source document is defective. Needs a better export or OCR, not a reviewer",article unusable: no headline found,article,articles/raw/usb-sept-2026/Aramark/ProQuestDocuments-2026-07-29 (1).rtf@2502772,,,"|Herald Times Reporter (1973-); Manitowoc, Wisconsin | / 2016-09-04 / ?",articles/raw/usb-sept-2026/Aramark/ProQuestDocuments-2026-07-29 (1).rtf,
corpus,"the source document is defective. Needs a better export or OCR, not a reviewer",article unusable: no headline found,article,articles/raw/usb-sept-2026/Aramark/ProQuestDocuments-2026-07-29 (1).rtf@2503714,,,"|Green Bay Press Gazette (1915-); Green Bay, Wisconsin | / 2016-09-04 / ?",articles/raw/usb-sept-2026/Aramark/ProQuestDocuments-2026-07-29 (1).rtf,
corpus,"the source document is defective. Needs a better export or OCR, not a reviewer",article unusable: no headline found,article,articles/raw/usb-sept-2026/Aramark/ProQuestDocuments-2026-07-29 (1).rtf@253619,,,"|Albuquerque Journal (1926-); Albuquerque, New Mexico | / 2017-01-05 / ?",articles/raw/usb-sept-2026/Aramark/ProQuestDocuments-2026-07-29 (1).rtf,
corpus,"the source document is defective. Needs a better export or OCR, not a reviewer",article unusable: no headline found,article,articles/raw/usb-sept-2026/Aramark/ProQuestDocuments-2026-07-29 (1).rtf@2569708,,,"|The Knoxville News-Sentinel (1926-); Knoxville, Tennessee | / 2016-09-01 / ?",articles/raw/usb-sept-2026/Aramark/ProQuestDocuments-2026-07-29 (1).rtf,
corpus,"the source document is defective. Needs a better export or OCR, not a reviewer",article unusable: no headline found,article,articles/raw/usb-sept-2026/Aramark/ProQuestDocuments-2026-07-29 (1).rtf@2596442,,,"|The Knoxville News-Sentinel (1926-); Knoxville, Tennessee | / 2016-08-31 / ?",articles/raw/usb-sept-2026/Aramark/ProQuestDocuments-2026-07-29 (1).rtf,
corpus,"the source document is defective. Needs a better export or OCR, not a reviewer",article unusable: no headline found,article,articles/raw/usb-sept-2026/Aramark/ProQuestDocuments-2026-07-29 (1).rtf@2597376,,,|Cincinnati Enquirer (1923-); Cincinnati | / 2016-08-31 / ?,articles/raw/usb-sept-2026/Aramark/ProQuestDocuments-2026-07-29 (1).rtf,
corpus,"the source document is defective. Needs a better export or OCR, not a reviewer",article unusable: no headline found,article,articles/raw/usb-sept-2026/Aramark/ProQuestDocuments-2026-07-29 (1).rtf@260036,,,"|Windsor Star (1959-); Windsor, Ontario | / 2017-01-05 / ?",articles/raw/usb-sept-2026/Aramark/ProQuestDocuments-2026-07-29 (1).rtf,
corpus,"the source document is defective. Needs a better export or OCR, not a reviewer",article unusable: no headline found,article,articles/raw/usb-sept-2026/Aramark/ProQuestDocuments-2026-07-29 (1).rtf@2616388,,,"|The Atlanta Journal - Constitution (2010-); Atlanta, Georgia | / 2016-08-29 / ?",articles/raw/usb-sept-2026/Aramark/ProQuestDocuments-2026-07-29 (1).rtf,
corpus,"the source document is defective. Needs a better export or OCR, not a reviewer",article unusable: no headline found,article,articles/raw/usb-sept-2026/Aramark/ProQuestDocuments-2026-07-29 (1).rtf@26278,,,"|St. Cloud Times (1988-); St Cloud, Minnesota | / 2017-01-31 / ?",articles/raw/usb-sept-2026/Aramark/ProQuestDocuments-2026-07-29 (1).rtf,
corpus,"the source document is defective. Needs a better export or OCR, not a reviewer",article unusable: no headline found,article,articles/raw/usb-sept-2026/Aramark/ProQuestDocuments-2026-07-29 (1).rtf@2631939,,,"|The Gleaner (2012-); Henderson, Kentucky | / 2016-08-28 / ?",articles/raw/usb-sept-2026/Aramark/ProQuestDocuments-2026-07-29 (1).rtf,
corpus,"the source document is defective. Needs a better export or OCR, not a reviewer",article unusable: no headline found,article,articles/raw/usb-sept-2026/Aramark/ProQuestDocuments-2026-07-29 (1).rtf@2632841,,,"|Argus Leader (1977-); Sioux Falls, South Dakota | / 2016-08-26 / ?",articles/raw/usb-sept-2026/Aramark/ProQuestDocuments-2026-07-29 (1).rtf,
corpus,"the source document is defective. Needs a better export or OCR, not a reviewer",article unusable: no headline found,article,articles/raw/usb-sept-2026/Aramark/ProQuestDocuments-2026-07-29 (1).rtf@2654566,,,"|The Record (1960-); Hackensack, New Jersey | / 2016-08-24 / ?",articles/raw/usb-sept-2026/Aramark/ProQuestDocuments-2026-07-29 (1).rtf,
corpus,"the source document is defective. Needs a better export or OCR, not a reviewer",article unusable: no headline found,article,articles/raw/usb-sept-2026/Aramark/ProQuestDocuments-2026-07-29 (1).rtf@2655502,,,"|The North Jersey Herald & News (1987-); Passaic, New Jersey | / 2016-08-24 / ?",articles/raw/usb-sept-2026/Aramark/ProQuestDocuments-2026-07-29 (1).rtf,
corpus,"the source document is defective. Needs a better export or OCR, not a reviewer",article unusable: no headline found,article,articles/raw/usb-sept-2026/Aramark/ProQuestDocuments-2026-07-29 (1).rtf@2656470,,,"|Des Moines Register (1871-); Des Moines, Iowa | / 2016-08-24 / ?",articles/raw/usb-sept-2026/Aramark/ProQuestDocuments-2026-07-29 (1).rtf,
corpus,"the source document is defective. Needs a better export or OCR, not a reviewer",article unusable: no headline found,article,articles/raw/usb-sept-2026/Aramark/ProQuestDocuments-2026-07-29 (1).rtf@2657402,,,|Pittsburgh Post-Gazette (1927-); Pittsburgh | / 2016-08-24 / ?,articles/raw/usb-sept-2026/Aramark/ProQuestDocuments-2026-07-29 (1).rtf,
corpus,"the source document is defective. Needs a better export or OCR, not a reviewer",article unusable: no headline found,article,articles/raw/usb-sept-2026/Aramark/ProQuestDocuments-2026-07-29 (1).rtf@2658278,,,|Philadelphia Inquirer (1969-); Philadelphia | / 2016-08-24 / ?,articles/raw/usb-sept-2026/Aramark/ProQuestDocuments-2026-07-29 (1).rtf,
corpus,"the source document is defective. Needs a better export or OCR, not a reviewer",article unusable: no headline found,article,articles/raw/usb-sept-2026/Aramark/ProQuestDocuments-2026-07-29 (1).rtf@266092,,,|PR Newswire; New York | / 2017-01-05 / ?,articles/raw/usb-sept-2026/Aramark/ProQuestDocuments-2026-07-29 (1).rtf,"PHILADELPHIA, Jan. 5, 2017 /PRNewswire/ -- Fans attending the college football national championship at Raymond James Stadium in Tampa on January 9 will have more than their favorite team to rally around. Aramark (NYSE: ARMK), the food and beverage provider fo"
corpus,"the source document is defective. Needs a better export or OCR, not a reviewer",article unusable: no headline found,article,articles/raw/usb-sept-2026/Aramark/ProQuestDocuments-2026-07-29 (1).rtf@2663191,,,"|Ventura County Star (1994-); Camarillo, California | / 2016-08-23 / ?",articles/raw/usb-sept-2026/Aramark/ProQuestDocuments-2026-07-29 (1).rtf,
corpus,"the source document is defective. Needs a better export or OCR, not a reviewer",article unusable: no headline found,article,articles/raw/usb-sept-2026/Aramark/ProQuestDocuments-2026-07-29 (1).rtf@2675425,,,"|The Record (1960-); Hackensack, New Jersey | / 2016-08-21 / ?",articles/raw/usb-sept-2026/Aramark/ProQuestDocuments-2026-07-29 (1).rtf,
corpus,"the source document is defective. Needs a better export or OCR, not a reviewer",article unusable: no headline found,article,articles/raw/usb-sept-2026/Aramark/ProQuestDocuments-2026-07-29 (1).rtf@2676361,,,"|The North Jersey Herald & News (1987-); Passaic, New Jersey | / 2016-08-21 / ?",articles/raw/usb-sept-2026/Aramark/ProQuestDocuments-2026-07-29 (1).rtf,
corpus,"the source document is defective. Needs a better export or OCR, not a reviewer",article unusable: no headline found,article,articles/raw/usb-sept-2026/Aramark/ProQuestDocuments-2026-07-29 (1).rtf@2686963,,,|Philadelphia Inquirer (1969-); Philadelphia | / 2016-08-19 / ?,articles/raw/usb-sept-2026/Aramark/ProQuestDocuments-2026-07-29 (1).rtf,
corpus,"the source document is defective. Needs a better export or OCR, not a reviewer",article unusable: no headline found,article,articles/raw/usb-sept-2026/Aramark/ProQuestDocuments-2026-07-29 (1).rtf@2687936,,,"|Fort Myers News-Press (1931-); Fort Myers, Florida | / 2016-08-17 / ?",articles/raw/usb-sept-2026/Aramark/ProQuestDocuments-2026-07-29 (1).rtf,
corpus,"the source document is defective. Needs a better export or OCR, not a reviewer",article unusable: no headline found,article,articles/raw/usb-sept-2026/Aramark/ProQuestDocuments-2026-07-29 (1).rtf@2694841,,,|Philadelphia Inquirer (1969-); Philadelphia | / 2016-08-16 / ?,articles/raw/usb-sept-2026/Aramark/ProQuestDocuments-2026-07-29 (1).rtf,
corpus,"the source document is defective. Needs a better export or OCR, not a reviewer",article unusable: no headline found,article,articles/raw/usb-sept-2026/Aramark/ProQuestDocuments-2026-07-29 (1).rtf@2727966,,,"|Evansville Courier & Press (1999-); Evansville, Indiana | / 2016-08-14 / ?",articles/raw/usb-sept-2026/Aramark/ProQuestDocuments-2026-07-29 (1).rtf,
corpus,"the source document is defective. Needs a better export or OCR, not a reviewer",article unusable: no headline found,article,articles/raw/usb-sept-2026/Aramark/ProQuestDocuments-2026-07-29 (1).rtf@2750028,,,"|Standard Times (1928-); San Angelo, Texas | / 2016-08-13 / ?",articles/raw/usb-sept-2026/Aramark/ProQuestDocuments-2026-07-29 (1).rtf,
corpus,"the source document is defective. Needs a better export or OCR, not a reviewer",article unusable: no headline found,article,articles/raw/usb-sept-2026/Aramark/ProQuestDocuments-2026-07-29 (1).rtf@2750932,,,"|Great Falls Tribune (1921-); Great Falls, Montana | / 2016-08-11 / ?",articles/raw/usb-sept-2026/Aramark/ProQuestDocuments-2026-07-29 (1).rtf,
corpus,"the source document is defective. Needs a better export or OCR, not a reviewer",article unusable: no headline found,article,articles/raw/usb-sept-2026/Aramark/ProQuestDocuments-2026-07-29 (1).rtf@2751890,,,|Pittsburgh Post-Gazette (1927-); Pittsburgh | / 2016-08-11 / ?,articles/raw/usb-sept-2026/Aramark/ProQuestDocuments-2026-07-29 (1).rtf,
corpus,"the source document is defective. Needs a better export or OCR, not a reviewer",article unusable: no headline found,article,articles/raw/usb-sept-2026/Aramark/ProQuestDocuments-2026-07-29 (1).rtf@2752766,,,"|The Record (1960-); Hackensack, New Jersey | / 2016-08-10 / ?",articles/raw/usb-sept-2026/Aramark/ProQuestDocuments-2026-07-29 (1).rtf,
corpus,"the source document is defective. Needs a better export or OCR, not a reviewer",article unusable: no headline found,article,articles/raw/usb-sept-2026/Aramark/ProQuestDocuments-2026-07-29 (1).rtf@2753702,,,"|Des Moines Register (1871-); Des Moines, Iowa | / 2016-08-10 / ?",articles/raw/usb-sept-2026/Aramark/ProQuestDocuments-2026-07-29 (1).rtf,
corpus,"the source document is defective. Needs a better export or OCR, not a reviewer",article unusable: no headline found,article,articles/raw/usb-sept-2026/Aramark/ProQuestDocuments-2026-07-29 (1).rtf@2860147,,,"|Des Moines Register (1871-); Des Moines, Iowa | / 2016-08-09 / ?",articles/raw/usb-sept-2026/Aramark/ProQuestDocuments-2026-07-29 (1).rtf,
corpus,"the source document is defective. Needs a better export or OCR, not a reviewer",article unusable: no headline found,article,articles/raw/usb-sept-2026/Aramark/ProQuestDocuments-2026-07-29 (1).rtf@2866629,,,"|The Leaf-Chronicle (1979-); Clarksville, Tennessee | / 2016-08-08 / ?",articles/raw/usb-sept-2026/Aramark/ProQuestDocuments-2026-07-29 (1).rtf,
corpus,"the source document is defective. Needs a better export or OCR, not a reviewer",article unusable: no headline found,article,articles/raw/usb-sept-2026/Aramark/ProQuestDocuments-2026-07-29 (1).rtf@2867586,,,"|The Leaf-Chronicle (1979-); Clarksville, Tennessee | / 2016-08-08 / ?",articles/raw/usb-sept-2026/Aramark/ProQuestDocuments-2026-07-29 (1).rtf,
corpus,"the source document is defective. Needs a better export or OCR, not a reviewer",article unusable: no headline found,article,articles/raw/usb-sept-2026/Aramark/ProQuestDocuments-2026-07-29 (1).rtf@2868543,,,"|The Daily News-Journal (1931-); Murfreesboro, Tennessee | / 2016-08-08 / ?",articles/raw/usb-sept-2026/Aramark/ProQuestDocuments-2026-07-29 (1).rtf,
corpus,"the source document is defective. Needs a better export or OCR, not a reviewer",article unusable: no headline found,article,articles/raw/usb-sept-2026/Aramark/ProQuestDocuments-2026-07-29 (1).rtf@2869506,,,"|The Daily News-Journal (1931-); Murfreesboro, Tennessee | / 2016-08-08 / ?",articles/raw/usb-sept-2026/Aramark/ProQuestDocuments-2026-07-29 (1).rtf,
corpus,"the source document is defective. Needs a better export or OCR, not a reviewer",article unusable: no headline found,article,articles/raw/usb-sept-2026/Aramark/ProQuestDocuments-2026-07-29 (1).rtf@2870469,,,"|Standard Times (1928-); San Angelo, Texas | / 2016-08-08 / ?",articles/raw/usb-sept-2026/Aramark/ProQuestDocuments-2026-07-29 (1).rtf,
corpus,"the source document is defective. Needs a better export or OCR, not a reviewer",article unusable: no headline found,article,articles/raw/usb-sept-2026/Aramark/ProQuestDocuments-2026-07-29 (1).rtf@2887220,,,|The Tennessean (1972-); Nashville | / 2016-08-08 / ?,articles/raw/usb-sept-2026/Aramark/ProQuestDocuments-2026-07-29 (1).rtf,
corpus,"the source document is defective. Needs a better export or OCR, not a reviewer",article unusable: no headline found,article,articles/raw/usb-sept-2026/Aramark/ProQuestDocuments-2026-07-29 (1).rtf@2888147,,,|The Tennessean (1972-); Nashville | / 2016-08-08 / ?,articles/raw/usb-sept-2026/Aramark/ProQuestDocuments-2026-07-29 (1).rtf,
corpus,"the source document is defective. Needs a better export or OCR, not a reviewer",article unusable: no headline found,article,articles/raw/usb-sept-2026/Aramark/ProQuestDocuments-2026-07-29 (1).rtf@2889074,,,"|Boston Globe (2008-); Boston, Massachusetts | / 2016-08-08 / ?",articles/raw/usb-sept-2026/Aramark/ProQuestDocuments-2026-07-29 (1).rtf,
corpus,"the source document is defective. Needs a better export or OCR, not a reviewer",article unusable: no headline found,article,articles/raw/usb-sept-2026/Aramark/ProQuestDocuments-2026-07-29 (1).rtf@2918855,,,"|The News Leader (2001-); Staunton, Virginia | / 2016-08-07 / ?",articles/raw/usb-sept-2026/Aramark/ProQuestDocuments-2026-07-29 (1).rtf,
corpus,"the source document is defective. Needs a better export or OCR, not a reviewer",article unusable: no headline found,article,articles/raw/usb-sept-2026/Aramark/ProQuestDocuments-2026-07-29 (1).rtf@2919771,,,|Arizona Republic (1930-); Phoenix | / 2016-08-07 / ?,articles/raw/usb-sept-2026/Aramark/ProQuestDocuments-2026-07-29 (1).rtf,
corpus,"the source document is defective. Needs a better export or OCR, not a reviewer",article unusable: no headline found,article,articles/raw/usb-sept-2026/Aramark/ProQuestDocuments-2026-07-29 (1).rtf@2920696,,,"|Standard Times (1928-); San Angelo, Texas | / 2016-08-07 / ?",articles/raw/usb-sept-2026/Aramark/ProQuestDocuments-2026-07-29 (1).rtf,
corpus,"the source document is defective. Needs a better export or OCR, not a reviewer",article unusable: no headline found,article,articles/raw/usb-sept-2026/Aramark/ProQuestDocuments-2026-07-29 (1).rtf@2921599,,,"|The Record (1960-); Hackensack, New Jersey | / 2016-08-07 / ?",articles/raw/usb-sept-2026/Aramark/ProQuestDocuments-2026-07-29 (1).rtf,
corpus,"the source document is defective. Needs a better export or OCR, not a reviewer",article unusable: no headline found,article,articles/raw/usb-sept-2026/Aramark/ProQuestDocuments-2026-07-29 (1).rtf@2922531,,,"|The North Jersey Herald & News (1987-); Passaic, New Jersey | / 2016-08-07 / ?",articles/raw/usb-sept-2026/Aramark/ProQuestDocuments-2026-07-29 (1).rtf,
corpus,"the source document is defective. Needs a better export or OCR, not a reviewer",article unusable: no headline found,article,articles/raw/usb-sept-2026/Aramark/ProQuestDocuments-2026-07-29 (1).rtf@2924746,,,|New York Times (2008-); New York | / 2016-08-07 / ?,articles/raw/usb-sept-2026/Aramark/ProQuestDocuments-2026-07-29 (1).rtf,
corpus,"the source document is defective. Needs a better export or OCR, not a reviewer",article unusable: no headline found,article,articles/raw/usb-sept-2026/Aramark/ProQuestDocuments-2026-07-29 (1).rtf@2953108,,,"|Standard Times (1928-); San Angelo, Texas | / 2016-08-06 / ?",articles/raw/usb-sept-2026/Aramark/ProQuestDocuments-2026-07-29 (1).rtf,
corpus,"the source document is defective. Needs a better export or OCR, not a reviewer",article unusable: no headline found,article,articles/raw/usb-sept-2026/Aramark/ProQuestDocuments-2026-07-29 (1).rtf@2954011,,,|Star Tribune (1987-); Minneapolis | / 2016-08-06 / ?,articles/raw/usb-sept-2026/Aramark/ProQuestDocuments-2026-07-29 (1).rtf,
corpus,"the source document is defective. Needs a better export or OCR, not a reviewer",article unusable: no headline found,article,articles/raw/usb-sept-2026/Aramark/ProQuestDocuments-2026-07-29 (1).rtf@2954951,,,|Star Tribune (1987-); Minneapolis | / 2016-08-06 / ?,articles/raw/usb-sept-2026/Aramark/ProQuestDocuments-2026-07-29 (1).rtf,
corpus,"the source document is defective. Needs a better export or OCR, not a reviewer",article unusable: no headline found,article,articles/raw/usb-sept-2026/Aramark/ProQuestDocuments-2026-07-29 (1).rtf@2961877,,,"|Standard Times (1928-); San Angelo, Texas | / 2016-08-05 / ?",articles/raw/usb-sept-2026/Aramark/ProQuestDocuments-2026-07-29 (1).rtf,
corpus,"the source document is defective. Needs a better export or OCR, not a reviewer",article unusable: no headline found,article,articles/raw/usb-sept-2026/Aramark/ProQuestDocuments-2026-07-29 (1).rtf@2962780,,,"|The Knoxville News-Sentinel (1926-); Knoxville, Tennessee | / 2016-08-05 / ?",articles/raw/usb-sept-2026/Aramark/ProQuestDocuments-2026-07-29 (1).rtf,
corpus,"the source document is defective. Needs a better export or OCR, not a reviewer",article unusable: no headline found,article,articles/raw/usb-sept-2026/Aramark/ProQuestDocuments-2026-07-29 (1).rtf@2963711,,,"|The Record (1960-); Hackensack, New Jersey | / 2016-08-05 / ?",articles/raw/usb-sept-2026/Aramark/ProQuestDocuments-2026-07-29 (1).rtf,
corpus,"the source document is defective. Needs a better export or OCR, not a reviewer",article unusable: no headline found,article,articles/raw/usb-sept-2026/Aramark/ProQuestDocuments-2026-07-29 (1).rtf@2964643,,,"|The North Jersey Herald & News (1987-); Passaic, New Jersey | / 2016-08-05 / ?",articles/raw/usb-sept-2026/Aramark/ProQuestDocuments-2026-07-29 (1).rtf,
corpus,"the source document is defective. Needs a better export or OCR, not a reviewer",article unusable: no headline found,article,articles/raw/usb-sept-2026/Aramark/ProQuestDocuments-2026-07-29 (1).rtf@2971193,,,"|Philadelphia Daily News (1960-); Philadelphia, Pennsylvania | / 2016-08-05 / ?",articles/raw/usb-sept-2026/Aramark/ProQuestDocuments-2026-07-29 (1).rtf,
corpus,"the source document is defective. Needs a better export or OCR, not a reviewer",article unusable: no headline found,article,articles/raw/usb-sept-2026/Aramark/ProQuestDocuments-2026-07-29 (1).rtf@2972166,,,|Star Tribune (1987-); Minneapolis | / 2016-08-05 / ?,articles/raw/usb-sept-2026/Aramark/ProQuestDocuments-2026-07-29 (1).rtf,
corpus,"the source document is defective. Needs a better export or OCR, not a reviewer",article unusable: no headline found,article,articles/raw/usb-sept-2026/Aramark/ProQuestDocuments-2026-07-29 (1).rtf@2973106,,,|Philadelphia Inquirer (1969-); Philadelphia | / 2016-08-05 / ?,articles/raw/usb-sept-2026/Aramark/ProQuestDocuments-2026-07-29 (1).rtf,
corpus,"the source document is defective. Needs a better export or OCR, not a reviewer",article unusable: no headline found,article,articles/raw/usb-sept-2026/Aramark/ProQuestDocuments-2026-07-29 (1).rtf@3044716,,,"|Iowa City Press-Citizen (1920-); Iowa City, Iowa | / 2016-08-02 / ?",articles/raw/usb-sept-2026/Aramark/ProQuestDocuments-2026-07-29 (1).rtf,
corpus,"the source document is defective. Needs a better export or OCR, not a reviewer",article unusable: no headline found,article,articles/raw/usb-sept-2026/Aramark/ProQuestDocuments-2026-07-29 (1).rtf@3045645,,,|Philadelphia Inquirer (1969-); Philadelphia | / 2016-08-01 / ?,articles/raw/usb-sept-2026/Aramark/ProQuestDocuments-2026-07-29 (1).rtf,
corpus,"the source document is defective. Needs a better export or OCR, not a reviewer",article unusable: no headline found,article,articles/raw/usb-sept-2026/Aramark/ProQuestDocuments-2026-07-29 (1).rtf@3057089,,,|St. Louis Post-Dispatch (1923-); St Louis | / 2016-07-31 / ?,articles/raw/usb-sept-2026/Aramark/ProQuestDocuments-2026-07-29 (1).rtf,
corpus,"the source document is defective. Needs a better export or OCR, not a reviewer",article unusable: no headline found,article,articles/raw/usb-sept-2026/Aramark/ProQuestDocuments-2026-07-29 (1).rtf@3070004,,,"|The Reporter (1977-); Fond du Lac, Wisconsin | / 2016-07-29 / ?",articles/raw/usb-sept-2026/Aramark/ProQuestDocuments-2026-07-29 (1).rtf,
corpus,"the source document is defective. Needs a better export or OCR, not a reviewer",article unusable: no headline found,article,articles/raw/usb-sept-2026/Aramark/ProQuestDocuments-2026-07-29 (1).rtf@3070956,,,"|Argus Leader (1977-); Sioux Falls, South Dakota | / 2016-07-29 / ?",articles/raw/usb-sept-2026/Aramark/ProQuestDocuments-2026-07-29 (1).rtf,
corpus,"the source document is defective. Needs a better export or OCR, not a reviewer",article unusable: no headline found,article,articles/raw/usb-sept-2026/Aramark/ProQuestDocuments-2026-07-29 (1).rtf@704917,,,"|Des Moines Register (1871-); Des Moines, Iowa | / 2016-12-30 / ?",articles/raw/usb-sept-2026/Aramark/ProQuestDocuments-2026-07-29 (1).rtf,
corpus,"the source document is defective. Needs a better export or OCR, not a reviewer",article unusable: no headline found,article,articles/raw/usb-sept-2026/Aramark/ProQuestDocuments-2026-07-29 (1).rtf@713944,,,"|The Daily Journal (1988-); Millville, New Jersey | / 2016-12-28 / ?",articles/raw/usb-sept-2026/Aramark/ProQuestDocuments-2026-07-29 (1).rtf,
corpus,"the source document is defective. Needs a better export or OCR, not a reviewer",article unusable: no headline found,article,articles/raw/usb-sept-2026/Aramark/ProQuestDocuments-2026-07-29 (1).rtf@714887,,,"|Times Record News (1987-); Wichita Falls, Texas | / 2016-12-28 / ?",articles/raw/usb-sept-2026/Aramark/ProQuestDocuments-2026-07-29 (1).rtf,
corpus,"the source document is defective. Needs a better export or OCR, not a reviewer",article unusable: no headline found,article,articles/raw/usb-sept-2026/Aramark/ProQuestDocuments-2026-07-29 (1).rtf@715839,,,"|Des Moines Register (1871-); Des Moines, Iowa | / 2016-12-28 / ?",articles/raw/usb-sept-2026/Aramark/ProQuestDocuments-2026-07-29 (1).rtf,
corpus,"the source document is defective. Needs a better export or OCR, not a reviewer",article unusable: no headline found,article,articles/raw/usb-sept-2026/Aramark/ProQuestDocuments-2026-07-29 (1).rtf@716773,,,|Courier - Post (1949-); Cherry Hill | / 2016-12-23 / ?,articles/raw/usb-sept-2026/Aramark/ProQuestDocuments-2026-07-29 (1).rtf,
corpus,"the source document is defective. Needs a better export or OCR, not a reviewer",article unusable: no headline found,article,articles/raw/usb-sept-2026/Aramark/ProQuestDocuments-2026-07-29 (1).rtf@748100,,,"|Des Moines Register (1871-); Des Moines, Iowa | / 2016-12-21 / ?",articles/raw/usb-sept-2026/Aramark/ProQuestDocuments-2026-07-29 (1).rtf,
corpus,"the source document is defective. Needs a better export or OCR, not a reviewer",article unusable: no headline found,article,articles/raw/usb-sept-2026/Aramark/ProQuestDocuments-2026-07-29 (1).rtf@749034,,,"|Des Moines Register (1871-); Des Moines, Iowa | / 2016-12-21 / ?",articles/raw/usb-sept-2026/Aramark/ProQuestDocuments-2026-07-29 (1).rtf,
corpus,"the source document is defective. Needs a better export or OCR, not a reviewer",article unusable: no headline found,article,articles/raw/usb-sept-2026/Aramark/ProQuestDocuments-2026-07-29 (1).rtf@749968,,,"|Newsday (2010-), Nassau ed.; Long Island, New York | / 2016-12-18 / ?",articles/raw/usb-sept-2026/Aramark/ProQuestDocuments-2026-07-29 (1).rtf,
corpus,"the source document is defective. Needs a better export or OCR, not a reviewer",article unusable: no headline found,article,articles/raw/usb-sept-2026/Aramark/ProQuestDocuments-2026-07-29 (1).rtf@750907,,,|Chicago Tribune (2008-); Chicago | / 2016-12-16 / ?,articles/raw/usb-sept-2026/Aramark/ProQuestDocuments-2026-07-29 (1).rtf,
corpus,"the source document is defective. Needs a better export or OCR, not a reviewer",article unusable: no headline found,article,articles/raw/usb-sept-2026/Aramark/ProQuestDocuments-2026-07-29 (1).rtf@778313,,,"|Newsday (2010-), Nassau ed.; Long Island, New York | / 2016-12-13 / ?",articles/raw/usb-sept-2026/Aramark/ProQuestDocuments-2026-07-29 (1).rtf,
corpus,"the source document is defective. Needs a better export or OCR, not a reviewer",article unusable: no headline found,article,articles/raw/usb-sept-2026/Aramark/ProQuestDocuments-2026-07-29 (1).rtf@783802,,,"|Tallahassee Democrat (1949-); Tallahassee, Florida | / 2016-12-12 / ?",articles/raw/usb-sept-2026/Aramark/ProQuestDocuments-2026-07-29 (1).rtf,
corpus,"the source document is defective. Needs a better export or OCR, not a reviewer",article unusable: no headline found,article,articles/raw/usb-sept-2026/Aramark/ProQuestDocuments-2026-07-29 (1).rtf@799558,,,"|Evansville Courier & Press (1999-); Evansville, Indiana | / 2016-12-11 / ?",articles/raw/usb-sept-2026/Aramark/ProQuestDocuments-2026-07-29 (1).rtf,
corpus,"the source document is defective. Needs a better export or OCR, not a reviewer",article unusable: no headline found,article,articles/raw/usb-sept-2026/Aramark/ProQuestDocuments-2026-07-29 (1).rtf@800495,,,|Philadelphia Inquirer (1969-); Philadelphia | / 2016-12-11 / ?,articles/raw/usb-sept-2026/Aramark/ProQuestDocuments-2026-07-29 (1).rtf,
corpus,"the source document is defective. Needs a better export or OCR, not a reviewer",article unusable: no headline found,article,articles/raw/usb-sept-2026/Aramark/ProQuestDocuments-2026-07-29 (1).rtf@81385,,,"|The Orlando Sentinel (1982-); Orlando, Florida | / 2017-01-30 / ?",articles/raw/usb-sept-2026/Aramark/ProQuestDocuments-2026-07-29 (1).rtf,
corpus,"the source document is defective. Needs a better export or OCR, not a reviewer",article unusable: no headline found,article,articles/raw/usb-sept-2026/Aramark/ProQuestDocuments-2026-07-29 (1).rtf@866044,,,|Philadelphia Inquirer (1969-); Philadelphia | / 2016-12-09 / ?,articles/raw/usb-sept-2026/Aramark/ProQuestDocuments-2026-07-29 (1).rtf,
corpus,"the source document is defective. Needs a better export or OCR, not a reviewer",article unusable: no headline found,article,articles/raw/usb-sept-2026/Aramark/ProQuestDocuments-2026-07-29 (1).rtf@867017,,,|Chicago Tribune (2008-); Chicago | / 2016-12-07 / ?,articles/raw/usb-sept-2026/Aramark/ProQuestDocuments-2026-07-29 (1).rtf,
corpus,"the source document is defective. Needs a better export or OCR, not a reviewer",article unusable: no headline found,article,articles/raw/usb-sept-2026/Aramark/ProQuestDocuments-2026-07-29 (1).rtf@89006,,,"|Record Searchlight (1975-); Redding, California | / 2017-01-29 / ?",articles/raw/usb-sept-2026/Aramark/ProQuestDocuments-2026-07-29 (1).rtf,
corpus,"the source document is defective. Needs a better export or OCR, not a reviewer",article unusable: no headline found,article,articles/raw/usb-sept-2026/Aramark/ProQuestDocuments-2026-07-29 (1).rtf@89910,,,"|Des Moines Register (1871-); Des Moines, Iowa | / 2017-01-27 / ?",articles/raw/usb-sept-2026/Aramark/ProQuestDocuments-2026-07-29 (1).rtf,
corpus,"the source document is defective. Needs a better export or OCR, not a reviewer",article unusable: no headline found,article,articles/raw/usb-sept-2026/Aramark/ProQuestDocuments-2026-07-29 (1).rtf@90851,,,"|Des Moines Register (1871-); Des Moines, Iowa | / 2017-01-27 / ?",articles/raw/usb-sept-2026/Aramark/ProQuestDocuments-2026-07-29 (1).rtf,
corpus,"the source document is defective. Needs a better export or OCR, not a reviewer",article unusable: no headline found,article,articles/raw/usb-sept-2026/Aramark/ProQuestDocuments-2026-07-29 (1).rtf@91792,,,"|Des Moines Register (1871-); Des Moines, Iowa | / 2017-01-27 / ?",articles/raw/usb-sept-2026/Aramark/ProQuestDocuments-2026-07-29 (1).rtf,
corpus,"the source document is defective. Needs a better export or OCR, not a reviewer",article unusable: no headline found,article,articles/raw/usb-sept-2026/Aramark/ProQuestDocuments-2026-07-29 (1).rtf@986848,,,|Philadelphia Inquirer (1969-); Philadelphia | / 2016-12-06 / ?,articles/raw/usb-sept-2026/Aramark/ProQuestDocuments-2026-07-29 (1).rtf,
corpus,"the source document is defective. Needs a better export or OCR, not a reviewer",article unusable: no headline found,article,articles/raw/usb-sept-2026/Aramark/ProQuestDocuments-2026-07-29 (1).rtf@987821,,,|Philadelphia Inquirer (1969-); Philadelphia | / 2016-12-06 / ?,articles/raw/usb-sept-2026/Aramark/ProQuestDocuments-2026-07-29 (1).rtf,
corpus,"the source document is defective. Needs a better export or OCR, not a reviewer",article unusable: no headline found,article,articles/raw/usb-sept-2026/Sodexho/ProQuestDocuments-2026-07-29.rtf@10260,,,"|Montgomery Advertiser (1987-), 3rd Edition - Montgomery Final; Montgomery, Alabama | / 2016-12-04 / ?",articles/raw/usb-sept-2026/Sodexho/ProQuestDocuments-2026-07-29.rtf,
corpus,"the source document is defective. Needs a better export or OCR, not a reviewer",article unusable: no headline found,article,articles/raw/usb-sept-2026/Sodexho/ProQuestDocuments-2026-07-29.rtf@141504,,,|New York Times (2008-); New York | / 2016-11-06 / ?,articles/raw/usb-sept-2026/Sodexho/ProQuestDocuments-2026-07-29.rtf,
corpus,"the source document is defective. Needs a better export or OCR, not a reviewer",article unusable: no headline found,article,articles/raw/usb-sept-2026/Sodexho/ProQuestDocuments-2026-07-29.rtf@148267,,,|Burlington Free Press (1923-); Burlington | / 2016-11-03 / ?,articles/raw/usb-sept-2026/Sodexho/ProQuestDocuments-2026-07-29.rtf,
corpus,"the source document is defective. Needs a better export or OCR, not a reviewer",article unusable: no headline found,article,articles/raw/usb-sept-2026/Sodexho/ProQuestDocuments-2026-07-29.rtf@149207,,,"|The Hartford Courant (2008-); Hartford, Connecticut | / 2016-11-03 / ?",articles/raw/usb-sept-2026/Sodexho/ProQuestDocuments-2026-07-29.rtf,
corpus,"the source document is defective. Needs a better export or OCR, not a reviewer",article unusable: no headline found,article,articles/raw/usb-sept-2026/Sodexho/ProQuestDocuments-2026-07-29.rtf@165017,,,|Philadelphia Inquirer (1969-); Philadelphia | / 2016-11-01 / ?,articles/raw/usb-sept-2026/Sodexho/ProQuestDocuments-2026-07-29.rtf,
corpus,"the source document is defective. Needs a better export or OCR, not a reviewer",article unusable: no headline found,article,articles/raw/usb-sept-2026/Sodexho/ProQuestDocuments-2026-07-29.rtf@18585,,,"|The Spokesman-Review (1894-); Spokane, Washington | / 2016-11-23 / ?",articles/raw/usb-sept-2026/Sodexho/ProQuestDocuments-2026-07-29.rtf,
corpus,"the source document is defective. Needs a better export or OCR, not a reviewer",article unusable: no headline found,article,articles/raw/usb-sept-2026/Sodexho/ProQuestDocuments-2026-07-29.rtf@195196,,,|London Evening Standard (2011-2018); London (UK) | / 2016-10-19 / ?,articles/raw/usb-sept-2026/Sodexho/ProQuestDocuments-2026-07-29.rtf,
corpus,"the source document is defective. Needs a better export or OCR, not a reviewer",article unusable: no headline found,article,articles/raw/usb-sept-2026/Sodexho/ProQuestDocuments-2026-07-29.rtf@208061,,,"|The Daily Advertiser (1914-); Lafayette, Louisiana | / 2016-10-13 / ?",articles/raw/usb-sept-2026/Sodexho/ProQuestDocuments-2026-07-29.rtf,
corpus,"the source document is defective. Needs a better export or OCR, not a reviewer",article unusable: no headline found,article,articles/raw/usb-sept-2026/Sodexho/ProQuestDocuments-2026-07-29.rtf@208970,,,|Philadelphia Inquirer (1969-); Philadelphia | / 2016-10-12 / ?,articles/raw/usb-sept-2026/Sodexho/ProQuestDocuments-2026-07-29.rtf,
corpus,"the source document is defective. Needs a better export or OCR, not a reviewer",article unusable: no headline found,article,articles/raw/usb-sept-2026/Sodexho/ProQuestDocuments-2026-07-29.rtf@212702,,,"|The Daily Advertiser (1914-); Lafayette, Louisiana | / 2016-10-11 / ?",articles/raw/usb-sept-2026/Sodexho/ProQuestDocuments-2026-07-29.rtf,
corpus,"the source document is defective. Needs a better export or OCR, not a reviewer",article unusable: no headline found,article,articles/raw/usb-sept-2026/Sodexho/ProQuestDocuments-2026-07-29.rtf@213614,,,"|Des Moines Register (1871-); Des Moines, Iowa | / 2016-10-11 / ?",articles/raw/usb-sept-2026/Sodexho/ProQuestDocuments-2026-07-29.rtf,
corpus,"the source document is defective. Needs a better export or OCR, not a reviewer",article unusable: no headline found,article,articles/raw/usb-sept-2026/Sodexho/ProQuestDocuments-2026-07-29.rtf@214557,,,|Philadelphia Inquirer (1969-); Philadelphia | / 2016-10-11 / ?,articles/raw/usb-sept-2026/Sodexho/ProQuestDocuments-2026-07-29.rtf,
corpus,"the source document is defective. Needs a better export or OCR, not a reviewer",article unusable: no headline found,article,articles/raw/usb-sept-2026/Sodexho/ProQuestDocuments-2026-07-29.rtf@221751,,,"|The Record (1960-); Hackensack, New Jersey | / 2016-10-01 / ?",articles/raw/usb-sept-2026/Sodexho/ProQuestDocuments-2026-07-29.rtf,
corpus,"the source document is defective. Needs a better export or OCR, not a reviewer",article unusable: no headline found,article,articles/raw/usb-sept-2026/Sodexho/ProQuestDocuments-2026-07-29.rtf@222684,,,"|The North Jersey Herald & News (1987-); Passaic, New Jersey | / 2016-10-01 / ?",articles/raw/usb-sept-2026/Sodexho/ProQuestDocuments-2026-07-29.rtf,
corpus,"the source document is defective. Needs a better export or OCR, not a reviewer",article unusable: no headline found,article,articles/raw/usb-sept-2026/Sodexho/ProQuestDocuments-2026-07-29.rtf@231842,,,"|Albuquerque Journal (1926-); Albuquerque, New Mexico | / 2016-09-28 / ?",articles/raw/usb-sept-2026/Sodexho/ProQuestDocuments-2026-07-29.rtf,
corpus,"the source document is defective. Needs a better export or OCR, not a reviewer",article unusable: no headline found,article,articles/raw/usb-sept-2026/Sodexho/ProQuestDocuments-2026-07-29.rtf@236554,,,"|Albuquerque Journal (1926-); Albuquerque, New Mexico | / 2016-09-25 / ?",articles/raw/usb-sept-2026/Sodexho/ProQuestDocuments-2026-07-29.rtf,
corpus,"the source document is defective. Needs a better export or OCR, not a reviewer",article unusable: no headline found,article,articles/raw/usb-sept-2026/Sodexho/ProQuestDocuments-2026-07-29.rtf@251447,,,"|Albuquerque Journal (1926-); Albuquerque, New Mexico | / 2016-09-21 / ?",articles/raw/usb-sept-2026/Sodexho/ProQuestDocuments-2026-07-29.rtf,
corpus,"the source document is defective. Needs a better export or OCR, not a reviewer",article unusable: no headline found,article,articles/raw/usb-sept-2026/Sodexho/ProQuestDocuments-2026-07-29.rtf@252411,,,"|The Hamilton Spectator (1997-); Hamilton, Ontario | / 2016-09-17 / ?",articles/raw/usb-sept-2026/Sodexho/ProQuestDocuments-2026-07-29.rtf,
corpus,"the source document is defective. Needs a better export or OCR, not a reviewer",article unusable: no headline found,article,articles/raw/usb-sept-2026/Sodexho/ProQuestDocuments-2026-07-29.rtf@253437,,,"|The Daily Advertiser (1914-); Lafayette, Louisiana | / 2016-09-16 / ?",articles/raw/usb-sept-2026/Sodexho/ProQuestDocuments-2026-07-29.rtf,
corpus,"the source document is defective. Needs a better export or OCR, not a reviewer",article unusable: no headline found,article,articles/raw/usb-sept-2026/Sodexho/ProQuestDocuments-2026-07-29.rtf@277758,,,|London Evening Standard (2011-2018); London (UK) | / 2016-09-08 / ?,articles/raw/usb-sept-2026/Sodexho/ProQuestDocuments-2026-07-29.rtf,
corpus,"the source document is defective. Needs a better export or OCR, not a reviewer",article unusable: no headline found,article,articles/raw/usb-sept-2026/Sodexho/ProQuestDocuments-2026-07-29.rtf@278684,,,"|The Washington Post (2008-), Final Edition; Washington | / 2016-09-04 / ?",articles/raw/usb-sept-2026/Sodexho/ProQuestDocuments-2026-07-29.rtf,
corpus,"the source document is defective. Needs a better export or OCR, not a reviewer",article unusable: no headline found,article,articles/raw/usb-sept-2026/Sodexho/ProQuestDocuments-2026-07-29.rtf@279671,,,"|The Daily Advertiser (1914-); Lafayette, Louisiana | / 2016-09-03 / ?",articles/raw/usb-sept-2026/Sodexho/ProQuestDocuments-2026-07-29.rtf,
corpus,"the source document is defective. Needs a better export or OCR, not a reviewer",article unusable: no headline found,article,articles/raw/usb-sept-2026/Sodexho/ProQuestDocuments-2026-07-29.rtf@280580,,,"|The Washington Post (2008-), Final Edition; Washington | / 2016-09-03 / ?",articles/raw/usb-sept-2026/Sodexho/ProQuestDocuments-2026-07-29.rtf,
corpus,"the source document is defective. Needs a better export or OCR, not a reviewer",article unusable: no headline found,article,articles/raw/usb-sept-2026/Sodexho/ProQuestDocuments-2026-07-29.rtf@310974,,,"|The Morning Call (1939-); Allentown, Pennsylvania | / 2016-08-28 / ?",articles/raw/usb-sept-2026/Sodexho/ProQuestDocuments-2026-07-29.rtf,
corpus,"the source document is defective. Needs a better export or OCR, not a reviewer",article unusable: no headline found,article,articles/raw/usb-sept-2026/Sodexho/ProQuestDocuments-2026-07-29.rtf@311950,,,"|The Naples Daily News (1970-); Naples, Florida | / 2016-08-27 / ?",articles/raw/usb-sept-2026/Sodexho/ProQuestDocuments-2026-07-29.rtf,
corpus,"the source document is defective. Needs a better export or OCR, not a reviewer",article unusable: no headline found,article,articles/raw/usb-sept-2026/Sodexho/ProQuestDocuments-2026-07-29.rtf@312874,,,"|Fort Myers News-Press (1931-); Fort Myers, Florida | / 2016-08-27 / ?",articles/raw/usb-sept-2026/Sodexho/ProQuestDocuments-2026-07-29.rtf,
corpus,"the source document is defective. Needs a better export or OCR, not a reviewer",article unusable: no headline found,article,articles/raw/usb-sept-2026/Sodexho/ProQuestDocuments-2026-07-29.rtf@318726,,,"|Des Moines Register (1871-); Des Moines, Iowa | / 2016-08-26 / ?",articles/raw/usb-sept-2026/Sodexho/ProQuestDocuments-2026-07-29.rtf,
corpus,"the source document is defective. Needs a better export or OCR, not a reviewer",article unusable: no headline found,article,articles/raw/usb-sept-2026/Sodexho/ProQuestDocuments-2026-07-29.rtf@319664,,,|Pittsburgh Post-Gazette (1927-); Pittsburgh | / 2016-08-24 / ?,articles/raw/usb-sept-2026/Sodexho/ProQuestDocuments-2026-07-29.rtf,
corpus,"the source document is defective. Needs a better export or OCR, not a reviewer",article unusable: no headline found,article,articles/raw/usb-sept-2026/Sodexho/ProQuestDocuments-2026-07-29.rtf@320540,,,|Philadelphia Inquirer (1969-); Philadelphia | / 2016-08-24 / ?,articles/raw/usb-sept-2026/Sodexho/ProQuestDocuments-2026-07-29.rtf,
corpus,"the source document is defective. Needs a better export or OCR, not a reviewer",article unusable: no headline found,article,articles/raw/usb-sept-2026/Sodexho/ProQuestDocuments-2026-07-29.rtf@321513,,,"|The Daily Advertiser (1914-); Lafayette, Louisiana | / 2016-08-20 / ?",articles/raw/usb-sept-2026/Sodexho/ProQuestDocuments-2026-07-29.rtf,
corpus,"the source document is defective. Needs a better export or OCR, not a reviewer",article unusable: no headline found,article,articles/raw/usb-sept-2026/Sodexho/ProQuestDocuments-2026-07-29.rtf@328322,,,"|Tampa Bay Times (2012-); Tampa Bay, Florida | / 2016-08-17 / ?",articles/raw/usb-sept-2026/Sodexho/ProQuestDocuments-2026-07-29.rtf,
corpus,"the source document is defective. Needs a better export or OCR, not a reviewer",article unusable: no headline found,article,articles/raw/usb-sept-2026/Sodexho/ProQuestDocuments-2026-07-29.rtf@329296,,,"|Tampa Bay Times (2012-); Tampa Bay, Florida | / 2016-08-17 / ?",articles/raw/usb-sept-2026/Sodexho/ProQuestDocuments-2026-07-29.rtf,
corpus,"the source document is defective. Needs a better export or OCR, not a reviewer",article unusable: no headline found,article,articles/raw/usb-sept-2026/Sodexho/ProQuestDocuments-2026-07-29.rtf@330270,,,"|Tampa Bay Times (2012-); Tampa Bay, Florida | / 2016-08-17 / ?",articles/raw/usb-sept-2026/Sodexho/ProQuestDocuments-2026-07-29.rtf,
corpus,"the source document is defective. Needs a better export or OCR, not a reviewer",article unusable: no headline found,article,articles/raw/usb-sept-2026/Sodexho/ProQuestDocuments-2026-07-29.rtf@333363,,,|Asbury Park Press (1974-); Asbury Park | / 2016-08-14 / ?,articles/raw/usb-sept-2026/Sodexho/ProQuestDocuments-2026-07-29.rtf,
corpus,"the source document is defective. Needs a better export or OCR, not a reviewer",article unusable: no headline found,article,articles/raw/usb-sept-2026/Sodexho/ProQuestDocuments-2026-07-29.rtf@334281,,,"|The Bangor Daily News (1900-); Bangor, Maine | / 2016-08-11 / ?",articles/raw/usb-sept-2026/Sodexho/ProQuestDocuments-2026-07-29.rtf,
corpus,"the source document is defective. Needs a better export or OCR, not a reviewer",article unusable: no headline found,article,articles/raw/usb-sept-2026/Sodexho/ProQuestDocuments-2026-07-29.rtf@335256,,,"|The Bangor Daily News (1900-); Bangor, Maine | / 2016-08-10 / ?",articles/raw/usb-sept-2026/Sodexho/ProQuestDocuments-2026-07-29.rtf,
corpus,"the source document is defective. Needs a better export or OCR, not a reviewer",article unusable: no headline found,article,articles/raw/usb-sept-2026/Sodexho/ProQuestDocuments-2026-07-29.rtf@336231,,,|Star Tribune (1987-); Minneapolis | / 2016-08-07 / ?,articles/raw/usb-sept-2026/Sodexho/ProQuestDocuments-2026-07-29.rtf,
corpus,"the source document is defective. Needs a better export or OCR, not a reviewer",article unusable: no headline found,article,articles/raw/usb-sept-2026/Sodexho/ProQuestDocuments-2026-07-29.rtf@337171,,,"|The Washington Post (2008-), Final Edition; Washington | / 2016-08-07 / ?",articles/raw/usb-sept-2026/Sodexho/ProQuestDocuments-2026-07-29.rtf,
corpus,"the source document is defective. Needs a better export or OCR, not a reviewer",article unusable: no headline found,article,articles/raw/usb-sept-2026/Sodexho/ProQuestDocuments-2026-07-29.rtf@351130,,,"|The Bangor Daily News (1900-); Bangor, Maine | / 2016-08-05 / ?",articles/raw/usb-sept-2026/Sodexho/ProQuestDocuments-2026-07-29.rtf,
corpus,"the source document is defective. Needs a better export or OCR, not a reviewer",article unusable: no headline found,article,articles/raw/usb-sept-2026/Sodexho/ProQuestDocuments-2026-07-29.rtf@362348,,,"|St. Cloud Times (1988-); St Cloud, Minnesota | / 2016-07-31 / ?",articles/raw/usb-sept-2026/Sodexho/ProQuestDocuments-2026-07-29.rtf,
corpus,"the source document is defective. Needs a better export or OCR, not a reviewer",article unusable: no headline found,article,articles/raw/usb-sept-2026/Sodexho/ProQuestDocuments-2026-07-29.rtf@371966,,,"|Dayton Daily News (1987-); Dayton, Ohio | / 2016-07-30 / ?",articles/raw/usb-sept-2026/Sodexho/ProQuestDocuments-2026-07-29.rtf,
corpus,"the source document is defective. Needs a better export or OCR, not a reviewer",article unusable: no headline found,article,articles/raw/usb-sept-2026/Sodexho/ProQuestDocuments-2026-07-29.rtf@372967,,,"|Des Moines Register (1871-); Des Moines, Iowa | / 2016-07-29 / ?",articles/raw/usb-sept-2026/Sodexho/ProQuestDocuments-2026-07-29.rtf,
corpus,"the source document is defective. Needs a better export or OCR, not a reviewer",article unusable: no headline found,article,articles/raw/usb-sept-2026/Sodexho/ProQuestDocuments-2026-07-29.rtf@48672,,,"|The Daily Advertiser (1914-); Lafayette, Louisiana | / 2016-11-21 / ?",articles/raw/usb-sept-2026/Sodexho/ProQuestDocuments-2026-07-29.rtf,
corpus,"the source document is defective. Needs a better export or OCR, not a reviewer",article unusable: no headline found,article,articles/raw/usb-sept-2026/Sodexho/ProQuestDocuments-2026-07-29.rtf@49583,,,"|The Morning Call (1939-); Allentown, Pennsylvania | / 2016-11-20 / ?",articles/raw/usb-sept-2026/Sodexho/ProQuestDocuments-2026-07-29.rtf,
corpus,"the source document is defective. Needs a better export or OCR, not a reviewer",article unusable: no headline found,article,articles/raw/usb-sept-2026/Sodexho/ProQuestDocuments-2026-07-29.rtf@63159,,,"|The Spokesman-Review (1894-); Spokane, Washington | / 2016-11-17 / ?",articles/raw/usb-sept-2026/Sodexho/ProQuestDocuments-2026-07-29.rtf,
corpus,"the source document is defective. Needs a better export or OCR, not a reviewer",article unusable: no headline found,article,articles/raw/usb-sept-2026/Sodexho/ProQuestDocuments-2026-07-29.rtf@64138,,,"|The Spokesman-Review (1894-); Spokane, Washington | / 2016-11-17 / ?",articles/raw/usb-sept-2026/Sodexho/ProQuestDocuments-2026-07-29.rtf,
corpus,"the source document is defective. Needs a better export or OCR, not a reviewer",article unusable: no headline found,article,articles/raw/usb-sept-2026/Sodexho/ProQuestDocuments-2026-07-29.rtf@65117,,,"|The Spokesman-Review (1894-); Spokane, Washington | / 2016-11-17 / ?",articles/raw/usb-sept-2026/Sodexho/ProQuestDocuments-2026-07-29.rtf,
corpus,"the source document is defective. Needs a better export or OCR, not a reviewer",article unusable: no publication date (read '|2017 |'),article,articles/raw/usb-sept-2026/Aramark/ProQuestDocuments-2026-07-29 (1).rtf@271372,,,|The Journal of Sustainability Education; Prescott | / ? / Campus agriculture education: educating food citizens or producers?,articles/raw/usb-sept-2026/Aramark/ProQuestDocuments-2026-07-29 (1).rtf,"HooverMacDonald JSE May 2017 14 Regenerative Agriculture PDF 1.0 Introduction: In 1991, David Orr wrote, “It might have been different had agriculture evolved instead within the liberal arts colleges.” In this piece, written for the Society for Conservation Bi"
corpus,"the source document is defective. Needs a better export or OCR, not a reviewer",article unusable: no publication date (read '|2017 |'),article,articles/raw/usb-sept-2026/Aramark/ProQuestDocuments-2026-07-29 (1).rtf@318756,,,"|Journal of American Folklore; Columbus | / ? / Eating behind Bars: On Punishment, Resistance, Policy, and Applied Folkloristics",articles/raw/usb-sept-2026/Aramark/ProQuestDocuments-2026-07-29 (1).rtf,_TVM:UNDEFINED_
corpus,"the source document is defective. Needs a better export or OCR, not a reviewer",article unusable: no publication date (read '|2017 |'),article,articles/raw/usb-sept-2026/Aramark/ProQuestDocuments-2026-07-29 (1).rtf@417282,,,|Animals; Basel | / ? / A Decade of Progress toward Ending the Intensive Confinement of Farm Animals in the United States,articles/raw/usb-sept-2026/Aramark/ProQuestDocuments-2026-07-29 (1).rtf,"1. Introduction: The Nature of the Animal Protection Movement from 1980 to 2000 1.1. Henry Spira’s Influence Strategy in the modern animal protection movement was greatly influenced by Henry Spira, a particularly effective activist, teacher and writer with a b"
corpus,"the source document is defective. Needs a better export or OCR, not a reviewer",article unusable: no publication date (read '|Aug 2016 |'),article,articles/raw/usb-sept-2026/Aramark/ProQuestDocuments-2026-07-29 (1).rtf@3046611,,,"|BioCycle; Emmaus | / ? / BEYOND BEAUTY - ASSESSING MARKETS FOR ""IMPERFECTS""",articles/raw/usb-sept-2026/Aramark/ProQuestDocuments-2026-07-29 (1).rtf,"With support from a U.S. Department of Agriculture Specialty Crop grant, JoAnne Berkenkamp of Tomorrow's Table, in collaboration with The Real Food Challenge, carried out the Beyond Beauty initiative to explore the potential to develop commercial markets for c"
corpus,"the source document is defective. Needs a better export or OCR, not a reviewer",article unusable: no publication date (read '|Aug 2016 |'),article,articles/raw/usb-sept-2026/Sodexho/ProQuestDocuments-2026-07-29.rtf@352101,,,|Foodservice Director; New York | / ? / CHALLENGE ACCEPTED,articles/raw/usb-sept-2026/Sodexho/ProQuestDocuments-2026-07-29.rtf,"Headnote SUSTAINABILITY Waste reduction efforts can show results beyond the environment. The buffet tables in the dining halls at the University of California, Santa Cruz were impressively arranged with plates teeming with sandwiches, pizzas, fries and vegetab"
corpus,"the source document is defective. Needs a better export or OCR, not a reviewer",article unusable: no publication date (read '|Aug 2016 |'),article,articles/raw/usb-sept-2026/Sodexho/ProQuestDocuments-2026-07-29.rtf@357088,,,|Foodservice Director; New York | / ? / #THROWBACK: 3 RULES FOR MODERN DECADE-THEME DINING,articles/raw/usb-sept-2026/Sodexho/ProQuestDocuments-2026-07-29.rtf,"Headnote MARKETING Bank on nostalgia for new memories. Look to social media's Throwback Thursday photos and Facebook Memories, and it's clear there's a heavy nostalgia for days not-so-long past. Foodservice operators are tapping into diners' desire for simpler"
corpus,"the source document is defective. Needs a better export or OCR, not a reviewer",article unusable: no publication date (read '|Jan 2017 |'),article,articles/raw/usb-sept-2026/Aramark/ProQuestDocuments-2026-07-29 (1).rtf@321236,,,|Health Services Insights; London | / ? / Marketization in Long-Term Care: A Cross-Country Comparison of Large For-Profit Nursing Home Chains,articles/raw/usb-sept-2026/Aramark/ProQuestDocuments-2026-07-29 (1).rtf,Marketization of health and social service organizations includes the ideas of privatizing funding streams and commercializing services.1 The use of competing private providers to provide health services was widely supported by the concept of new public manage
corpus,"the source document is defective. Needs a better export or OCR, not a reviewer",article unusable: no publication date (read '|Jan 2017 |'),article,articles/raw/usb-sept-2026/Aramark/ProQuestDocuments-2026-07-29 (1).rtf@699474,,,|Foodservice Director; New York | / ? / ANATOMY OF A RENOVATION,articles/raw/usb-sept-2026/Aramark/ProQuestDocuments-2026-07-29 (1).rtf,"Headnote DESIGN How The University of Chicago Medical Center juggled its priorities to overhaul a kitchen. BY DANA MORAN In 2014, the foodservice operations at The University of Chicago Medical Center got a major surprise. Two floors of its Center for Care and"
corpus,"the source document is defective. Needs a better export or OCR, not a reviewer",article unusable: no publication date (read '|Sep 2016 |'),article,articles/raw/usb-sept-2026/Aramark/ProQuestDocuments-2026-07-29 (1).rtf@2570644,,,|Foodservice Director; New York | / ? / THE VALUE OF VIDEOS,articles/raw/usb-sept-2026/Aramark/ProQuestDocuments-2026-07-29 (1).rtf,"Headnote Marketing and training on Snapchat, Instagram and YouTube. Getting likes and shares for Instagram, YouTube and Snapchat videos is cool, but not as important as using those platforms to create a sense of community among diners and staff, says Robert Fl"
corpus,"the source document is defective. Needs a better export or OCR, not a reviewer",article unusable: no publication date (read '|Winter 2017 |'),article,articles/raw/usb-sept-2026/Aramark/ProQuestDocuments-2026-07-29 (1).rtf@527481,,,|Radical Teacher; Brooklyn | / ? / ACDC Agency: Food Politics with Community College Students at Vassar,articles/raw/usb-sept-2026/Aramark/ProQuestDocuments-2026-07-29 (1).rtf,"Gastronomically Slumming It The food at ACDC, Vassar's All-College Dining Commons, stinks. At least it does during the summer. Not that it literally smells foul; it just doesn't taste very good and lacks nutritional value. The students in the Exploring Transfe"
corpus,"the source document is defective. Needs a better export or OCR, not a reviewer",article unusable: no publication date (read '|Winter 2017 |'),article,articles/raw/usb-sept-2026/Aramark/ProQuestDocuments-2026-07-29 (1).rtf@557564,,,"|Journal of American Folklore; Columbus | / ? / Eating behind Bars: On Punishment, Resistance, Policy, and Applied Folkloristics",articles/raw/usb-sept-2026/Aramark/ProQuestDocuments-2026-07-29 (1).rtf,"Headnote This essay examines diet, institutional control, and prisoner resistance and explores ways of improving the treatment of inmates for whom food is often a form of punishment. It addresses four questions: How does food contribute to the ""pains of impris"
corpus,"the source document is defective. Needs a better export or OCR, not a reviewer",article unusable: no publication date found,article,articles/raw/usb-sept-2026/compass/EBSCO-Metadata-07_29_2026 (1).docx@0,,,? / ? / EBSCO Export,articles/raw/usb-sept-2026/compass/EBSCO-Metadata-07_29_2026 (1).docx,Contents 50 results 1. A PUBLIC FACE: I. JOSEPH MASSOUD. Short Database Name buh Isi Type JOUR mid 30H Language eng Source Buyouts End page 20 Start page 18 Publication Date 20060821 Number of pages 3 Issue 17 Subjects Investments ; Compass Group PLC ; McKinse
corpus,"the source document is defective. Needs a better export or OCR, not a reviewer",article unusable: no publication date found,article,articles/raw/usb-sept-2026/compass/EBSCO-Metadata-07_29_2026.docx@0,,,? / ? / EBSCO Export,articles/raw/usb-sept-2026/compass/EBSCO-Metadata-07_29_2026.docx,Contents 50 results 1. Bridgepoint to Sell Vermaat to Compass in €1.5 Billion Deal. Short Database Name buh Isi Type JOUR mid B8G5 Language eng Source Bloomberg.com End page N.PAG Start page N.PAG Publication Date 20250723 Subjects Private equity ; Investment 
corpus,"the source document is defective. Needs a better export or OCR, not a reviewer",article unusable: no publication name found,article,articles/raw/usb-sept-2026/Aramark/ProQuestDocuments-2026-07-29 (1).rtf@2285728,,,? / 2016-09-11 / Companies advertise thousands of openings,articles/raw/usb-sept-2026/Aramark/ProQuestDocuments-2026-07-29 (1).rtf,"Summer is over, school is in session and businesses around the state are gearing up for more customers. Here are 90 companies, government entities and non-profit organizations collectively advertising more than 28,000 open positions across Arizona this month. "
corpus,"the source document is defective. Needs a better export or OCR, not a reviewer",article unusable: no publication name found,article,articles/raw/usb-sept-2026/Aramark/ProQuestDocuments-2026-07-29 (1).rtf@2923495,,,? / 2016-08-07 / Leftover Swipes: No Waste Here: Dining hall policies can be costly and confusing. Students take them on,articles/raw/usb-sept-2026/Aramark/ProQuestDocuments-2026-07-29 (1).rtf,_TVM:UNDEFINED_
corpus,"the source document is defective. Needs a better export or OCR, not a reviewer",article unusable: no publication name found,article,articles/raw/usb-sept-2026/Sodexho/ProQuestDocuments-2026-07-29.rtf@140353,,,"? / 2016-11-06 / After a Month in Limbo, a Connection",articles/raw/usb-sept-2026/Sodexho/ProQuestDocuments-2026-07-29.rtf,_TVM:UNDEFINED_
corpus,"the source document is defective. Needs a better export or OCR, not a reviewer",article unusable: no publication name found,article,articles/raw/usb-sept-2026/compass/EBSCO-Metadata-07_29_2026 (1).docx@0,,,? / ? / EBSCO Export,articles/raw/usb-sept-2026/compass/EBSCO-Metadata-07_29_2026 (1).docx,Contents 50 results 1. A PUBLIC FACE: I. JOSEPH MASSOUD. Short Database Name buh Isi Type JOUR mid 30H Language eng Source Buyouts End page 20 Start page 18 Publication Date 20060821 Number of pages 3 Issue 17 Subjects Investments ; Compass Group PLC ; McKinse
corpus,"the source document is defective. Needs a better export or OCR, not a reviewer",article unusable: no publication name found,article,articles/raw/usb-sept-2026/compass/EBSCO-Metadata-07_29_2026.docx@0,,,? / ? / EBSCO Export,articles/raw/usb-sept-2026/compass/EBSCO-Metadata-07_29_2026.docx,Contents 50 results 1. Bridgepoint to Sell Vermaat to Compass in €1.5 Billion Deal. Short Database Name buh Isi Type JOUR mid B8G5 Language eng Source Bloomberg.com End page N.PAG Start page N.PAG Publication Date 20250723 Subjects Private equity ; Investment 
